e	t	c	r2	u	s2	w	numerator	denominator
0	0	0	0	1	6	0	270	1
0	0	0	0	3	3	0	-7290	1
0	0	0	0	5	0	0	19683	1
0	0	0	1	1	5	0	-270	1
0	0	0	1	3	2	0	10935	2
0	0	0	2	1	4	0	-405	4
0	0	0	3	1	3	0	405	2
0	0	0	3	3	0	0	-3645	8
0	0	0	4	1	2	0	-135	2
0	0	0	6	1	0	0	135	64
0	0	1	0	0	7	0	90	1
0	0	1	0	2	4	0	-12150	1
0	0	1	0	4	1	0	65610	1
0	0	1	1	2	3	0	7290	1
0	0	1	2	0	5	0	-180	1
0	0	1	2	2	2	0	3645	2
0	0	1	3	0	4	0	135	1
0	0	1	3	2	1	0	-1215	1
0	0	1	4	0	3	0	-135	8
0	0	1	5	0	2	0	-45	4
0	0	1	6	0	1	0	45	16
0	0	2	0	1	5	0	-7740	1
0	0	2	0	3	2	0	119070	1
0	0	2	1	1	4	0	1980	1
0	0	2	1	3	1	0	13365	1
0	0	2	2	1	3	0	3195	1
0	0	2	3	1	2	0	-810	1
0	0	2	4	1	1	0	-315	2
0	0	3	0	0	6	0	-1590	1
0	0	3	0	2	3	0	130680	1
0	0	3	0	4	0	0	-7290	1
0	0	3	1	2	2	0	56970	1
0	0	3	2	0	4	0	650	1
0	0	3	2	2	1	0	6075	1
0	0	3	3	0	3	0	10	1
0	0	3	3	2	0	0	135	1
0	0	3	4	0	2	0	-15	8
0	0	3	5	0	1	0	-65	2
0	0	3	6	0	0	0	-5	16
0	0	4	0	1	4	0	51450	1
0	0	4	0	3	1	0	4050	1
0	0	4	1	1	3	0	47580	1
0	0	4	1	3	0	0	7695	2
0	0	4	2	1	2	0	60645	2
0	0	4	3	1	1	0	4425	2
0	0	4	4	1	0	0	-15	1
0	0	5	0	0	5	0	11106	1
0	0	5	0	2	2	0	71100	1
0	0	5	1	2	1	0	26910	1
0	0	5	2	0	3	0	13960	1
0	0	5	2	2	0	0	45	2
0	0	5	3	0	2	0	5400	1
0	0	5	4	0	1	0	4595	8
0	0	5	5	0	0	0	15	4
0	0	6	0	1	3	0	46680	1
0	0	6	0	3	0	0	5130	1
0	0	6	1	1	2	0	47280	1
0	0	6	2	1	1	0	9055	1
0	0	6	3	1	0	0	155	1
0	0	7	0	0	4	0	11250	1
0	0	7	0	2	1	0	25080	1
0	0	7	1	2	0	0	990	1
0	0	7	2	0	2	0	4820	1
0	0	7	3	0	1	0	790	1
0	0	7	4	0	0	0	35	8
0	0	8	0	1	2	0	27810	1
0	0	8	1	1	1	0	5730	1
0	0	8	2	1	0	0	355	4
0	0	9	0	0	3	0	8270	1
0	0	9	0	2	0	0	330	1
0	0	9	2	0	1	0	1180	1
0	0	9	3	0	0	0	65	1
0	0	10	0	1	1	0	4260	1
0	0	10	1	1	0	0	100	1
0	0	11	0	0	2	0	2910	1
0	0	11	2	0	0	0	50	1
0	0	12	0	1	0	0	150	1
0	0	13	0	0	1	0	630	1
0	1	1	0	1	5	0	-2160	1
0	1	1	0	3	2	0	116640	1
0	1	1	1	1	4	0	-4860	1
0	1	1	1	3	1	0	29160	1
0	1	1	2	1	3	0	5130	1
0	1	1	3	1	2	0	-405	1
0	1	1	4	1	1	0	-675	2
0	1	2	0	2	3	0	301320	1
0	1	2	1	0	5	0	-2160	1
0	1	2	1	2	2	0	204120	1
0	1	2	2	0	4	0	60	1
0	1	2	2	2	1	0	17010	1
0	1	2	3	0	3	0	1350	1
0	1	2	4	0	2	0	-315	1
0	1	2	5	0	1	0	-105	2
0	1	3	0	1	4	0	100080	1
0	1	3	0	3	1	0	77760	1
0	1	3	1	1	3	0	263160	1
0	1	3	1	3	0	0	9720	1
0	1	3	2	1	2	0	116730	1
0	1	3	3	1	1	0	9900	1
0	1	3	4	1	0	0	-45	2
0	1	4	0	2	2	0	420120	1
0	1	4	1	0	4	0	43920	1
0	1	4	1	2	1	0	118800	1
0	1	4	2	0	3	0	55920	1
0	1	4	2	2	0	0	2970	1
0	1	4	3	0	2	0	32130	1
0	1	4	4	0	1	0	2610	1
0	1	4	5	0	0	0	15	2
0	1	5	0	1	3	0	242400	1
0	1	5	0	3	0	0	12960	1
0	1	5	1	1	2	0	336480	1
0	1	5	2	1	1	0	62190	1
0	1	5	3	1	0	0	345	1
0	1	6	0	2	1	0	110520	1
0	1	6	1	0	3	0	49440	1
0	1	6	1	2	0	0	5400	1
0	1	6	2	0	2	0	35880	1
0	1	6	3	0	1	0	8650	1
0	1	6	4	0	0	0	185	1
0	1	7	0	1	2	0	130080	1
0	1	7	1	1	1	0	64200	1
0	1	7	2	1	0	0	2190	1
0	1	8	0	2	0	0	1320	1
0	1	8	1	0	2	0	24480	1
0	1	8	2	0	1	0	9840	1
0	1	8	3	0	0	0	430	1
0	1	9	0	1	1	0	20880	1
0	1	9	1	1	0	0	1500	1
0	1	10	1	0	1	0	6480	1
0	1	10	2	0	0	0	700	1
0	1	11	0	1	0	0	240	1
0	1	12	1	0	0	0	720	1
0	2	0	0	1	5	0	-3240	1
0	2	0	0	3	2	0	109350	1
0	2	0	1	1	4	0	-405	2
0	2	0	2	1	3	0	1620	1
0	2	0	2	3	0	0	10935	2
0	2	0	3	1	2	0	-405	4
0	2	0	5	1	0	0	-2025	32
0	2	1	0	2	3	0	430110	1
0	2	1	1	0	5	0	-1530	1
0	2	1	1	2	2	0	167670	1
0	2	1	2	0	4	0	540	1
0	2	1	2	2	1	0	69255	2
0	2	1	3	0	3	0	135	1
0	2	1	4	0	2	0	225	1
0	2	1	5	0	1	0	-945	8
0	2	2	0	1	4	0	180900	1
0	2	2	0	3	1	0	72900	1
0	2	2	1	1	3	0	385830	1
0	2	2	2	1	2	0	191835	1
0	2	2	3	1	1	0	34965	2
0	2	3	0	2	2	0	763830	1
0	2	3	1	0	4	0	56730	1
0	2	3	1	2	1	0	160380	1
0	2	3	2	0	3	0	133380	1
0	2	3	2	2	0	0	14985	2
0	2	3	3	0	2	0	63765	1
0	2	3	4	0	1	0	5385	1
0	2	3	5	0	0	0	585	8
0	2	4	0	1	3	0	603360	1
0	2	4	0	3	0	0	12150	1
0	2	4	1	1	2	0	825885	1
0	2	4	2	1	1	0	157230	1
0	2	4	3	1	0	0	9675	4
0	2	5	0	2	1	0	210330	1
0	2	5	1	0	3	0	101340	1
0	2	5	1	2	0	0	8910	1
0	2	5	2	0	2	0	143340	1
0	2	5	3	0	1	0	31665	1
0	2	5	4	0	0	0	390	1
0	2	6	0	1	2	0	376920	1
0	2	6	1	1	1	0	222270	1
0	2	6	2	1	0	0	7875	1
0	2	7	0	2	0	0	1170	1
0	2	7	1	0	2	0	65940	1
0	2	7	2	0	1	0	48300	1
0	2	7	3	0	0	0	2355	1
0	2	8	0	1	1	0	69480	1
0	2	8	1	1	0	0	8595	2
0	2	9	1	0	1	0	20670	1
0	2	9	2	0	0	0	4680	1
0	2	10	0	1	0	0	1380	1
0	2	11	1	0	0	0	2610	1
0	3	0	0	2	3	0	160380	1
0	3	0	1	2	2	0	69255	1
0	3	0	2	0	4	0	405	2
0	3	0	3	0	3	0	-270	1
0	3	0	3	2	0	0	10935	4
0	3	0	4	0	2	0	405	4
0	3	0	6	0	0	0	-135	32
0	3	1	0	1	4	0	127980	1
0	3	1	1	1	3	0	279450	1
0	3	1	2	1	2	0	102465	1
0	3	1	3	1	1	0	40095	2
0	3	2	0	0	5	0	5760	1
0	3	2	0	2	2	0	568620	1
0	3	2	1	0	4	0	47700	1
0	3	2	1	2	1	0	123930	1
0	3	2	2	0	3	0	130770	1
0	3	2	3	0	2	0	64935	1
0	3	2	4	0	1	0	13095	2
0	3	3	0	1	3	0	825120	1
0	3	3	1	1	2	0	1073250	1
0	3	3	2	1	1	0	175770	1
0	3	3	3	1	0	0	12825	2
0	3	4	0	0	4	0	36960	1
0	3	4	0	2	1	0	170100	1
0	3	4	1	0	3	0	157200	1
0	3	4	1	2	0	0	7695	1
0	3	4	2	0	2	0	248235	1
0	3	4	3	0	1	0	57900	1
0	3	4	4	0	0	0	4485	4
0	3	5	0	1	2	0	693720	1
0	3	5	1	1	1	0	399150	1
0	3	5	2	1	0	0	9765	1
0	3	6	0	0	3	0	44160	1
0	3	6	0	2	0	0	-540	1
0	3	6	1	0	2	0	139800	1
0	3	6	2	0	1	0	113290	1
0	3	6	3	0	0	0	5915	1
0	3	7	0	1	1	0	160320	1
0	3	7	1	1	0	0	10710	1
0	3	8	0	0	2	0	25920	1
0	3	8	1	0	1	0	56400	1
0	3	8	2	0	0	0	27485	2
0	3	9	0	1	0	0	5340	1
0	3	10	0	0	1	0	7680	1
0	3	10	1	0	0	0	8500	1
0	4	0	0	1	4	0	51030	1
0	4	0	1	1	3	0	53460	1
0	4	0	2	1	2	0	32805	1
0	4	0	4	1	0	0	10935	8
0	4	1	0	0	5	0	2160	1
0	4	1	0	2	2	0	174960	1
0	4	1	1	0	4	0	33210	1
0	4	1	1	2	1	0	36450	1
0	4	1	2	0	3	0	64260	1
0	4	1	3	0	2	0	51165	2
0	4	1	4	0	1	0	11475	2
0	4	2	0	1	3	0	654480	1
0	4	2	1	1	2	0	711180	1
0	4	2	2	1	1	0	134460	1
0	4	3	0	0	4	0	24120	1
0	4	3	0	2	1	0	58320	1
0	4	3	1	0	3	0	209160	1
0	4	3	1	2	0	0	2430	1
0	4	3	2	0	2	0	255510	1
0	4	3	3	0	1	0	51795	1
0	4	3	4	0	0	0	4005	2
0	4	4	0	1	2	0	808380	1
0	4	4	1	1	1	0	393660	1
0	4	4	2	1	0	0	13635	1
0	4	5	0	0	3	0	40800	1
0	4	5	1	0	2	0	255660	1
0	4	5	2	0	1	0	167760	1
0	4	5	3	0	0	0	13245	2
0	4	6	0	1	1	0	224640	1
0	4	6	1	1	0	0	16740	1
0	4	7	0	0	2	0	35760	1
0	4	7	1	0	1	0	137640	1
0	4	7	2	0	0	0	27030	1
0	4	8	0	1	0	0	8670	1
0	4	9	0	0	1	0	13680	1
0	4	9	1	0	0	0	24810	1
0	5	0	0	2	2	0	10935	1
0	5	0	1	0	4	0	8910	1
0	5	0	2	0	3	0	12555	1
0	5	0	2	2	0	0	10935	4
0	5	0	3	0	2	0	22275	4
0	5	0	5	0	0	0	5913	16
0	5	1	0	1	3	0	262440	1
0	5	1	1	1	2	0	225990	1
0	5	1	2	1	1	0	61965	1
0	5	2	0	0	4	0	6480	1
0	5	2	0	2	1	0	7290	1
0	5	2	1	0	3	0	137160	1
0	5	2	2	0	2	0	166725	1
0	5	2	3	0	1	0	70065	2
0	5	3	0	1	2	0	560520	1
0	5	3	1	1	1	0	228420	1
0	5	3	2	1	0	0	12555	1
0	5	4	0	0	3	0	28800	1
0	5	4	0	2	0	0	1215	1
0	5	4	1	0	2	0	268740	1
0	5	4	2	0	1	0	163845	1
0	5	4	3	0	0	0	29115	4
0	5	5	0	1	1	0	182520	1
0	5	5	1	1	0	0	12150	1
0	5	6	0	0	2	0	47520	1
0	5	6	1	0	1	0	211560	1
0	5	6	2	0	0	0	37035	1
0	5	7	0	1	0	0	8280	1
0	5	8	0	0	1	0	23040	1
0	5	8	1	0	0	0	45630	1
0	6	0	0	1	3	0	43740	1
0	6	0	1	1	2	0	32805	1
0	6	0	3	1	0	0	18225	4
0	6	1	0	0	4	0	11340	1
0	6	1	1	0	3	0	43740	1
0	6	1	2	0	2	0	51435	1
0	6	1	3	0	1	0	19440	1
0	6	2	0	1	2	0	199260	1
0	6	2	1	1	1	0	104490	1
0	6	3	0	0	3	0	41040	1
0	6	3	1	0	2	0	191700	1
0	6	3	2	0	1	0	95310	1
0	6	3	3	0	0	0	7020	1
0	6	4	0	1	1	0	79380	1
0	6	4	1	1	0	0	5265	1
0	6	5	0	0	2	0	76680	1
0	6	5	1	0	1	0	235620	1
0	6	5	2	0	0	0	31815	1
0	6	6	0	1	0	0	5940	1
0	6	7	0	0	1	0	39120	1
0	6	7	1	0	0	0	58860	1
0	7	0	1	0	3	0	9720	1
0	7	0	2	0	2	0	18225	2
0	7	0	4	0	0	0	10935	8
0	7	1	0	1	2	0	29160	1
0	7	1	1	1	1	0	36450	1
0	7	2	0	0	3	0	12960	1
0	7	2	1	0	2	0	103680	1
0	7	2	2	0	1	0	49815	1
0	7	3	0	1	1	0	19440	1
0	7	3	1	1	0	0	2430	1
0	7	4	0	0	2	0	56160	1
0	7	4	1	0	1	0	195480	1
0	7	4	2	0	0	0	48465	2
0	7	5	0	1	0	0	3240	1
0	7	6	0	0	1	0	33120	1
0	7	6	1	0	0	0	54000	1
0	8	0	0	1	2	0	10935	1
0	8	0	2	1	0	0	10935	4
0	8	1	1	0	2	0	24300	1
0	8	1	2	0	1	0	25515	1
0	8	2	0	1	1	0	7290	1
0	8	3	0	0	2	0	32400	1
0	8	3	1	0	1	0	100440	1
0	8	3	2	0	0	0	16605	1
0	8	4	0	1	0	0	1215	1
0	8	5	0	0	1	0	21600	1
0	8	5	1	0	0	0	30780	1
0	9	0	1	0	2	0	3645	1
0	9	0	3	0	0	0	10935	4
0	9	2	0	0	2	0	19440	1
0	9	2	1	0	1	0	51030	1
0	9	4	0	0	1	0	12960	1
0	9	4	1	0	0	0	16605	1
0	10	1	1	0	1	0	29160	1
0	10	3	1	0	0	0	9720	1
0	11	0	2	0	0	0	10935	2
1	0	0	0	0	7	0	-90	1
1	0	0	0	2	4	0	12150	1
1	0	0	0	4	1	0	-65610	1
1	0	0	1	2	3	0	-7290	1
1	0	0	2	0	5	0	180	1
1	0	0	2	2	2	0	-3645	2
1	0	0	3	0	4	0	-135	1
1	0	0	3	2	1	0	1215	1
1	0	0	4	0	3	0	135	8
1	0	0	5	0	2	0	45	4
1	0	0	6	0	1	0	-45	16
1	0	1	0	1	5	0	10080	1
1	0	1	0	3	2	0	-121500	1
1	0	1	1	1	4	0	-3960	1
1	0	1	1	3	1	0	2430	1
1	0	1	2	1	3	0	-3690	1
1	0	1	3	1	2	0	1620	1
1	0	1	4	1	1	0	-45	2
1	0	2	0	0	6	0	2610	1
1	0	2	0	2	3	0	-81000	1
1	0	2	0	4	0	0	21870	1
1	0	2	1	2	2	0	23490	1
1	0	2	2	0	4	0	-1590	1
1	0	2	2	2	1	0	1215	1
1	0	2	3	0	3	0	330	1
1	0	2	3	2	0	0	-405	1
1	0	2	4	0	2	0	405	8
1	0	2	5	0	1	0	15	2
1	0	2	6	0	0	0	15	16
1	0	3	0	1	4	0	-46320	1
1	0	3	0	3	1	0	61560	1
1	0	3	1	1	3	0	13800	1
1	0	3	1	3	0	0	-5670	1
1	0	3	2	1	2	0	10290	1
1	0	3	3	1	1	0	780	1
1	0	3	4	1	0	0	255	2
1	0	4	0	0	5	0	-8490	1
1	0	4	0	2	2	0	76500	1
1	0	4	1	2	1	0	-17910	1
1	0	4	2	0	3	0	-1000	1
1	0	4	2	2	0	0	1935	2
1	0	4	3	0	2	0	1680	1
1	0	4	4	0	1	0	6305	8
1	0	4	5	0	0	0	-35	4
1	0	5	0	1	3	0	59520	1
1	0	5	0	3	0	0	-17820	1
1	0	5	1	1	2	0	3960	1
1	0	5	2	1	1	0	5850	1
1	0	5	3	1	0	0	480	1
1	0	6	0	0	4	0	9970	1
1	0	6	0	2	1	0	-60360	1
1	0	6	1	2	0	0	-1170	1
1	0	6	2	0	2	0	6100	1
1	0	6	3	0	1	0	2590	1
1	0	6	4	0	0	0	515	8
1	0	7	0	1	2	0	-20640	1
1	0	7	1	1	1	0	-840	1
1	0	7	2	1	0	0	30	1
1	0	8	0	0	3	0	-4030	1
1	0	8	0	2	0	0	-1050	1
1	0	8	2	0	1	0	100	1
1	0	8	3	0	0	0	15	1
1	0	9	0	1	1	0	-2400	1
1	0	9	1	1	0	0	-160	1
1	0	10	0	0	2	0	-90	1
1	0	10	2	0	0	0	50	1
1	0	11	0	1	0	0	-240	1
1	0	12	0	0	1	0	-190	1
1	1	0	0	1	5	0	-1080	1
1	1	0	0	3	2	0	58320	1
1	1	0	1	1	4	0	-2430	1
1	1	0	1	3	1	0	14580	1
1	1	0	2	1	3	0	2565	1
1	1	0	3	1	2	0	-405	2
1	1	0	4	1	1	0	-675	4
1	1	1	0	2	3	0	140940	1
1	1	1	1	0	5	0	540	1
1	1	1	1	2	2	0	43740	1
1	1	1	2	0	4	0	870	1
1	1	1	2	2	1	0	6075	1
1	1	1	3	0	3	0	-1215	1
1	1	1	4	0	2	0	585	2
1	1	1	5	0	1	0	15	1
1	1	2	0	1	4	0	28080	1
1	1	2	0	3	1	0	-116640	1
1	1	2	1	1	3	0	20520	1
1	1	2	1	3	0	0	-14580	1
1	1	2	2	1	2	0	21195	1
1	1	2	3	1	1	0	5535	1
1	1	2	4	1	0	0	1215	4
1	1	3	0	2	2	0	-243540	1
1	1	3	1	0	4	0	-1980	1
1	1	3	1	2	1	0	-102600	1
1	1	3	2	0	3	0	-9000	1
1	1	3	2	2	0	0	-135	1
1	1	3	3	0	2	0	5445	1
1	1	3	4	0	1	0	2835	1
1	1	4	0	1	3	0	6960	1
1	1	4	0	3	0	0	-45360	1
1	1	4	1	1	2	0	-35220	1
1	1	4	2	1	1	0	6795	1
1	1	4	3	1	0	0	2175	2
1	1	5	0	2	1	0	-264060	1
1	1	5	1	0	3	0	2520	1
1	1	5	1	2	0	0	-10260	1
1	1	5	2	0	2	0	19860	1
1	1	5	3	0	1	0	11715	1
1	1	5	4	0	0	0	705	2
1	1	6	0	1	2	0	-94080	1
1	1	6	1	1	1	0	-23640	1
1	1	6	2	1	0	0	-795	1
1	1	7	0	2	0	0	-9660	1
1	1	7	1	0	2	0	-1080	1
1	1	7	2	0	1	0	1080	1
1	1	7	3	0	0	0	375	1
1	1	8	0	1	1	0	-31800	1
1	1	8	1	1	0	0	-1470	1
1	1	9	1	0	1	0	-180	1
1	1	9	2	0	0	0	-10	1
1	1	10	0	1	0	0	-240	1
1	1	11	1	0	0	0	180	1
1	2	0	0	2	3	0	51030	1
1	2	0	1	0	5	0	1260	1
1	2	0	1	2	2	0	7290	1
1	2	0	2	0	4	0	270	1
1	2	0	2	2	1	0	-3645	2
1	2	0	3	0	3	0	-945	1
1	2	0	4	0	2	0	225	2
1	2	0	5	0	1	0	135	2
1	2	1	0	1	4	0	2700	1
1	2	1	0	3	1	0	-145800	1
1	2	1	1	1	3	0	270	1
1	2	1	2	1	2	0	4725	1
1	2	1	3	1	1	0	7425	2
1	2	2	0	2	2	0	-614790	1
1	2	2	1	0	4	0	-7560	1
1	2	2	1	2	1	0	-131220	1
1	2	2	2	0	3	0	-12960	1
1	2	2	2	2	0	0	-8505	2
1	2	2	3	0	2	0	3915	1
1	2	2	4	0	1	0	2565	1
1	2	2	5	0	0	0	405	4
1	2	3	0	1	3	0	-67680	1
1	2	3	0	3	0	0	-48600	1
1	2	3	1	1	2	0	-154530	1
1	2	3	2	1	1	0	-17370	1
1	2	3	3	1	0	0	2655	2
1	2	4	0	2	1	0	-560790	1
1	2	4	1	0	3	0	11400	1
1	2	4	1	2	0	0	-25110	1
1	2	4	2	0	2	0	27060	1
1	2	4	3	0	1	0	19605	1
1	2	4	4	0	0	0	1305	2
1	2	5	0	1	2	0	-340200	1
1	2	5	1	1	1	0	-148230	1
1	2	5	2	1	0	0	-3195	1
1	2	6	0	2	0	0	-13050	1
1	2	6	1	0	2	0	-5280	1
1	2	6	2	0	1	0	-2880	1
1	2	6	3	0	0	0	945	1
1	2	7	0	1	1	0	-129600	1
1	2	7	1	1	0	0	-6630	1
1	2	8	1	0	1	0	300	1
1	2	8	2	0	0	0	30	1
1	2	9	0	1	0	0	-2820	1
1	2	10	1	0	0	0	-120	1
1	3	0	0	1	4	0	12960	1
1	3	0	1	1	3	0	-9720	1
1	3	0	2	1	2	0	-1620	1
1	3	1	0	0	5	0	2520	1
1	3	1	0	2	2	0	-437400	1
1	3	1	1	0	4	0	2340	1
1	3	1	1	2	1	0	-102060	1
1	3	1	2	0	3	0	-6930	1
1	3	1	3	0	2	0	-1485	1
1	3	1	4	0	1	0	1485	1
1	3	2	0	1	3	0	-51840	1
1	3	2	1	1	2	0	-257580	1
1	3	2	2	1	1	0	-37260	1
1	3	2	3	1	0	0	-405	1
1	3	3	0	0	4	0	9480	1
1	3	3	0	2	1	0	-447120	1
1	3	3	1	0	3	0	32880	1
1	3	3	1	2	0	0	-21060	1
1	3	3	2	0	2	0	39630	1
1	3	3	3	0	1	0	12390	1
1	3	3	4	0	0	0	555	1
1	3	4	0	1	2	0	-551520	1
1	3	4	1	1	1	0	-313920	1
1	3	4	2	1	0	0	-2520	1
1	3	5	0	0	3	0	-13200	1
1	3	5	0	2	0	0	3240	1
1	3	5	1	0	2	0	5400	1
1	3	5	2	0	1	0	-11430	1
1	3	5	3	0	0	0	615	1
1	3	6	0	1	1	0	-310080	1
1	3	6	1	1	0	0	-17820	1
1	3	7	0	0	2	0	-4080	1
1	3	7	1	0	1	0	11760	1
1	3	7	2	0	0	0	-2070	1
1	3	8	0	1	0	0	-13440	1
1	3	9	0	0	1	0	-2760	1
1	3	9	1	0	0	0	-1180	1
1	4	0	0	0	5	0	-1350	1
1	4	0	0	2	2	0	-109350	1
1	4	0	1	0	4	0	3240	1
1	4	0	1	2	1	0	-14580	1
1	4	0	2	0	3	0	-135	2
1	4	0	3	0	2	0	-1755	2
1	4	0	4	0	1	0	135	1
1	4	1	0	1	3	0	-59940	1
1	4	1	1	1	2	0	-112590	1
1	4	1	2	1	1	0	-33210	1
1	4	2	0	0	4	0	1890	1
1	4	2	0	2	1	0	-131220	1
1	4	2	1	0	3	0	56160	1
1	4	2	2	0	2	0	122175	2
1	4	2	3	0	1	0	6075	1
1	4	3	0	1	2	0	-507060	1
1	4	3	1	1	1	0	-289980	1
1	4	3	2	1	0	0	-5130	1
1	4	4	0	0	3	0	660	1
1	4	4	0	2	0	0	7290	1
1	4	4	1	0	2	0	40560	1
1	4	4	2	0	1	0	3735	2
1	4	4	3	0	0	0	-2235	2
1	4	5	0	1	1	0	-439020	1
1	4	5	1	1	0	0	-25110	1
1	4	6	0	0	2	0	21300	1
1	4	6	1	0	1	0	58080	1
1	4	6	2	0	0	0	-10095	2
1	4	7	0	1	0	0	-23100	1
1	4	8	0	0	1	0	690	1
1	4	8	1	0	0	0	-4440	1
1	5	0	1	1	2	0	-29160	1
1	5	0	2	1	1	0	-7290	1
1	5	1	0	0	4	0	6480	1
1	5	1	0	2	1	0	-14580	1
1	5	1	1	0	3	0	38340	1
1	5	1	2	0	2	0	46440	1
1	5	1	3	0	1	0	4455	1
1	5	2	0	1	2	0	-252720	1
1	5	2	1	1	1	0	-145800	1
1	5	2	2	1	0	0	-4860	1
1	5	3	0	0	3	0	18720	1
1	5	3	0	2	0	0	-4860	1
1	5	3	1	0	2	0	114660	1
1	5	3	2	0	1	0	26640	1
1	5	3	3	0	0	0	-1035	1
1	5	4	0	1	1	0	-358560	1
1	5	4	1	1	0	0	-19440	1
1	5	5	0	0	2	0	60480	1
1	5	5	1	0	1	0	153900	1
1	5	5	2	0	0	0	-2520	1
1	5	6	0	1	0	0	-22320	1
1	5	7	0	0	1	0	4320	1
1	5	7	1	0	0	0	-11220	1
1	6	0	0	0	4	0	-1620	1
1	6	0	1	0	3	0	14580	1
1	6	0	2	0	2	0	12960	1
1	6	0	3	0	1	0	1215	2
1	6	1	0	1	2	0	-63180	1
1	6	1	1	1	1	0	-48600	1
1	6	2	0	0	3	0	6480	1
1	6	2	1	0	2	0	134460	1
1	6	2	2	0	1	0	34020	1
1	6	2	3	0	0	0	405	2
1	6	3	0	1	1	0	-152280	1
1	6	3	1	1	0	0	-6480	1
1	6	4	0	0	2	0	76680	1
1	6	4	1	0	1	0	225900	1
1	6	4	2	0	0	0	3060	1
1	6	5	0	1	0	0	-17820	1
1	6	6	0	0	1	0	-8880	1
1	6	6	1	0	0	0	-20700	1
1	7	0	0	1	2	0	14580	1
1	7	0	1	1	1	0	-14580	1
1	7	1	0	0	3	0	12960	1
1	7	1	1	0	2	0	59940	1
1	7	1	2	0	1	0	24300	1
1	7	2	0	1	1	0	-29160	1
1	7	3	0	0	2	0	73440	1
1	7	3	1	0	1	0	193320	1
1	7	3	2	0	0	0	5940	1
1	7	4	0	1	0	0	-11340	1
1	7	5	0	0	1	0	-12960	1
1	7	5	1	0	0	0	-28620	1
1	8	0	1	0	2	0	12150	1
1	8	0	2	0	1	0	7290	1
1	8	1	0	1	1	0	-14580	1
1	8	2	0	0	2	0	48600	1
1	8	2	1	0	1	0	102060	1
1	8	2	2	0	0	0	4860	1
1	8	3	0	1	0	0	-4860	1
1	8	4	0	0	1	0	-10800	1
1	8	4	1	0	0	0	-23490	1
1	9	1	0	0	2	0	19440	1
1	9	1	1	0	1	0	43740	1
1	9	3	0	0	1	0	-12960	1
1	9	3	1	0	0	0	-17820	1
1	10	0	1	0	1	0	14580	1
1	10	2	1	0	0	0	-14580	1
2	0	0	0	1	5	0	-6390	1
2	0	0	0	3	2	0	89910	1
2	0	0	1	1	4	0	1980	1
2	0	0	1	3	1	0	6075	1
2	0	0	2	1	3	0	2520	1
2	0	0	3	1	2	0	-810	1
2	0	0	4	1	1	0	-585	8
2	0	1	0	0	6	0	-2340	1
2	0	1	0	2	3	0	141750	1
2	0	1	0	4	0	0	-21870	1
2	0	1	1	2	2	0	8100	1
2	0	1	2	0	4	0	1905	1
2	0	1	2	2	1	0	-1215	2
2	0	1	3	0	3	0	-690	1
2	0	1	3	2	0	0	405	1
2	0	1	4	0	2	0	-45	4
2	0	1	5	0	1	0	15	1
2	0	1	6	0	0	0	-15	16
2	0	2	0	1	4	0	81090	1
2	0	2	0	3	1	0	-150660	1
2	0	2	1	1	3	0	-6120	1
2	0	2	1	3	0	0	1215	1
2	0	2	2	1	2	0	-7065	1
2	0	2	3	1	1	0	1800	1
2	0	2	4	1	0	0	225	8
2	0	3	0	0	5	0	19560	1
2	0	3	0	2	2	0	-272610	1
2	0	3	1	2	1	0	-17640	1
2	0	3	2	0	3	0	-4440	1
2	0	3	2	2	0	0	-2925	2
2	0	3	3	0	2	0	-780	1
2	0	3	4	0	1	0	275	2
2	0	3	5	0	0	0	5	1
2	0	4	0	1	3	0	-140460	1
2	0	4	0	3	0	0	21870	1
2	0	4	1	1	2	0	-28080	1
2	0	4	2	1	1	0	-13470	1
2	0	5	0	0	4	0	-28140	1
2	0	5	0	2	1	0	52290	1
2	0	5	1	2	0	0	-4860	1
2	0	5	2	0	2	0	-9990	1
2	0	5	3	0	1	0	-1050	1
2	0	5	4	0	0	0	15	4
2	0	6	0	1	2	0	32340	1
2	0	6	1	1	1	0	-15960	1
2	0	6	2	1	0	0	-145	1
2	0	7	0	0	3	0	9840	1
2	0	7	0	2	0	0	-150	1
2	0	7	2	0	1	0	-80	1
2	0	7	3	0	0	0	-40	1
2	0	8	0	1	1	0	-12510	1
2	0	8	1	1	0	0	180	1
2	0	9	0	0	2	0	-700	1
2	0	9	2	0	0	0	-195	1
2	0	10	0	1	0	0	-150	1
2	0	11	0	0	1	0	680	1
2	1	0	0	2	3	0	-4860	1
2	1	0	1	0	5	0	810	1
2	1	0	1	2	2	0	-29160	1
2	1	0	2	0	4	0	420	1
2	1	0	2	2	1	0	-1215	1
2	1	0	3	0	3	0	-945	1
2	1	0	4	0	2	0	225	1
2	1	0	5	0	1	0	165	8
2	1	1	0	1	4	0	-11340	1
2	1	1	1	1	3	0	-31050	1
2	1	1	2	1	2	0	-14715	1
2	1	1	3	1	1	0	-4995	2
2	1	1	4	1	0	0	135	2
2	1	2	0	2	2	0	-157140	1
2	1	2	1	0	4	0	2430	1
2	1	2	1	2	1	0	-25920	1
2	1	2	2	0	3	0	-1620	1
2	1	2	2	2	0	0	-2835	1
2	1	2	3	0	2	0	-7695	1
2	1	2	4	0	1	0	-135	1
2	1	2	5	0	0	0	135	8
2	1	3	0	1	3	0	-28320	1
2	1	3	0	3	0	0	51840	1
2	1	3	1	1	2	0	-105690	1
2	1	3	2	1	1	0	-31590	1
2	1	3	3	1	0	0	-3585	2
2	1	4	0	2	1	0	138780	1
2	1	4	1	0	3	0	-540	1
2	1	4	1	2	0	0	-5400	1
2	1	4	2	0	2	0	-21180	1
2	1	4	3	0	1	0	-9495	1
2	1	4	4	0	0	0	30	1
2	1	5	0	1	2	0	-25560	1
2	1	5	1	1	1	0	-80910	1
2	1	5	2	1	0	0	-2655	1
2	1	6	0	2	0	0	24180	1
2	1	6	1	0	2	0	-9540	1
2	1	6	2	0	1	0	-5340	1
2	1	6	3	0	0	0	-985	1
2	1	7	0	1	1	0	-10560	1
2	1	7	1	1	0	0	-1230	1
2	1	8	1	0	1	0	6930	1
2	1	8	2	0	0	0	-1080	1
2	1	9	0	1	0	0	-1020	1
2	1	10	1	0	0	0	-90	1
2	2	0	0	1	4	0	-1350	1
2	2	0	0	3	1	0	72900	1
2	2	0	1	1	3	0	1485	1
2	2	0	2	1	2	0	-12825	2
2	2	0	3	1	1	0	-10665	4
2	2	1	0	2	2	0	-55890	1
2	2	1	1	0	4	0	10980	1
2	2	1	2	0	3	0	5265	1
2	2	1	2	2	0	0	-6075	2
2	2	1	3	0	2	0	-12285	2
2	2	1	4	0	1	0	-4545	4
2	2	1	5	0	0	0	675	8
2	2	2	0	1	3	0	-5400	1
2	2	2	0	3	0	0	72900	1
2	2	2	1	1	2	0	-118935	1
2	2	2	2	1	1	0	-40365	1
2	2	2	3	1	0	0	-10395	4
2	2	3	0	2	1	0	460620	1
2	2	3	1	0	3	0	25320	1
2	2	3	1	2	0	0	25920	1
2	2	3	2	0	2	0	5865	1
2	2	3	3	0	1	0	-18825	1
2	2	3	4	0	0	0	-1875	4
2	2	4	0	1	2	0	37260	1
2	2	4	1	1	1	0	-72585	1
2	2	4	2	1	0	0	-9765	2
2	2	5	0	2	0	0	48870	1
2	2	5	1	0	2	0	19440	1
2	2	5	2	0	1	0	-10485	1
2	2	5	3	0	0	0	-4545	2
2	2	6	0	1	1	0	27720	1
2	2	6	1	1	0	0	915	1
2	2	7	1	0	1	0	21720	1
2	2	7	2	0	0	0	-2565	1
2	2	8	0	1	0	0	-630	1
2	2	9	1	0	0	0	-660	1
2	3	0	0	0	5	0	-180	1
2	3	0	1	0	4	0	180	1
2	3	0	1	2	1	0	21870	1
2	3	0	2	0	3	0	4545	1
2	3	0	3	0	2	0	-270	1
2	3	0	4	0	1	0	-1485	2
2	3	1	0	1	3	0	-9720	1
2	3	1	1	1	2	0	-21870	1
2	3	1	2	1	1	0	-15390	1
2	3	1	3	1	0	0	-405	2
2	3	2	0	0	4	0	-180	1
2	3	2	0	2	1	0	408240	1
2	3	2	1	0	3	0	52200	1
2	3	2	1	2	0	0	31590	1
2	3	2	2	0	2	0	64755	1
2	3	2	3	0	1	0	-6300	1
2	3	2	4	0	0	0	-1395	2
2	3	3	0	1	2	0	171000	1
2	3	3	1	1	1	0	-1260	1
2	3	3	2	1	0	0	3150	1
2	3	4	0	0	3	0	21720	1
2	3	4	0	2	0	0	6480	1
2	3	4	1	0	2	0	94320	1
2	3	4	2	0	1	0	26535	1
2	3	4	3	0	0	0	-2970	1
2	3	5	0	1	1	0	145080	1
2	3	5	1	1	0	0	2970	1
2	3	6	0	0	2	0	43320	1
2	3	6	1	0	1	0	66840	1
2	3	6	2	0	0	0	-2395	1
2	3	7	0	1	0	0	8520	1
2	3	8	0	0	1	0	3420	1
2	3	8	1	0	0	0	-2340	1
2	4	0	0	1	3	0	25110	1
2	4	0	1	1	2	0	-15390	1
2	4	0	2	1	1	0	-2025	2
2	4	1	0	0	4	0	6480	1
2	4	1	0	2	1	0	87480	1
2	4	1	1	0	3	0	40230	1
2	4	1	1	2	0	0	-7290	1
2	4	1	2	0	2	0	55350	1
2	4	1	3	0	1	0	11205	2
2	4	1	4	0	0	0	135	2
2	4	2	0	1	2	0	206550	1
2	4	2	1	1	1	0	4860	1
2	4	2	2	1	0	0	6885	2
2	4	3	0	0	3	0	25680	1
2	4	3	0	2	0	0	-29160	1
2	4	3	1	0	2	0	185550	1
2	4	3	2	0	1	0	77760	1
2	4	3	3	0	0	0	-4305	2
2	4	4	0	1	1	0	237330	1
2	4	4	1	1	0	0	-2430	1
2	4	5	0	0	2	0	64080	1
2	4	5	1	0	1	0	191250	1
2	4	5	2	0	0	0	3690	1
2	4	6	0	1	0	0	19650	1
2	4	7	0	0	1	0	-2640	1
2	4	7	1	0	0	0	-8070	1
2	5	0	0	0	4	0	1620	1
2	5	0	0	2	1	0	7290	1
2	5	0	1	0	3	0	11610	1
2	5	0	2	0	2	0	15255	1
2	5	0	3	0	1	0	3645	2
2	5	1	0	1	2	0	48600	1
2	5	1	1	1	1	0	21870	1
2	5	1	2	1	0	0	-6075	1
2	5	2	0	0	3	0	4320	1
2	5	2	0	2	0	0	7290	1
2	5	2	1	0	2	0	194130	1
2	5	2	2	0	1	0	71010	1
2	5	2	3	0	0	0	-135	2
2	5	3	0	1	1	0	192240	1
2	5	3	1	1	0	0	7290	1
2	5	4	0	0	2	0	89640	1
2	5	4	1	0	1	0	279630	1
2	5	4	2	0	0	0	17055	1
2	5	5	0	1	0	0	18360	1
2	5	6	0	0	1	0	-14400	1
2	5	6	1	0	0	0	-23610	1
2	6	0	0	1	2	0	17010	1
2	6	0	1	1	1	0	-1215	1
2	6	1	0	0	3	0	24300	1
2	6	1	1	0	2	0	96390	1
2	6	1	2	0	1	0	39690	1
2	6	1	3	0	0	0	405	1
2	6	2	0	1	1	0	82620	1
2	6	2	1	1	0	0	6075	1
2	6	3	0	0	2	0	117180	1
2	6	3	1	0	1	0	266940	1
2	6	3	2	0	0	0	17910	1
2	6	4	0	1	0	0	17010	1
2	6	5	0	0	1	0	-27900	1
2	6	5	1	0	0	0	-40770	1
2	7	0	0	0	3	0	3240	1
2	7	0	1	0	2	0	25920	1
2	7	0	2	0	1	0	13365	1
2	7	1	1	1	0	0	-7290	1
2	7	2	0	0	2	0	55080	1
2	7	2	1	0	1	0	181440	1
2	7	2	2	0	0	0	11745	1
2	7	3	0	1	0	0	12960	1
2	7	4	0	0	1	0	-33480	1
2	7	4	1	0	0	0	-43200	1
2	8	0	0	1	1	0	7290	1
2	8	1	0	0	2	0	24300	1
2	8	1	1	0	1	0	63180	1
2	8	1	2	0	0	0	6075	1
2	8	2	0	1	0	0	7290	1
2	8	3	0	0	1	0	-27000	1
2	8	3	1	0	0	0	-24300	1
2	9	0	0	0	2	0	4860	1
2	9	0	1	0	1	0	14580	1
2	9	2	0	0	1	0	-9720	1
2	9	2	1	0	0	0	-9720	1
3	0	0	0	0	6	0	1050	1
3	0	0	0	2	3	0	-52920	1
3	0	0	0	4	0	0	7290	1
3	0	0	1	2	2	0	-8370	1
3	0	0	2	0	4	0	-560	1
3	0	0	2	2	1	0	-1215	1
3	0	0	3	0	3	0	80	1
3	0	0	3	2	0	0	-135	1
3	0	0	4	0	2	0	105	8
3	0	0	5	0	1	0	10	1
3	0	0	6	0	0	0	5	16
3	0	1	0	1	4	0	-58920	1
3	0	1	0	3	1	0	100440	1
3	0	1	1	1	3	0	-3210	1
3	0	1	1	3	0	0	-810	1
3	0	1	2	1	2	0	-2355	1
3	0	1	3	1	1	0	-3255	2
3	0	1	4	1	0	0	105	4
3	0	2	0	0	5	0	-18180	1
3	0	2	0	2	2	0	233460	1
3	0	2	1	2	1	0	3060	1
3	0	2	2	0	3	0	3470	1
3	0	2	2	2	0	0	180	1
3	0	2	3	0	2	0	-1440	1
3	0	2	4	0	1	0	-925	4
3	0	3	0	1	3	0	199440	1
3	0	3	0	3	0	0	-11880	1
3	0	3	1	1	2	0	1110	1
3	0	3	2	1	1	0	1390	1
3	0	3	3	1	0	0	-5	2
3	0	4	0	0	4	0	56430	1
3	0	4	0	2	1	0	-45120	1
3	0	4	1	2	0	0	9630	1
3	0	4	2	0	2	0	6830	1
3	0	4	3	0	1	0	-1040	1
3	0	4	4	0	0	0	-895	8
3	0	5	0	1	2	0	-72000	1
3	0	5	1	1	1	0	12210	1
3	0	5	2	1	0	0	-635	1
3	0	6	0	0	3	0	-16920	1
3	0	6	0	2	0	0	5700	1
3	0	6	2	0	1	0	-1510	1
3	0	6	3	0	0	0	-80	1
3	0	7	0	1	1	0	23280	1
3	0	7	1	1	0	0	-510	1
3	0	8	0	0	2	0	16470	1
3	0	8	2	0	0	0	90	1
3	0	9	0	1	0	0	360	1
3	0	10	0	0	1	0	-420	1
3	1	0	0	1	4	0	-180	1
3	1	0	0	3	1	0	38880	1
3	1	0	1	1	3	0	12240	1
3	1	0	1	3	0	0	4860	1
3	1	0	2	1	2	0	1935	1
3	1	0	3	1	1	0	-1395	1
3	1	0	4	1	0	0	-45	1
3	1	1	0	2	2	0	35100	1
3	1	1	1	0	4	0	4140	1
3	1	1	1	2	1	0	30240	1
3	1	1	2	0	3	0	5550	1
3	1	1	2	2	0	0	1485	1
3	1	1	3	0	2	0	1080	1
3	1	1	4	0	1	0	-1305	2
3	1	1	5	0	0	0	15	4
3	1	2	0	1	3	0	16800	1
3	1	2	0	3	0	0	-12960	1
3	1	2	1	1	2	0	26940	1
3	1	2	2	1	1	0	8010	1
3	1	2	3	1	0	0	-750	1
3	1	3	0	2	1	0	88920	1
3	1	3	1	0	3	0	27840	1
3	1	3	1	2	0	0	25920	1
3	1	3	2	0	2	0	30270	1
3	1	3	3	0	1	0	-1520	1
3	1	3	4	0	0	0	-695	2
3	1	4	0	1	2	0	57720	1
3	1	4	1	1	1	0	86520	1
3	1	4	2	1	0	0	1335	1
3	1	5	0	2	0	0	-19380	1
3	1	5	1	0	2	0	47160	1
3	1	5	2	0	1	0	4410	1
3	1	5	3	0	0	0	-200	1
3	1	6	0	1	1	0	38400	1
3	1	6	1	1	0	0	1980	1
3	1	7	1	0	1	0	12960	1
3	1	7	2	0	0	0	90	1
3	1	8	0	1	0	0	2460	1
3	1	9	1	0	0	0	60	1
3	2	0	0	2	2	0	16200	1
3	2	0	1	0	4	0	-1830	1
3	2	0	1	2	1	0	14580	1
3	2	0	2	0	3	0	675	1
3	2	0	2	2	0	0	5265	1
3	2	0	3	0	2	0	2655	1
3	2	0	4	0	1	0	-2145	4
3	2	0	5	0	0	0	-45	8
3	2	1	0	1	3	0	6840	1
3	2	1	0	3	0	0	-48600	1
3	2	1	1	1	2	0	27180	1
3	2	1	2	1	1	0	23940	1
3	2	1	3	1	0	0	1260	1
3	2	2	0	2	1	0	-47520	1
3	2	2	1	0	3	0	30240	1
3	2	2	1	2	0	0	-1620	1
3	2	2	2	0	2	0	61185	1
3	2	2	3	0	1	0	10590	1
3	2	2	4	0	0	0	-1065	4
3	2	3	0	1	2	0	98280	1
3	2	3	1	1	1	0	84480	1
3	2	3	2	1	0	0	9000	1
3	2	4	0	2	0	0	-77400	1
3	2	4	1	0	2	0	73140	1
3	2	4	2	0	1	0	42405	1
3	2	4	3	0	0	0	1095	1
3	2	5	0	1	1	0	73800	1
3	2	5	1	1	0	0	1620	1
3	2	6	1	0	1	0	29520	1
3	2	6	2	0	0	0	4695	1
3	2	7	0	1	0	0	5400	1
3	2	8	1	0	0	0	-510	1
3	3	0	0	1	3	0	9180	1
3	3	0	1	1	2	0	810	1
3	3	0	2	1	1	0	-2835	1
3	3	0	3	1	0	0	6615	2
3	3	1	0	0	4	0	2280	1
3	3	1	0	2	1	0	-155520	1
3	3	1	1	0	3	0	15420	1
3	3	1	1	2	0	0	-30780	1
3	3	1	2	0	2	0	26310	1
3	3	1	3	0	1	0	15585	1
3	3	1	4	0	0	0	510	1
3	3	2	0	1	2	0	53100	1
3	3	2	1	1	1	0	19620	1
3	3	2	2	1	0	0	-3285	1
3	3	3	0	0	3	0	25920	1
3	3	3	0	2	0	0	-47520	1
3	3	3	1	0	2	0	75900	1
3	3	3	2	0	1	0	68140	1
3	3	3	3	0	0	0	3395	1
3	3	4	0	1	1	0	23700	1
3	3	4	1	1	0	0	4770	1
3	3	5	0	0	2	0	29520	1
3	3	5	1	0	1	0	65940	1
3	3	5	2	0	0	0	9070	1
3	3	6	0	1	0	0	420	1
3	3	7	0	0	1	0	-7680	1
3	3	7	1	0	0	0	-3660	1
3	4	0	0	0	4	0	-900	1
3	4	0	0	2	1	0	-14580	1
3	4	0	1	0	3	0	5490	1
3	4	0	1	2	0	0	4860	1
3	4	0	2	0	2	0	4095	1
3	4	0	3	0	1	0	1845	2
3	4	0	4	0	0	0	1935	2
3	4	1	0	1	2	0	-40500	1
3	4	1	1	1	1	0	43740	1
3	4	1	2	1	0	0	-9585	1
3	4	2	0	0	3	0	6720	1
3	4	2	0	2	0	0	43740	1
3	4	2	1	0	2	0	110190	1
3	4	2	2	0	1	0	52290	1
3	4	2	3	0	0	0	1605	2
3	4	3	0	1	1	0	-31320	1
3	4	3	1	1	0	0	23220	1
3	4	4	0	0	2	0	51960	1
3	4	4	1	0	1	0	128910	1
3	4	4	2	0	0	0	12675	1
3	4	5	0	1	0	0	-9780	1
3	4	6	0	0	1	0	-14880	1
3	4	6	1	0	0	0	-18990	1
3	5	0	0	1	2	0	-6480	1
3	5	0	1	1	1	0	4860	1
3	5	0	2	1	0	0	9315	1
3	5	1	0	0	3	0	4680	1
3	5	1	0	2	0	0	-4860	1
3	5	1	1	0	2	0	83340	1
3	5	1	2	0	1	0	46080	1
3	5	1	3	0	0	0	855	1
3	5	2	0	1	1	0	-17280	1
3	5	2	1	1	0	0	9720	1
3	5	3	0	0	2	0	72360	1
3	5	3	1	0	1	0	171240	1
3	5	3	2	0	0	0	16560	1
3	5	4	0	1	0	0	-7920	1
3	5	5	0	0	1	0	-32040	1
3	5	5	1	0	0	0	-34740	1
3	6	0	0	0	3	0	1080	1
3	6	0	1	0	2	0	29430	1
3	6	0	2	0	1	0	16875	1
3	6	0	3	0	0	0	6615	2
3	6	1	0	1	1	0	-25920	1
3	6	1	1	1	0	0	-13770	1
3	6	2	0	0	2	0	49680	1
3	6	2	1	0	1	0	162900	1
3	6	2	2	0	0	0	11925	1
3	6	3	0	1	0	0	-8640	1
3	6	4	0	0	1	0	-35400	1
3	6	4	1	0	0	0	-37530	1
3	7	0	0	1	1	0	9720	1
3	7	0	1	1	0	0	4860	1
3	7	1	0	0	2	0	28080	1
3	7	1	1	0	1	0	83160	1
3	7	1	2	0	0	0	7560	1
3	7	2	0	1	0	0	-3240	1
3	7	3	0	0	1	0	-10080	1
3	7	3	1	0	0	0	-18360	1
3	8	0	0	0	2	0	4050	1
3	8	0	1	0	1	0	18630	1
3	8	0	2	0	0	0	5265	1
3	8	1	0	1	0	0	-4860	1
3	8	2	0	0	1	0	2700	1
3	8	2	1	0	0	0	810	1
3	9	1	0	0	1	0	6480	1
3	9	1	1	0	0	0	6480	1
3	10	0	1	0	0	0	4860	1
4	0	0	0	1	4	0	16440	1
4	0	0	0	3	1	0	-15390	1
4	0	0	1	1	3	0	2625	1
4	0	0	1	3	0	0	2835	2
4	0	0	2	1	2	0	1005	1
4	0	0	3	1	1	0	705	4
4	0	0	4	1	0	0	-15	1
4	0	1	0	0	5	0	10110	1
4	0	1	0	2	2	0	-106470	1
4	0	1	1	2	1	0	5760	1
4	0	1	2	0	3	0	-425	1
4	0	1	2	2	0	0	45	1
4	0	1	3	0	2	0	1335	1
4	0	1	4	0	1	0	-1085	8
4	0	1	5	0	0	0	5	4
4	0	2	0	1	3	0	-137280	1
4	0	2	0	3	0	0	5670	1
4	0	2	1	1	2	0	765	1
4	0	2	2	1	1	0	990	1
4	0	2	3	1	0	0	285	4
4	0	3	0	0	4	0	-48950	1
4	0	3	0	2	1	0	64740	1
4	0	3	1	2	0	0	-3600	1
4	0	3	2	0	2	0	2605	1
4	0	3	3	0	1	0	640	1
4	0	3	4	0	0	0	-235	8
4	0	4	0	1	2	0	114000	1
4	0	4	1	1	1	0	-1245	1
4	0	4	2	1	0	0	1665	1
4	0	5	0	0	3	0	47180	1
4	0	5	0	2	0	0	-10590	1
4	0	5	2	0	1	0	3385	1
4	0	5	3	0	0	0	-15	1
4	0	6	0	1	1	0	-24000	1
4	0	6	1	1	0	0	735	1
4	0	7	0	0	2	0	-12300	1
4	0	7	2	0	0	0	35	1
4	0	8	0	1	0	0	120	1
4	0	9	0	0	1	0	150	1
4	1	0	0	2	2	0	135	1
4	1	0	1	0	4	0	-1530	1
4	1	0	1	2	1	0	1350	1
4	1	0	2	0	3	0	-1440	1
4	1	0	2	2	0	0	4995	4
4	1	0	3	0	2	0	4545	4
4	1	0	4	0	1	0	-405	4
4	1	0	5	0	0	0	-45	16
4	1	1	0	1	3	0	-2640	1
4	1	1	0	3	0	0	-12960	1
4	1	1	1	1	2	0	7140	1
4	1	1	2	1	1	0	4275	1
4	1	1	3	1	0	0	1605	2
4	1	2	0	2	1	0	-80190	1
4	1	2	1	0	3	0	2880	1
4	1	2	1	2	0	0	-16470	1
4	1	2	2	0	2	0	4170	1
4	1	2	3	0	1	0	12255	2
4	1	2	4	0	0	0	525	4
4	1	3	0	1	2	0	-22080	1
4	1	3	1	1	1	0	-26520	1
4	1	3	2	1	0	0	1365	1
4	1	4	0	2	0	0	-14025	1
4	1	4	1	0	2	0	-8100	1
4	1	4	2	0	1	0	8700	1
4	1	4	3	0	0	0	1665	4
4	1	5	0	1	1	0	-22800	1
4	1	5	1	1	0	0	-1740	1
4	1	6	1	0	1	0	7920	1
4	1	6	2	0	0	0	570	1
4	1	7	0	1	0	0	-2400	1
4	1	8	1	0	0	0	-1170	1
4	2	0	0	1	3	0	-4950	1
4	2	0	0	3	0	0	12150	1
4	2	0	1	1	2	0	-3690	1
4	2	0	2	1	1	0	-9945	2
4	2	0	3	1	0	0	2475	2
4	2	1	0	2	1	0	-95310	1
4	2	1	1	0	3	0	-4290	1
4	2	1	1	2	0	0	-18630	1
4	2	1	2	0	2	0	-9105	1
4	2	1	3	0	1	0	12225	2
4	2	1	4	0	0	0	1665	4
4	2	2	0	1	2	0	-51030	1
4	2	2	1	1	1	0	-46440	1
4	2	2	2	1	0	0	-15885	2
4	2	3	0	2	0	0	40950	1
4	2	3	1	0	2	0	-6810	1
4	2	3	2	0	1	0	6030	1
4	2	3	3	0	0	0	2115	2
4	2	4	0	1	1	0	-60210	1
4	2	4	1	1	0	0	-2310	1
4	2	5	1	0	1	0	12090	1
4	2	5	2	0	0	0	1875	1
4	2	6	0	1	0	0	-4770	1
4	2	7	1	0	0	0	-2910	1
4	3	0	0	0	4	0	60	1
4	3	0	0	2	1	0	24300	1
4	3	0	1	0	3	0	-120	1
4	3	0	1	2	0	0	12555	1
4	3	0	2	0	2	0	-5775	2
4	3	0	3	0	1	0	-1815	1
4	3	0	4	0	0	0	3885	8
4	3	1	0	1	2	0	-15480	1
4	3	1	1	1	1	0	4500	1
4	3	1	2	1	0	0	-5175	1
4	3	2	0	0	3	0	6720	1
4	3	2	0	2	0	0	79380	1
4	3	2	1	0	2	0	34560	1
4	3	2	2	0	1	0	3015	1
4	3	2	3	0	0	0	-570	1
4	3	3	0	1	1	0	-22080	1
4	3	3	1	1	0	0	8100	1
4	3	4	0	0	2	0	15000	1
4	3	4	1	0	1	0	31560	1
4	3	4	2	0	0	0	2865	2
4	3	5	0	1	0	0	2040	1
4	3	6	0	0	1	0	-8160	1
4	3	6	1	0	0	0	-8400	1
4	4	0	0	1	2	0	2835	1
4	4	0	1	1	1	0	810	1
4	4	0	2	1	0	0	45225	4
4	4	1	0	0	3	0	6630	1
4	4	1	0	2	0	0	-29160	1
4	4	1	1	0	2	0	47190	1
4	4	1	2	0	1	0	60525	2
4	4	1	3	0	0	0	510	1
4	4	2	0	1	1	0	4050	1
4	4	2	1	1	0	0	-4050	1
4	4	3	0	0	2	0	29310	1
4	4	3	1	0	1	0	88140	1
4	4	3	2	0	0	0	8535	2
4	4	4	0	1	0	0	7995	1
4	4	5	0	0	1	0	-15150	1
4	4	5	1	0	0	0	-13890	1
4	5	0	0	0	3	0	1800	1
4	5	0	0	2	0	0	1215	1
4	5	0	1	0	2	0	20745	1
4	5	0	2	0	1	0	16830	1
4	5	0	3	0	0	0	5985	2
4	5	1	0	1	1	0	-20520	1
4	5	1	1	1	0	0	-24300	1
4	5	2	0	0	2	0	27000	1
4	5	2	1	0	1	0	111510	1
4	5	2	2	0	0	0	9000	1
4	5	3	0	1	0	0	4680	1
4	5	4	0	0	1	0	-7560	1
4	5	4	1	0	0	0	-10815	1
4	6	0	0	1	1	0	16200	1
4	6	0	1	1	0	0	8910	1
4	6	1	0	0	2	0	25380	1
4	6	1	1	0	1	0	72180	1
4	6	1	2	0	0	0	6255	1
4	6	2	0	1	0	0	12960	1
4	6	3	0	0	1	0	6600	1
4	6	3	1	0	0	0	5220	1
4	7	0	0	0	2	0	5940	1
4	7	0	1	0	1	0	24570	1
4	7	0	2	0	0	0	10395	2
4	7	1	0	1	0	0	-3240	1
4	7	2	0	0	1	0	9720	1
4	7	2	1	0	0	0	16470	1
4	8	0	0	1	0	0	1215	1
4	8	1	0	0	1	0	10800	1
4	8	1	1	0	0	0	11340	1
4	9	0	0	0	1	0	3240	1
4	9	0	1	0	0	0	4455	1
5	0	0	0	0	5	0	-2280	1
5	0	0	0	2	2	0	19890	1
5	0	0	1	2	1	0	-180	1
5	0	0	2	0	3	0	-855	2
5	0	0	2	2	0	0	495	2
5	0	0	3	0	2	0	165	2
5	0	0	4	0	1	0	-155	8
5	0	0	5	0	0	0	-5	4
5	0	1	0	1	3	0	54060	1
5	0	1	0	3	0	0	-4860	1
5	0	1	1	1	2	0	810	1
5	0	1	2	1	1	0	600	1
5	0	1	3	1	0	0	180	1
5	0	2	0	0	4	0	29760	1
5	0	2	0	2	1	0	-53100	1
5	0	2	1	2	0	0	-1620	1
5	0	2	2	0	2	0	-945	2
5	0	2	3	0	1	0	825	1
5	0	2	4	0	0	0	285	8
5	0	3	0	1	2	0	-98340	1
5	0	3	1	1	1	0	-300	1
5	0	3	2	1	0	0	-1000	1
5	0	4	0	0	3	0	-47280	1
5	0	4	0	2	0	0	7050	1
5	0	4	2	0	1	0	-3385	2
5	0	4	3	0	0	0	145	2
5	0	5	0	1	1	0	18180	1
5	0	5	1	1	0	0	-990	1
5	0	6	0	0	2	0	18720	1
5	0	6	2	0	0	0	65	2
5	0	7	0	1	0	0	-780	1
5	0	8	0	0	1	0	-3240	1
5	1	0	0	1	3	0	-1920	1
5	1	0	0	3	0	0	6480	1
5	1	0	1	1	2	0	-3660	1
5	1	0	2	1	1	0	-2295	1
5	1	0	3	1	0	0	615	2
5	1	1	0	2	1	0	-4320	1
5	1	1	1	0	3	0	-2700	1
5	1	1	1	2	0	0	-4320	1
5	1	1	2	0	2	0	-5820	1
5	1	1	4	0	0	0	435	2
5	1	2	0	1	2	0	-3600	1
5	1	2	1	1	1	0	-6840	1
5	1	2	2	1	0	0	-3825	1
5	1	3	0	2	0	0	30480	1
5	1	3	1	0	2	0	4500	1
5	1	3	2	0	1	0	-4200	1
5	1	3	3	0	0	0	-160	1
5	1	4	0	1	1	0	8160	1
5	1	4	1	1	0	0	-60	1
5	1	5	1	0	1	0	-900	1
5	1	5	2	0	0	0	-540	1
5	1	6	0	1	0	0	1200	1
5	1	7	1	0	0	0	-900	1
5	2	0	0	2	1	0	32670	1
5	2	0	1	0	3	0	1230	1
5	2	0	1	2	0	0	10530	1
5	2	0	2	0	2	0	75	1
5	2	0	3	0	1	0	-2370	1
5	2	0	4	0	0	0	375	2
5	2	1	0	1	2	0	16200	1
5	2	1	1	1	1	0	18450	1
5	2	1	2	1	0	0	-990	1
5	2	2	0	2	0	0	24030	1
5	2	2	1	0	2	0	25650	1
5	2	2	2	0	1	0	90	1
5	2	2	3	0	0	0	-1035	1
5	2	3	0	1	1	0	30960	1
5	2	3	1	1	0	0	9870	1
5	2	4	1	0	1	0	8850	1
5	2	4	2	0	0	0	-765	1
5	2	5	0	1	0	0	1800	1
5	2	6	1	0	0	0	-1170	1
5	3	0	0	1	2	0	-900	1
5	3	0	1	1	1	0	1260	1
5	3	0	2	1	0	0	9000	1
5	3	1	0	0	3	0	2040	1
5	3	1	0	2	0	0	-55080	1
5	3	1	1	0	2	0	20160	1
5	3	1	2	0	1	0	23100	1
5	3	1	3	0	0	0	720	1
5	3	2	0	1	1	0	-9000	1
5	3	2	1	1	0	0	-3780	1
5	3	3	0	0	2	0	13080	1
5	3	3	1	0	1	0	32640	1
5	3	3	2	0	0	0	2780	1
5	3	4	0	1	0	0	-7860	1
5	3	5	0	0	1	0	360	1
5	4	0	0	0	3	0	-300	1
5	4	0	0	2	0	0	7290	1
5	4	0	1	0	2	0	9660	1
5	4	0	2	0	1	0	21735	2
5	4	0	3	0	0	0	2625	1
5	4	1	0	1	1	0	-16200	1
5	4	1	1	1	0	0	-26730	1
5	4	2	0	0	2	0	10440	1
5	4	2	1	0	1	0	48240	1
5	4	2	2	0	0	0	12465	2
5	4	3	0	1	0	0	-4200	1
5	4	4	0	0	1	0	6900	1
5	4	4	1	0	0	0	2820	1
5	5	0	0	1	1	0	21600	1
5	5	0	1	1	0	0	14580	1
5	5	1	0	0	2	0	7560	1
5	5	1	1	0	1	0	42480	1
5	5	1	2	0	0	0	4410	1
5	5	2	0	1	0	0	10800	1
5	5	3	0	0	1	0	13680	1
5	5	3	1	0	0	0	12480	1
5	6	0	0	0	2	0	4320	1
5	6	0	1	0	1	0	20610	1
5	6	0	2	0	0	0	5580	1
5	6	1	0	1	0	0	-14580	1
5	6	2	0	0	1	0	16560	1
5	6	2	1	0	0	0	19710	1
5	7	0	0	1	0	0	1620	1
5	7	1	0	0	1	0	10800	1
5	7	1	1	0	0	0	14040	1
5	8	0	0	0	1	0	2700	1
5	8	0	1	0	0	0	4860	1
6	0	0	0	1	3	0	-9060	1
6	0	0	0	3	0	0	1890	1
6	0	0	1	1	2	0	-330	1
6	0	0	2	1	1	0	-770	1
6	0	0	3	1	0	0	55	2
6	0	1	0	0	4	0	-9900	1
6	0	1	0	2	1	0	17610	1
6	0	1	1	2	0	0	-90	1
6	0	1	2	0	2	0	-1120	1
6	0	1	3	0	1	0	-245	1
6	0	1	4	0	0	0	115	4
6	0	2	0	1	2	0	49860	1
6	0	2	1	1	1	0	-120	1
6	0	2	2	1	0	0	-365	1
6	0	3	0	0	3	0	35040	1
6	0	3	0	2	0	0	30	1
6	0	3	2	0	1	0	20	1
6	0	3	3	0	0	0	-65	1
6	0	4	0	1	1	0	-11100	1
6	0	4	1	1	0	0	1170	1
6	0	5	0	0	2	0	-11160	1
6	0	5	2	0	0	0	-180	1
6	0	6	0	1	0	0	1020	1
6	0	7	0	0	1	0	2880	1
6	1	0	0	2	1	0	10350	1
6	1	0	1	0	3	0	750	1
6	1	0	1	2	0	0	5130	1
6	1	0	2	0	2	0	1215	1
6	1	0	3	0	1	0	-1795	2
6	1	0	4	0	0	0	155	4
6	1	1	0	1	2	0	3360	1
6	1	1	1	1	1	0	11820	1
6	1	1	2	1	0	0	930	1
6	1	2	0	2	0	0	-10290	1
6	1	2	1	0	2	0	8550	1
6	1	2	2	0	1	0	1950	1
6	1	2	3	0	0	0	-595	2
6	1	3	0	1	1	0	-1200	1
6	1	3	1	1	0	0	4140	1
6	1	4	1	0	1	0	9450	1
6	1	4	2	0	0	0	-165	1
6	1	5	0	1	0	0	-240	1
6	1	6	1	0	0	0	450	1
6	2	0	0	1	2	0	-6210	1
6	2	0	1	1	1	0	-3270	1
6	2	0	2	1	0	0	11205	2
6	2	1	0	2	0	0	-35550	1
6	2	1	1	0	2	0	2400	1
6	2	1	2	0	1	0	11490	1
6	2	1	3	0	0	0	735	1
6	2	2	0	1	1	0	-21780	1
6	2	2	1	1	0	0	-8550	1
6	2	3	1	0	1	0	14040	1
6	2	3	2	0	0	0	2130	1
6	2	4	0	1	0	0	-2250	1
6	2	5	1	0	0	0	840	1
6	3	0	0	0	3	0	120	1
6	3	0	0	2	0	0	14040	1
6	3	0	1	0	2	0	1650	1
6	3	0	2	0	1	0	3340	1
6	3	0	3	0	0	0	4015	2
6	3	1	0	1	1	0	2280	1
6	3	1	1	1	0	0	-18720	1
6	3	2	0	0	2	0	6120	1
6	3	2	1	0	1	0	10500	1
6	3	2	2	0	0	0	2500	1
6	3	3	0	1	0	0	8520	1
6	3	4	0	0	1	0	2760	1
6	3	4	1	0	0	0	2250	1
6	4	0	0	1	1	0	20520	1
6	4	0	1	1	0	0	18360	1
6	4	1	0	0	2	0	5430	1
6	4	1	1	0	1	0	19110	1
6	4	1	2	0	0	0	3615	2
6	4	2	0	1	0	0	10020	1
6	4	3	0	0	1	0	6540	1
6	4	3	1	0	0	0	9090	1
6	5	0	0	0	2	0	1620	1
6	5	0	1	0	1	0	13830	1
6	5	0	2	0	0	0	5940	1
6	5	1	0	1	0	0	-19800	1
6	5	2	0	0	1	0	9000	1
6	5	2	1	0	0	0	15030	1
6	6	0	0	1	0	0	5130	1
6	6	1	0	0	1	0	7620	1
6	6	1	1	0	0	0	11070	1
6	7	0	0	0	1	0	2880	1
6	7	0	1	0	0	0	5670	1
7	0	0	0	0	4	0	1450	1
7	0	0	0	2	1	0	-1140	1
7	0	0	1	2	0	0	720	1
7	0	0	2	0	2	0	340	1
7	0	0	3	0	1	0	-80	1
7	0	0	4	0	0	0	35	8
7	0	1	0	1	2	0	-12360	1
7	0	1	1	1	1	0	870	1
7	0	1	2	1	0	0	195	1
7	0	2	0	0	3	0	-13000	1
7	0	2	0	2	0	0	-1320	1
7	0	2	2	0	1	0	250	1
7	0	3	0	1	1	0	6240	1
7	0	3	1	1	0	0	-270	1
7	0	4	0	0	2	0	11100	1
7	0	4	2	0	0	0	110	1
7	0	5	0	1	0	0	-600	1
7	0	6	0	0	1	0	-1800	1
7	1	0	0	1	2	0	-2100	1
7	1	0	1	1	1	0	-2760	1
7	1	0	2	1	0	0	1455	1
7	1	1	0	2	0	0	-5880	1
7	1	1	1	0	2	0	-540	1
7	1	1	2	0	1	0	2100	1
7	1	1	3	0	0	0	255	1
7	1	2	0	1	1	0	-3720	1
7	1	2	1	1	0	0	-4080	1
7	1	3	1	0	1	0	360	1
7	1	3	2	0	0	0	420	1
7	1	4	0	1	0	0	-420	1
7	1	5	1	0	0	0	180	1
7	2	0	0	2	0	0	10980	1
7	2	0	1	0	2	0	480	1
7	2	0	2	0	1	0	-180	1
7	2	0	3	0	0	0	765	1
7	2	1	0	1	1	0	7560	1
7	2	1	1	1	0	0	-4830	1
7	2	2	1	0	1	0	-1320	1
7	2	2	2	0	0	0	120	1
7	2	3	0	1	0	0	3960	1
7	2	4	1	0	0	0	600	1
7	3	0	0	1	1	0	9780	1
7	3	0	1	1	0	0	13770	1
7	3	1	0	0	2	0	2040	1
7	3	1	1	0	1	0	6900	1
7	3	1	2	0	0	0	300	1
7	3	2	0	1	0	0	60	1
7	3	3	0	0	1	0	2640	1
7	3	3	1	0	0	0	2700	1
7	4	0	0	0	2	0	420	1
7	4	0	1	0	1	0	6600	1
7	4	0	2	0	0	0	4020	1
7	4	1	0	1	0	0	-16080	1
7	4	2	0	0	1	0	3120	1
7	4	2	1	0	0	0	6180	1
7	5	0	0	1	0	0	7920	1
7	5	1	0	0	1	0	3240	1
7	5	1	1	0	0	0	4620	1
7	6	0	0	0	1	0	2280	1
7	6	0	1	0	0	0	4140	1
8	0	0	0	1	2	0	1200	1
8	0	0	1	1	1	0	-345	1
8	0	0	2	1	0	0	665	4
8	0	1	0	0	3	0	3060	1
8	0	1	0	2	0	0	-420	1
8	0	1	2	0	1	0	485	2
8	0	1	3	0	0	0	35	1
8	0	2	0	1	1	0	-3240	1
8	0	2	1	1	0	0	-405	1
8	0	3	0	0	2	0	-5100	1
8	0	3	2	0	0	0	35	2
8	0	4	0	1	0	0	120	1
8	0	5	0	0	1	0	1020	1
8	1	0	0	2	0	0	3255	1
8	1	0	1	0	2	0	180	1
8	1	0	2	0	1	0	-315	1
8	1	0	3	0	0	0	665	4
8	1	1	0	1	1	0	2400	1
8	1	1	1	1	0	0	-330	1
8	1	2	1	0	1	0	-360	1
8	1	2	2	0	0	0	-135	1
8	1	3	0	1	0	0	1200	1
8	1	4	1	0	0	0	180	1
8	2	0	0	1	1	0	2070	1
8	2	0	1	1	0	0	11235	2
8	2	1	1	0	1	0	3180	1
8	2	1	2	0	0	0	90	1
8	2	2	0	1	0	0	-1170	1
8	2	3	1	0	0	0	900	1
8	3	0	0	0	2	0	300	1
8	3	0	1	0	1	0	1770	1
8	3	0	2	0	0	0	3955	2
8	3	1	0	1	0	0	-7140	1
8	3	2	0	0	1	0	1080	1
8	3	2	1	0	0	0	1530	1
8	4	0	0	1	0	0	6825	1
8	4	1	0	0	1	0	1410	1
8	4	1	1	0	0	0	1200	1
8	5	0	0	0	1	0	720	1
8	5	0	1	0	0	0	2625	1
9	0	0	0	0	3	0	-290	1
9	0	0	0	2	0	0	420	1
9	0	0	2	0	1	0	-145	2
9	0	0	3	0	0	0	25	2
9	0	1	0	1	1	0	1380	1
9	0	1	1	1	0	0	50	1
9	0	2	0	0	2	0	2310	1
9	0	2	2	0	0	0	-55	2
9	0	3	0	1	0	0	60	1
9	0	4	0	0	1	0	90	1
9	1	0	0	1	1	0	240	1
9	1	0	1	1	0	0	1290	1
9	1	1	1	0	1	0	1080	1
9	1	1	2	0	0	0	50	1
9	1	2	0	1	0	0	-840	1
9	1	3	1	0	0	0	360	1
9	2	0	1	0	1	0	300	1
9	2	0	2	0	0	0	645	1
9	2	1	0	1	0	0	-2100	1
9	2	2	1	0	0	0	300	1
9	3	0	0	1	0	0	3540	1
9	3	1	0	0	1	0	480	1
9	3	1	1	0	0	0	200	1
9	4	0	0	0	1	0	330	1
9	4	0	1	0	0	0	1290	1
10	0	0	0	1	1	0	-90	1
10	0	0	1	1	0	0	100	1
10	0	1	0	0	2	0	-330	1
10	0	1	2	0	0	0	15	2
10	0	2	0	1	0	0	-90	1
10	0	3	0	0	1	0	220	1
10	1	0	2	0	0	0	100	1
10	1	1	0	1	0	0	-180	1
10	2	0	0	1	0	0	1200	1
10	3	0	0	0	1	0	180	1
10	3	0	1	0	0	0	400	1
11	0	0	0	0	2	0	40	1
11	0	0	2	0	0	0	10	1
11	0	2	0	0	1	0	-80	1
11	1	0	0	1	0	0	240	1
11	2	0	1	0	0	0	120	1
12	0	0	0	1	0	0	30	1
12	0	1	0	0	1	0	60	1
12	1	0	1	0	0	0	30	1
