depth	v0z0	v0z1	v0z2	v0z3	v0z4	v1z0	v1z1	v1z2	v1z3	v1z4	v2z0	v2z1	v2z2	v2z3	v2z4	v3z0	v3z1	v3z2	v3z3	v3z4	v4z0	v4z1	v4z2	v4z3	v4z4
18	262144	0	0	0	0	253952	8192	0	0	0	253952	0	8192	0	0	245760	0	0	16384	0	245760	0	0	0	16384
18	253952	0	8192	0	0	253952	8192	0	0	0	245760	0	16384	0	0	245760	0	0	16384	0	245760	0	0	0	16384
18	253952	8192	0	0	0	245760	16384	0	0	0	245760	8192	8192	0	0	245760	0	0	16384	0	245760	0	0	0	16384
18	253952	8192	0	0	0	245760	8192	8192	0	0	245760	0	16384	0	0	245760	0	0	16384	0	245760	0	0	0	16384
18	245760	0	0	0	16384	245760	16384	0	0	0	245760	0	16384	0	0	245760	0	0	16384	0	241664	4096	8192	0	8192
18	245760	0	0	0	16384	245760	16384	0	0	0	241664	4096	8192	0	8192	245760	0	0	16384	0	237568	8192	0	0	16384
18	245760	0	0	0	16384	237568	8192	0	0	16384	245760	0	16384	0	0	245760	0	0	16384	0	237568	0	8192	0	16384
18	245760	0	0	0	16384	237568	8192	0	0	16384	237568	0	8192	0	16384	245760	0	0	16384	0	229376	0	0	0	32768
18	245760	0	0	16384	0	237568	8192	0	8192	8192	245760	0	16384	0	0	237568	8192	0	16384	0	229376	0	0	16384	16384
18	245760	0	0	16384	0	237568	8192	0	16384	0	245760	0	16384	0	0	237568	0	8192	16384	0	229376	0	0	16384	16384
18	245760	0	0	16384	0	245760	16384	0	0	0	245760	0	16384	0	0	237568	8192	0	8192	8192	237568	0	0	8192	16384
18	245760	0	0	16384	0	237568	8192	0	8192	8192	245760	0	16384	0	0	229376	0	0	16384	16384	237568	0	0	8192	16384
18	237568	0	0	8192	16384	245760	16384	0	0	0	245760	0	16384	0	0	229376	0	0	16384	16384	237568	8192	0	0	16384
18	237568	0	0	8192	16384	237568	8192	0	0	16384	245760	0	16384	0	0	229376	0	0	16384	16384	229376	0	0	0	32768
18	237568	0	8192	8192	8192	245760	16384	0	0	0	229376	0	16384	16384	0	237568	0	8192	16384	0	229376	0	0	16384	16384
18	237568	0	8192	16384	0	245760	16384	0	0	0	229376	0	16384	16384	0	237568	8192	0	16384	0	229376	0	0	16384	16384
18	237568	0	8192	8192	8192	245760	16384	0	0	0	229376	0	16384	16384	0	229376	0	0	16384	16384	237568	0	8192	0	16384
18	237568	0	8192	0	16384	245760	16384	0	0	0	229376	0	16384	16384	0	229376	0	0	16384	16384	237568	8192	0	0	16384
18	237568	0	8192	0	16384	237568	8192	0	0	16384	229376	0	16384	16384	0	229376	0	0	16384	16384	229376	0	0	0	32768
18	237568	8192	0	8192	8192	229376	16384	0	16384	0	229376	16384	16384	0	0	229376	0	0	16384	16384	237568	8192	0	0	16384
18	237568	8192	0	0	16384	229376	16384	0	16384	0	229376	16384	16384	0	0	229376	0	0	16384	16384	229376	8192	0	8192	16384
18	245760	16384	0	0	0	229376	16384	16384	0	0	237568	8192	8192	8192	0	229376	0	0	16384	16384	237568	8192	0	0	16384
18	237568	8192	8192	8192	0	229376	16384	16384	0	0	229376	0	16384	16384	0	229376	0	0	16384	16384	237568	8192	0	0	16384
18	237568	8192	0	0	16384	229376	16384	16384	0	0	229376	0	16384	16384	0	229376	0	0	16384	16384	229376	8192	8192	0	16384
18	237568	8192	0	0	16384	229376	8192	8192	0	16384	229376	0	16384	16384	0	229376	0	0	16384	16384	229376	0	0	0	32768
18	229376	0	0	16384	16384	229376	16384	0	0	16384	229376	0	16384	0	16384	229376	0	0	32768	0	225280	4096	8192	16384	8192
18	229376	0	0	16384	16384	229376	16384	0	0	16384	229376	0	16384	0	16384	225280	4096	8192	16384	8192	221184	8192	16384	0	16384
18	229376	0	16384	0	16384	229376	16384	0	0	16384	229376	0	16384	16384	0	229376	0	0	32768	0	225280	4096	8192	16384	8192
18	229376	0	0	16384	16384	229376	16384	0	0	16384	221184	8192	16384	0	16384	225280	4096	8192	16384	8192	221184	8192	0	16384	16384
18	229376	0	0	16384	16384	229376	16384	0	0	16384	225280	4096	8192	16384	8192	229376	0	0	32768	0	221184	8192	0	16384	16384
18	229376	0	0	0	32768	221184	8192	0	16384	16384	221184	8192	16384	0	16384	229376	0	0	16384	16384	221184	0	8192	16384	16384
18	229376	0	0	16384	16384	221184	8192	0	16384	16384	221184	8192	16384	0	16384	229376	0	0	32768	0	221184	0	8192	16384	16384
18	229376	0	0	16384	16384	221184	8192	16384	0	16384	229376	0	16384	0	16384	229376	0	0	32768	0	221184	0	8192	16384	16384
18	229376	0	0	0	32768	221184	8192	0	16384	16384	221184	0	8192	16384	16384	229376	0	0	16384	16384	212992	0	0	16384	32768
18	229376	0	0	16384	16384	221184	8192	0	16384	16384	221184	0	8192	16384	16384	229376	0	0	32768	0	212992	0	0	16384	32768
18	212992	0	0	32768	16384	204800	8192	0	24576	24576	212992	0	16384	16384	16384	204800	8192	0	32768	16384	196608	0	0	32768	32768
18	212992	0	0	32768	16384	204800	8192	0	32768	16384	212992	0	16384	16384	16384	204800	0	8192	32768	16384	196608	0	0	32768	32768
18	229376	0	0	32768	0	225280	8192	0	20480	8192	221184	0	16384	8192	16384	212992	16384	0	16384	16384	221184	0	0	24576	16384
18	225280	8192	0	20480	8192	221184	16384	0	8192	16384	221184	0	16384	8192	16384	212992	16384	0	16384	16384	221184	0	0	24576	16384
18	221184	0	0	24576	16384	221184	16384	0	8192	16384	221184	0	16384	8192	16384	212992	16384	0	16384	16384	217088	8192	0	12288	24576
18	221184	0	0	24576	16384	217088	8192	0	12288	24576	221184	0	16384	8192	16384	212992	16384	0	16384	16384	212992	0	0	16384	32768
18	225280	0	8192	20480	8192	212992	16384	0	16384	16384	221184	0	16384	8192	16384	212992	0	16384	16384	16384	221184	0	0	24576	16384
18	221184	0	0	24576	16384	212992	16384	0	16384	16384	217088	8192	8192	12288	16384	212992	0	16384	16384	16384	212992	0	0	16384	32768
18	221184	0	0	24576	16384	217088	8192	8192	12288	16384	221184	0	16384	8192	16384	212992	0	16384	16384	16384	212992	0	0	16384	32768
18	221184	0	0	24576	16384	212992	16384	0	16384	16384	212992	8192	8192	16384	16384	212992	0	0	32768	16384	212992	0	0	16384	32768
18	221184	0	0	24576	16384	212992	8192	8192	16384	16384	212992	0	16384	16384	16384	212992	0	0	32768	16384	212992	0	0	16384	32768
18	212992	0	0	32768	16384	212992	8192	0	24576	16384	212992	0	16384	16384	16384	204800	8192	0	24576	24576	212992	0	0	16384	32768
18	212992	8192	0	24576	16384	212992	16384	0	16384	16384	212992	0	16384	16384	16384	204800	8192	0	24576	24576	212992	0	0	16384	32768
18	212992	0	0	32768	16384	204800	8192	0	24576	24576	212992	0	16384	16384	16384	204800	0	8192	24576	24576	212992	0	0	16384	32768
18	212992	0	0	32768	16384	204800	8192	0	24576	24576	204800	0	8192	24576	24576	196608	0	0	32768	32768	212992	0	0	16384	32768
18	212992	0	0	16384	32768	204800	8192	0	24576	24576	212992	0	16384	16384	16384	196608	0	0	32768	32768	204800	8192	0	16384	32768
18	212992	0	0	16384	32768	204800	8192	0	16384	32768	212992	0	16384	16384	16384	196608	0	0	32768	32768	204800	0	8192	16384	32768
18	212992	0	16384	16384	16384	212992	16384	0	16384	16384	204800	8192	8192	24576	16384	204800	0	8192	32768	16384	196608	0	0	32768	32768
18	204800	0	8192	32768	16384	212992	16384	0	16384	16384	204800	8192	8192	24576	16384	212992	16384	0	32768	0	196608	0	0	32768	32768
18	212992	0	16384	16384	16384	212992	16384	0	16384	16384	204800	8192	8192	24576	16384	196608	0	0	32768	32768	204800	0	8192	16384	32768
18	212992	0	16384	16384	16384	204800	8192	8192	24576	16384	204800	0	24576	16384	16384	196608	0	0	32768	32768	204800	0	8192	16384	32768
18	204800	0	8192	16384	32768	212992	16384	0	16384	16384	204800	8192	8192	24576	16384	196608	0	0	32768	32768	212992	16384	0	0	32768
18	212992	0	16384	0	32768	204800	8192	8192	24576	16384	204800	0	24576	16384	16384	196608	0	0	32768	32768	204800	8192	16384	16384	16384
18	204800	0	8192	16384	32768	204800	8192	8192	24576	16384	204800	8192	16384	16384	16384	196608	0	0	32768	32768	212992	16384	0	0	32768
18	204800	0	24576	16384	16384	204800	8192	16384	16384	16384	196608	0	16384	32768	16384	196608	0	0	32768	32768	196608	0	16384	16384	32768
18	200704	12288	0	24576	24576	196608	16384	0	32768	16384	196608	16384	16384	16384	16384	196608	0	0	32768	32768	196608	16384	0	16384	32768
18	212992	16384	0	16384	16384	196608	16384	16384	16384	16384	204800	8192	8192	24576	16384	196608	0	0	32768	32768	204800	8192	0	16384	32768
18	204800	8192	8192	24576	16384	196608	16384	16384	16384	16384	204800	8192	16384	16384	16384	196608	0	0	32768	32768	204800	8192	0	16384	32768
18	204800	8192	16384	16384	16384	196608	8192	24576	16384	16384	196608	0	16384	32768	16384	196608	0	0	32768	32768	196608	0	16384	16384	32768
18	196608	0	0	32768	32768	192512	20480	8192	16384	24576	196608	0	16384	16384	32768	196608	8192	16384	16384	24576	188416	8192	16384	32768	16384
18	196608	0	0	32768	32768	196608	16384	0	16384	32768	196608	8192	16384	16384	24576	196608	16384	0	32768	16384	192512	20480	8192	16384	24576
18	196608	0	0	32768	32768	194560	10240	4096	24576	28672	196608	8192	16384	16384	24576	196608	16384	0	32768	16384	188416	8192	16384	32768	16384
18	196608	0	0	32768	32768	196608	16384	0	32768	16384	196608	4096	8192	24576	28672	196608	0	16384	32768	16384	188416	8192	16384	32768	16384
18	196608	0	0	32768	32768	196608	8192	16384	16384	24576	196608	0	16384	16384	32768	196608	0	16384	32768	16384	188416	8192	16384	32768	16384
18	196608	0	0	32768	32768	194560	10240	4096	24576	28672	196608	0	16384	16384	32768	188416	8192	16384	32768	16384	188416	8192	16384	16384	32768
18	196608	0	0	32768	32768	194560	10240	4096	24576	28672	192512	4096	8192	24576	32768	188416	8192	16384	32768	16384	180224	16384	0	32768	32768
18	196608	0	0	32768	32768	196608	16384	0	16384	32768	194560	10240	4096	24576	28672	196608	16384	0	32768	16384	180224	16384	0	32768	32768
18	196608	0	0	32768	32768	194560	10240	4096	24576	28672	192512	4096	8192	32768	24576	196608	16384	0	32768	16384	180224	16384	0	32768	32768
18	188416	0	8192	16384	49152	188416	8192	0	16384	49152	192512	4096	8192	16384	40960	196608	0	0	32768	32768	180224	0	16384	32768	32768
18	192512	4096	8192	16384	40960	188416	8192	0	16384	49152	188416	8192	16384	16384	32768	196608	0	0	32768	32768	180224	0	16384	32768	32768
18	184320	4096	8192	24576	40960	180224	16384	0	32768	32768	184320	12288	8192	24576	32768	196608	0	0	32768	32768	180224	0	16384	32768	32768
18	196608	0	0	32768	32768	180224	16384	0	32768	32768	192512	4096	8192	24576	32768	192512	4096	8192	32768	24576	180224	0	16384	32768	32768
18	196608	0	0	32768	32768	180224	16384	0	32768	32768	192512	4096	8192	32768	24576	184320	4096	8192	40960	24576	180224	0	16384	32768	32768
18	196608	0	0	32768	32768	192512	4096	8192	24576	32768	196608	0	16384	16384	32768	188416	8192	16384	32768	16384	180224	0	16384	32768	32768
18	196608	0	0	32768	32768	192512	4096	8192	32768	24576	196608	0	16384	16384	32768	196608	0	16384	32768	16384	180224	0	16384	32768	32768
18	196608	0	0	32768	32768	188416	8192	0	32768	32768	180224	0	16384	32768	32768	184320	4096	8192	40960	24576	180224	0	0	49152	32768
18	196608	0	0	32768	32768	188416	8192	0	32768	32768	188416	0	8192	32768	32768	180224	0	0	49152	32768	180224	0	0	32768	49152
18	188416	0	8192	32768	32768	188416	8192	0	32768	32768	180224	0	16384	32768	32768	180224	0	0	49152	32768	180224	0	0	32768	49152
18	188416	8192	0	32768	32768	180224	16384	0	32768	32768	180224	8192	8192	32768	32768	180224	0	0	49152	32768	180224	0	0	32768	49152
18	188416	8192	0	32768	32768	180224	8192	8192	32768	32768	180224	0	16384	32768	32768	180224	0	0	49152	32768	180224	0	0	32768	49152
18	180224	0	0	32768	49152	180224	16384	0	32768	32768	180224	0	16384	32768	32768	180224	0	0	49152	32768	176128	4096	8192	32768	40960
18	180224	0	0	32768	49152	180224	16384	0	32768	32768	176128	4096	8192	32768	40960	180224	0	0	49152	32768	172032	8192	0	32768	49152
18	180224	0	0	32768	49152	172032	8192	0	32768	49152	180224	0	16384	32768	32768	180224	0	0	49152	32768	172032	0	8192	32768	49152
18	180224	0	0	32768	49152	172032	8192	0	32768	49152	172032	0	8192	32768	49152	180224	0	0	49152	32768	163840	0	0	32768	65536
18	147456	0	0	65536	49152	139264	8192	0	57344	57344	147456	0	16384	49152	49152	139264	8192	0	65536	49152	131072	0	0	65536	65536
18	147456	0	0	65536	49152	139264	8192	0	65536	49152	147456	0	16384	49152	49152	139264	0	8192	65536	49152	131072	0	0	65536	65536
18	184320	8192	16384	28672	24576	180224	16384	0	32768	32768	180224	16384	16384	16384	32768	172032	16384	16384	24576	32768	180224	0	0	49152	32768
18	184320	8192	16384	28672	24576	180224	16384	16384	16384	32768	180224	0	16384	32768	32768	172032	16384	16384	24576	32768	180224	0	0	49152	32768
18	180224	0	0	49152	32768	180224	16384	0	32768	32768	180224	0	16384	32768	32768	176128	8192	8192	36864	32768	172032	16384	0	24576	49152
18	180224	0	0	49152	32768	180224	16384	0	32768	32768	176128	8192	8192	36864	32768	172032	16384	0	40960	32768	172032	16384	0	24576	49152
18	180224	0	0	49152	32768	176128	8192	0	36864	40960	180224	0	16384	32768	32768	172032	16384	16384	24576	32768	172032	0	16384	24576	49152
18	180224	0	0	49152	32768	176128	8192	0	36864	40960	172032	0	16384	24576	49152	172032	16384	16384	24576	32768	167936	8192	8192	28672	49152
18	180224	0	0	49152	32768	172032	16384	0	24576	49152	172032	0	16384	24576	49152	167936	8192	8192	28672	49152	172032	0	0	40960	49152
18	180224	0	0	49152	32768	176128	8192	0	36864	40960	172032	16384	16384	24576	32768	172032	16384	0	40960	32768	163840	16384	0	32768	49152
18	180224	0	0	49152	32768	176128	8192	0	36864	40960	172032	16384	16384	24576	32768	163840	16384	0	32768	49152	167936	8192	8192	28672	49152
18	180224	0	0	49152	32768	172032	16384	0	24576	49152	167936	8192	8192	28672	49152	163840	16384	0	32768	49152	172032	0	0	40960	49152
18	180224	0	0	49152	32768	172032	16384	0	40960	32768	176128	8192	8192	36864	32768	163840	16384	16384	32768	32768	163840	16384	0	32768	49152
18	180224	0	0	49152	32768	163840	16384	0	32768	49152	176128	8192	8192	36864	32768	163840	16384	16384	32768	32768	167936	8192	8192	28672	49152
18	180224	0	0	49152	32768	163840	16384	0	32768	49152	167936	8192	8192	28672	49152	163840	16384	16384	32768	32768	172032	0	0	40960	49152
18	180224	0	0	49152	32768	163840	16384	16384	32768	32768	176128	8192	8192	36864	32768	172032	0	16384	40960	32768	163840	0	16384	32768	49152
18	180224	0	0	49152	32768	163840	16384	16384	32768	32768	176128	8192	8192	36864	32768	163840	0	16384	32768	49152	167936	8192	8192	28672	49152
18	180224	0	0	49152	32768	163840	16384	16384	32768	32768	167936	8192	8192	28672	49152	163840	0	16384	32768	49152	172032	0	0	40960	49152
18	180224	0	0	49152	32768	176128	8192	8192	36864	32768	180224	0	16384	32768	32768	172032	0	16384	40960	32768	172032	0	16384	24576	49152
18	180224	0	0	49152	32768	176128	8192	8192	36864	32768	172032	0	16384	24576	49152	172032	0	16384	40960	32768	163840	0	16384	32768	49152
18	180224	0	0	49152	32768	176128	8192	8192	36864	32768	172032	0	16384	24576	49152	163840	0	16384	32768	49152	167936	8192	8192	28672	49152
18	180224	0	0	49152	32768	167936	8192	8192	28672	49152	172032	0	16384	24576	49152	163840	0	16384	32768	49152	172032	0	0	40960	49152
18	180224	0	0	49152	32768	172032	16384	0	40960	32768	172032	8192	8192	40960	32768	163840	16384	0	49152	32768	163840	16384	0	32768	49152
18	180224	0	0	49152	32768	172032	8192	0	40960	40960	163840	16384	16384	32768	32768	163840	16384	0	49152	32768	172032	0	0	40960	49152
18	172032	8192	0	40960	40960	163840	16384	0	32768	49152	163840	16384	16384	32768	32768	163840	16384	0	49152	32768	172032	0	0	40960	49152
18	172032	0	0	40960	49152	163840	16384	0	32768	49152	163840	16384	16384	32768	32768	163840	16384	0	49152	32768	163840	8192	8192	32768	49152
18	172032	0	0	40960	49152	163840	16384	0	32768	49152	163840	8192	8192	32768	49152	163840	16384	0	49152	32768	163840	0	0	32768	65536
18	180224	0	0	49152	32768	163840	16384	0	49152	32768	172032	8192	8192	40960	32768	163840	0	0	49152	49152	172032	0	0	40960	49152
18	172032	8192	8192	40960	32768	163840	16384	0	49152	32768	163840	16384	16384	32768	32768	163840	0	0	49152	49152	172032	0	0	40960	49152
18	172032	0	0	40960	49152	163840	16384	0	49152	32768	163840	16384	16384	32768	32768	163840	0	0	49152	49152	163840	8192	0	40960	49152
18	180224	0	0	49152	32768	172032	8192	8192	40960	32768	172032	0	16384	40960	32768	163840	0	16384	49152	32768	163840	0	16384	32768	49152
18	180224	0	0	49152	32768	172032	8192	8192	40960	32768	163840	0	16384	32768	49152	163840	0	16384	49152	32768	172032	0	0	40960	49152
18	172032	8192	8192	40960	32768	163840	16384	16384	32768	32768	163840	0	16384	32768	49152	163840	0	16384	49152	32768	172032	0	0	40960	49152
18	172032	0	0	40960	49152	163840	16384	16384	32768	32768	163840	0	16384	32768	49152	163840	0	16384	49152	32768	163840	8192	8192	32768	49152
18	172032	0	0	40960	49152	163840	8192	8192	32768	49152	163840	0	16384	32768	49152	163840	0	16384	49152	32768	163840	0	0	32768	65536
18	180224	0	0	49152	32768	172032	8192	8192	40960	32768	163840	0	16384	49152	32768	163840	0	0	49152	49152	172032	0	0	40960	49152
18	172032	8192	8192	40960	32768	163840	16384	16384	32768	32768	163840	0	16384	49152	32768	163840	0	0	49152	49152	172032	0	0	40960	49152
18	172032	0	0	40960	49152	163840	16384	16384	32768	32768	163840	0	16384	49152	32768	163840	0	0	49152	49152	163840	8192	8192	32768	49152
18	172032	0	0	40960	49152	163840	8192	8192	32768	49152	163840	0	16384	49152	32768	163840	0	0	49152	49152	163840	0	0	32768	65536
18	163840	0	0	49152	49152	163840	16384	0	49152	32768	163840	0	16384	49152	32768	155648	8192	8192	49152	40960	163840	8192	0	40960	49152
18	163840	0	0	49152	49152	163840	16384	0	49152	32768	155648	8192	8192	49152	40960	147456	16384	0	49152	49152	163840	8192	0	40960	49152
18	163840	0	0	49152	49152	163840	8192	0	40960	49152	163840	0	16384	49152	32768	147456	16384	0	49152	49152	163840	0	8192	40960	49152
18	163840	0	0	49152	49152	163840	8192	0	40960	49152	163840	0	8192	40960	49152	147456	16384	0	49152	49152	163840	0	0	32768	65536
18	163840	0	16384	49152	32768	163840	16384	0	49152	32768	163840	8192	16384	40960	32768	155648	8192	16384	40960	40960	163840	0	16384	32768	49152
18	163840	0	16384	49152	32768	163840	16384	0	49152	32768	163840	0	16384	32768	49152	155648	8192	16384	40960	40960	163840	0	8192	40960	49152
18	163840	0	8192	40960	49152	163840	16384	0	49152	32768	163840	0	16384	32768	49152	155648	8192	16384	40960	40960	163840	0	0	32768	65536
18	163840	0	16384	49152	32768	163840	16384	0	49152	32768	155648	8192	16384	40960	40960	155648	8192	8192	49152	40960	163840	0	8192	40960	49152
18	155648	8192	8192	49152	40960	163840	16384	0	49152	32768	155648	8192	16384	40960	40960	147456	16384	0	49152	49152	163840	0	8192	40960	49152
18	163840	0	8192	40960	49152	163840	16384	0	49152	32768	155648	8192	16384	40960	40960	147456	16384	0	49152	49152	163840	8192	0	40960	49152
18	163840	16384	0	49152	32768	163840	16384	16384	32768	32768	163840	8192	16384	40960	32768	155648	8192	16384	40960	40960	163840	0	16384	32768	49152
18	163840	16384	0	49152	32768	163840	16384	16384	32768	32768	163840	0	16384	32768	49152	155648	8192	16384	40960	40960	163840	8192	0	40960	49152
18	155648	0	8192	57344	40960	155648	8192	0	57344	40960	163840	0	16384	49152	32768	147456	0	16384	49152	49152	163840	0	0	49152	49152
18	155648	8192	0	57344	40960	147456	16384	0	49152	49152	155648	8192	8192	49152	40960	147456	0	16384	49152	49152	163840	0	0	49152	49152
18	155648	8192	0	57344	40960	155648	8192	8192	49152	40960	163840	0	16384	49152	32768	147456	0	16384	49152	49152	163840	0	0	49152	49152
18	163840	0	0	49152	49152	147456	16384	0	49152	49152	155648	8192	8192	49152	40960	147456	0	16384	49152	49152	163840	0	8192	40960	49152
18	163840	0	0	49152	49152	155648	8192	8192	49152	40960	163840	0	16384	49152	32768	147456	0	16384	49152	49152	163840	0	8192	40960	49152
18	163840	0	0	49152	49152	147456	16384	0	49152	49152	163840	0	8192	40960	49152	147456	0	16384	49152	49152	155648	8192	0	40960	57344
18	163840	0	0	49152	49152	155648	8192	0	40960	57344	163840	0	8192	40960	49152	147456	0	16384	49152	49152	163840	0	0	32768	65536
18	155648	0	8192	57344	40960	155648	8192	0	57344	40960	147456	0	16384	49152	49152	147456	0	0	65536	49152	163840	0	0	49152	49152
18	151552	4096	8192	53248	45056	147456	16384	0	49152	49152	147456	0	16384	49152	49152	147456	0	0	65536	49152	163840	0	0	49152	49152
18	163840	0	0	49152	49152	155648	8192	0	49152	49152	147456	0	16384	49152	49152	147456	0	0	65536	49152	155648	0	0	49152	57344
18	155648	8192	0	49152	49152	147456	16384	0	49152	49152	147456	0	16384	49152	49152	147456	0	0	65536	49152	155648	0	0	49152	57344
18	163840	0	0	49152	49152	147456	16384	0	49152	49152	147456	0	16384	49152	49152	155648	0	0	49152	57344	155648	8192	0	40960	57344
18	163840	0	0	49152	49152	155648	8192	0	40960	57344	147456	0	16384	49152	49152	155648	0	0	49152	57344	163840	0	0	32768	65536
18	147456	0	0	65536	49152	147456	8192	0	57344	49152	147456	0	16384	49152	49152	139264	8192	0	57344	57344	147456	0	0	49152	65536
18	147456	8192	0	57344	49152	147456	16384	0	49152	49152	147456	0	16384	49152	49152	139264	8192	0	57344	57344	147456	0	0	49152	65536
18	147456	0	0	65536	49152	139264	8192	0	57344	57344	147456	0	16384	49152	49152	139264	0	8192	57344	57344	147456	0	0	49152	65536
18	147456	0	0	65536	49152	139264	8192	0	57344	57344	139264	0	8192	57344	57344	131072	0	0	65536	65536	147456	0	0	49152	65536
18	147456	0	0	65536	49152	147456	8192	0	57344	49152	147456	0	16384	49152	49152	147456	0	0	49152	65536	155648	0	0	49152	57344
18	147456	8192	0	57344	49152	147456	16384	0	49152	49152	147456	0	16384	49152	49152	147456	0	0	49152	65536	155648	0	0	49152	57344
18	147456	0	0	49152	65536	139264	8192	0	57344	57344	147456	0	16384	49152	49152	131072	0	0	65536	65536	139264	8192	0	49152	65536
18	147456	0	0	49152	65536	139264	8192	0	49152	65536	147456	0	16384	49152	49152	131072	0	0	65536	65536	139264	0	8192	49152	65536
18	147456	0	16384	49152	49152	147456	16384	0	49152	49152	139264	8192	8192	57344	49152	139264	0	8192	65536	49152	131072	0	0	65536	65536
18	139264	0	8192	65536	49152	147456	16384	0	49152	49152	139264	8192	8192	57344	49152	147456	16384	0	65536	32768	131072	0	0	65536	65536
18	147456	0	16384	49152	49152	147456	16384	0	49152	49152	147456	8192	16384	40960	49152	139264	8192	8192	57344	49152	147456	0	16384	32768	65536
18	147456	0	16384	49152	49152	147456	16384	0	49152	49152	139264	8192	8192	57344	49152	131072	0	0	65536	65536	139264	0	8192	49152	65536
18	147456	0	16384	49152	49152	147456	16384	0	49152	49152	139264	8192	8192	57344	49152	139264	0	8192	49152	65536	147456	0	16384	32768	65536
18	147456	0	16384	49152	49152	147456	8192	16384	40960	49152	139264	0	24576	49152	49152	139264	8192	8192	57344	49152	147456	0	16384	32768	65536
18	147456	0	16384	49152	49152	139264	8192	8192	57344	49152	139264	0	24576	49152	49152	131072	0	0	65536	65536	139264	0	8192	49152	65536
18	147456	0	16384	49152	49152	139264	8192	8192	57344	49152	139264	0	24576	49152	49152	139264	0	8192	49152	65536	147456	0	16384	32768	65536
18	147456	0	16384	32768	65536	147456	16384	0	49152	49152	147456	8192	16384	40960	49152	139264	8192	8192	57344	49152	147456	16384	0	32768	65536
18	147456	8192	16384	40960	49152	147456	16384	0	49152	49152	147456	16384	16384	49152	32768	139264	8192	8192	57344	49152	147456	16384	0	32768	65536
18	147456	0	16384	32768	65536	147456	16384	0	49152	49152	139264	8192	8192	57344	49152	139264	0	8192	49152	65536	147456	16384	0	32768	65536
18	139264	0	8192	49152	65536	147456	16384	0	49152	49152	139264	8192	8192	57344	49152	131072	0	0	65536	65536	147456	16384	0	32768	65536
18	147456	0	16384	32768	65536	147456	16384	16384	49152	32768	139264	0	24576	49152	49152	139264	8192	8192	57344	49152	139264	8192	16384	49152	49152
18	147456	0	16384	32768	65536	139264	8192	8192	57344	49152	139264	0	24576	49152	49152	131072	0	0	65536	65536	139264	8192	16384	49152	49152
18	147456	0	16384	32768	65536	147456	8192	16384	40960	49152	139264	8192	16384	49152	49152	139264	8192	8192	57344	49152	147456	16384	0	32768	65536
18	147456	8192	16384	40960	49152	147456	16384	16384	49152	32768	139264	8192	16384	49152	49152	139264	8192	8192	57344	49152	147456	16384	0	32768	65536
18	147456	0	16384	32768	65536	139264	8192	8192	57344	49152	139264	8192	16384	49152	49152	139264	0	8192	49152	65536	147456	16384	0	32768	65536
18	139264	0	8192	49152	65536	139264	8192	8192	57344	49152	139264	8192	16384	49152	49152	131072	0	0	65536	65536	147456	16384	0	32768	65536
18	139264	0	24576	49152	49152	139264	8192	16384	49152	49152	131072	0	16384	65536	49152	131072	0	0	65536	65536	131072	0	16384	49152	65536
18	135168	12288	0	57344	57344	131072	16384	0	65536	49152	131072	16384	16384	49152	49152	131072	0	0	65536	65536	131072	16384	0	49152	65536
18	147456	16384	0	49152	49152	131072	16384	16384	49152	49152	147456	16384	8192	40960	49152	139264	8192	8192	57344	49152	147456	16384	0	32768	65536
18	147456	16384	0	49152	49152	131072	16384	16384	49152	49152	139264	8192	8192	57344	49152	131072	0	0	65536	65536	139264	8192	0	49152	65536
18	147456	16384	0	49152	49152	131072	16384	16384	49152	49152	139264	8192	8192	57344	49152	139264	8192	0	49152	65536	147456	16384	0	32768	65536
18	147456	16384	8192	40960	49152	131072	16384	16384	49152	49152	139264	8192	16384	49152	49152	139264	8192	8192	57344	49152	147456	16384	0	32768	65536
18	139264	8192	8192	57344	49152	131072	16384	16384	49152	49152	139264	8192	16384	49152	49152	131072	0	0	65536	65536	139264	8192	0	49152	65536
18	139264	8192	8192	57344	49152	131072	16384	16384	49152	49152	139264	8192	16384	49152	49152	139264	8192	0	49152	65536	147456	16384	0	32768	65536
18	139264	8192	16384	49152	49152	131072	8192	24576	49152	49152	131072	0	16384	65536	49152	131072	0	0	65536	65536	131072	0	16384	49152	65536
18	131072	0	0	65536	65536	126976	20480	8192	49152	57344	131072	0	16384	49152	65536	131072	8192	16384	49152	57344	122880	8192	16384	65536	49152
18	131072	0	0	65536	65536	131072	16384	0	49152	65536	131072	8192	16384	49152	57344	131072	16384	0	65536	49152	126976	20480	8192	49152	57344
18	131072	0	0	65536	65536	129024	10240	4096	57344	61440	131072	8192	16384	49152	57344	131072	16384	0	65536	49152	122880	8192	16384	65536	49152
18	131072	0	0	65536	65536	131072	16384	0	65536	49152	131072	4096	8192	57344	61440	131072	0	16384	65536	49152	122880	8192	16384	65536	49152
18	131072	0	0	65536	65536	131072	8192	16384	49152	57344	131072	0	16384	49152	65536	131072	0	16384	65536	49152	122880	8192	16384	65536	49152
18	131072	0	0	65536	65536	129024	10240	4096	57344	61440	131072	0	16384	49152	65536	122880	8192	16384	65536	49152	122880	8192	16384	49152	65536
18	131072	0	0	65536	65536	129024	10240	4096	57344	61440	126976	4096	8192	57344	65536	122880	8192	16384	65536	49152	114688	16384	0	65536	65536
18	131072	0	0	65536	65536	131072	16384	0	49152	65536	129024	10240	4096	57344	61440	131072	16384	0	65536	49152	114688	16384	0	65536	65536
18	131072	0	0	65536	65536	129024	10240	4096	57344	61440	126976	4096	8192	65536	57344	131072	16384	0	65536	49152	114688	16384	0	65536	65536
18	118784	4096	8192	57344	73728	114688	16384	0	65536	65536	118784	12288	8192	57344	65536	131072	0	0	65536	65536	114688	0	16384	65536	65536
18	131072	0	0	65536	65536	114688	16384	0	65536	65536	126976	4096	8192	57344	65536	126976	4096	8192	65536	57344	114688	0	16384	65536	65536
18	131072	0	0	65536	65536	114688	16384	0	65536	65536	126976	4096	8192	65536	57344	118784	4096	8192	73728	57344	114688	0	16384	65536	65536
18	131072	0	0	65536	65536	126976	4096	8192	57344	65536	131072	0	16384	49152	65536	122880	8192	16384	65536	49152	114688	0	16384	65536	65536
18	131072	0	0	65536	65536	126976	4096	8192	65536	57344	131072	0	16384	49152	65536	131072	0	16384	65536	49152	114688	0	16384	65536	65536
18	131072	0	0	65536	65536	122880	8192	0	65536	65536	114688	0	16384	65536	65536	118784	4096	8192	73728	57344	114688	0	0	81920	65536
18	131072	0	0	65536	65536	122880	8192	0	65536	65536	122880	0	8192	65536	65536	114688	0	0	81920	65536	114688	0	0	65536	81920
18	122880	0	8192	65536	65536	122880	8192	0	65536	65536	114688	0	16384	65536	65536	114688	0	0	81920	65536	114688	0	0	65536	81920
18	122880	8192	0	65536	65536	114688	16384	0	65536	65536	114688	8192	8192	65536	65536	114688	0	0	81920	65536	114688	0	0	65536	81920
18	122880	8192	0	65536	65536	114688	8192	8192	65536	65536	114688	0	16384	65536	65536	114688	0	0	81920	65536	114688	0	0	65536	81920
18	114688	0	0	65536	81920	114688	16384	0	65536	65536	114688	0	16384	65536	65536	114688	0	0	81920	65536	110592	4096	8192	65536	73728
18	114688	0	0	65536	81920	114688	16384	0	65536	65536	110592	4096	8192	65536	73728	114688	0	0	81920	65536	106496	8192	0	65536	81920
18	114688	0	0	65536	81920	106496	8192	0	65536	81920	114688	0	16384	65536	65536	114688	0	0	81920	65536	106496	0	8192	65536	81920
18	114688	0	0	65536	81920	106496	8192	0	65536	81920	106496	0	8192	65536	81920	114688	0	0	81920	65536	98304	0	0	65536	98304
18	114688	0	0	81920	65536	106496	8192	0	73728	73728	114688	0	16384	65536	65536	106496	8192	0	81920	65536	98304	0	0	81920	81920
18	114688	0	0	81920	65536	106496	8192	0	81920	65536	114688	0	16384	65536	65536	106496	0	8192	81920	65536	98304	0	0	81920	81920
18	114688	0	0	81920	65536	114688	16384	0	65536	65536	114688	0	16384	65536	65536	106496	8192	0	73728	73728	106496	0	0	73728	81920
18	114688	0	0	81920	65536	106496	8192	0	73728	73728	114688	0	16384	65536	65536	98304	0	0	81920	81920	106496	0	0	73728	81920
18	106496	0	0	73728	81920	114688	16384	0	65536	65536	114688	0	16384	65536	65536	98304	0	0	81920	81920	106496	8192	0	65536	81920
18	106496	0	0	73728	81920	106496	8192	0	65536	81920	114688	0	16384	65536	65536	98304	0	0	81920	81920	98304	0	0	65536	98304
18	114688	0	16384	65536	65536	114688	16384	0	65536	65536	106496	8192	8192	65536	73728	98304	0	16384	81920	65536	106496	0	8192	65536	81920
18	106496	0	8192	65536	81920	114688	16384	0	65536	65536	98304	0	16384	65536	81920	98304	0	16384	81920	65536	106496	8192	0	65536	81920
18	106496	0	8192	65536	81920	106496	8192	0	65536	81920	98304	0	16384	65536	81920	98304	0	16384	81920	65536	98304	0	0	65536	98304
18	106496	0	8192	73728	73728	114688	16384	0	65536	65536	98304	0	16384	81920	65536	106496	0	8192	81920	65536	98304	0	0	81920	81920
18	106496	0	8192	81920	65536	114688	16384	0	65536	65536	98304	0	16384	81920	65536	106496	8192	0	81920	65536	98304	0	0	81920	81920
18	114688	0	16384	65536	65536	114688	16384	0	65536	65536	98304	0	16384	81920	65536	106496	0	8192	73728	73728	106496	0	8192	65536	81920
18	106496	0	8192	73728	73728	114688	16384	0	65536	65536	98304	0	16384	81920	65536	98304	0	0	81920	81920	106496	0	8192	65536	81920
18	106496	0	8192	65536	81920	114688	16384	0	65536	65536	98304	0	16384	81920	65536	98304	0	0	81920	81920	106496	8192	0	65536	81920
18	106496	0	8192	65536	81920	106496	8192	0	65536	81920	98304	0	16384	81920	65536	98304	0	0	81920	81920	98304	0	0	65536	98304
18	106496	8192	0	65536	81920	98304	16384	0	65536	81920	98304	8192	8192	65536	81920	98304	16384	0	81920	65536	98304	0	0	65536	98304
18	106496	8192	0	73728	73728	98304	16384	0	81920	65536	98304	16384	16384	65536	65536	98304	0	0	81920	81920	106496	8192	0	65536	81920
18	106496	8192	0	65536	81920	98304	16384	0	81920	65536	98304	16384	16384	65536	65536	98304	0	0	81920	81920	98304	8192	0	73728	81920
18	114688	16384	0	65536	65536	98304	16384	16384	65536	65536	106496	8192	8192	65536	73728	98304	0	16384	81920	65536	106496	8192	0	65536	81920
18	106496	8192	8192	65536	73728	98304	16384	16384	65536	65536	98304	0	16384	65536	81920	98304	0	16384	81920	65536	106496	8192	0	65536	81920
18	106496	8192	0	65536	81920	98304	16384	16384	65536	65536	98304	0	16384	65536	81920	98304	0	16384	81920	65536	98304	8192	8192	65536	81920
18	106496	8192	0	65536	81920	98304	8192	8192	65536	81920	98304	0	16384	65536	81920	98304	0	16384	81920	65536	98304	0	0	65536	98304
18	114688	16384	0	65536	65536	98304	16384	16384	65536	65536	106496	8192	8192	73728	65536	98304	0	0	81920	81920	106496	8192	0	65536	81920
18	106496	8192	8192	73728	65536	98304	16384	16384	65536	65536	98304	0	16384	81920	65536	98304	0	0	81920	81920	106496	8192	0	65536	81920
18	106496	8192	0	65536	81920	98304	16384	16384	65536	65536	98304	0	16384	81920	65536	98304	0	0	81920	81920	98304	8192	8192	65536	81920
18	106496	8192	0	65536	81920	98304	8192	8192	65536	81920	98304	0	16384	81920	65536	98304	0	0	81920	81920	98304	0	0	65536	98304
18	98304	0	0	81920	81920	98304	16384	0	65536	81920	98304	0	16384	65536	81920	98304	0	0	98304	65536	94208	4096	8192	81920	73728
18	98304	0	0	81920	81920	98304	16384	0	65536	81920	98304	0	16384	65536	81920	94208	4096	8192	81920	73728	90112	8192	16384	65536	81920
18	98304	0	16384	65536	81920	98304	16384	0	65536	81920	98304	8192	16384	65536	73728	98304	0	16384	81920	65536	90112	8192	16384	65536	81920
18	98304	0	16384	65536	81920	98304	16384	0	65536	81920	98304	0	16384	81920	65536	98304	0	0	98304	65536	94208	4096	8192	81920	73728
18	98304	0	16384	65536	81920	98304	16384	0	65536	81920	98304	0	16384	81920	65536	94208	4096	8192	81920	73728	90112	8192	16384	65536	81920
18	98304	16384	0	65536	81920	98304	16384	0	81920	65536	98304	16384	16384	65536	65536	98304	0	0	98304	65536	94208	4096	8192	81920	73728
18	98304	16384	0	65536	81920	98304	16384	0	81920	65536	98304	16384	16384	65536	65536	94208	4096	8192	81920	73728	90112	8192	16384	65536	81920
18	98304	16384	0	65536	81920	98304	16384	16384	65536	65536	98304	8192	16384	65536	73728	98304	0	16384	81920	65536	90112	8192	16384	65536	81920
18	98304	16384	0	65536	81920	98304	16384	16384	65536	65536	98304	0	16384	81920	65536	98304	0	0	98304	65536	94208	4096	8192	81920	73728
18	98304	16384	0	65536	81920	98304	16384	16384	65536	65536	98304	0	16384	81920	65536	94208	4096	8192	81920	73728	90112	8192	16384	65536	81920
18	98304	0	0	81920	81920	98304	16384	0	65536	81920	90112	8192	16384	65536	81920	94208	4096	8192	81920	73728	90112	8192	0	81920	81920
18	98304	0	0	81920	81920	98304	16384	0	65536	81920	94208	4096	8192	81920	73728	98304	0	0	98304	65536	90112	8192	0	81920	81920
18	98304	16384	0	65536	81920	98304	16384	0	81920	65536	90112	8192	16384	65536	81920	94208	4096	8192	81920	73728	90112	8192	0	81920	81920
18	98304	16384	0	65536	81920	98304	16384	0	81920	65536	94208	4096	8192	81920	73728	98304	0	0	98304	65536	90112	8192	0	81920	81920
18	98304	0	0	65536	98304	90112	8192	0	81920	81920	90112	8192	16384	65536	81920	98304	0	0	81920	81920	90112	0	8192	81920	81920
18	98304	0	0	81920	81920	90112	8192	0	81920	81920	90112	8192	16384	65536	81920	98304	0	0	98304	65536	90112	0	8192	81920	81920
18	98304	0	0	81920	81920	90112	8192	16384	65536	81920	98304	0	16384	65536	81920	98304	0	0	98304	65536	90112	0	8192	81920	81920
18	98304	0	16384	65536	81920	90112	8192	16384	65536	81920	98304	0	16384	81920	65536	98304	0	0	98304	65536	90112	0	8192	81920	81920
18	98304	0	0	65536	98304	90112	8192	0	81920	81920	90112	0	8192	81920	81920	98304	0	0	81920	81920	81920	0	0	81920	98304
18	98304	0	0	81920	81920	90112	8192	0	81920	81920	90112	0	8192	81920	81920	98304	0	0	98304	65536	81920	0	0	81920	98304
18	16384	0	0	131072	114688	8192	8192	0	122880	122880	16384	0	16384	114688	114688	8192	8192	0	131072	114688	0	0	0	131072	131072
18	16384	0	0	131072	114688	8192	8192	0	131072	114688	16384	0	16384	114688	114688	8192	0	8192	131072	114688	0	0	0	131072	131072
18	94208	8192	0	86016	73728	90112	16384	0	73728	81920	98304	0	16384	81920	65536	90112	16384	16384	73728	65536	90112	0	16384	73728	81920
18	98304	0	0	98304	65536	94208	8192	0	86016	73728	90112	0	16384	73728	81920	90112	16384	16384	73728	65536	86016	8192	8192	77824	81920
18	94208	8192	0	86016	73728	90112	16384	0	73728	81920	90112	0	16384	73728	81920	90112	16384	16384	73728	65536	86016	8192	8192	77824	81920
18	98304	0	0	98304	65536	90112	16384	0	73728	81920	90112	0	16384	73728	81920	86016	8192	8192	77824	81920	90112	0	0	90112	81920
18	90112	0	0	90112	81920	90112	16384	0	73728	81920	90112	0	16384	73728	81920	86016	8192	8192	77824	81920	81920	0	0	81920	98304
18	98304	0	0	98304	65536	90112	16384	0	73728	81920	86016	8192	8192	77824	81920	81920	16384	0	81920	81920	90112	0	0	90112	81920
18	90112	0	0	90112	81920	90112	16384	0	73728	81920	86016	8192	8192	77824	81920	81920	16384	0	81920	81920	81920	0	0	81920	98304
18	90112	0	0	90112	81920	81920	16384	0	81920	81920	86016	8192	8192	77824	81920	81920	16384	16384	81920	65536	81920	0	0	81920	98304
18	86016	8192	8192	77824	81920	81920	16384	0	81920	81920	77824	16384	16384	69632	81920	81920	16384	16384	81920	65536	81920	0	0	81920	98304
18	81920	16384	16384	81920	65536	81920	16384	0	81920	81920	73728	16384	16384	57344	98304	73728	24576	16384	73728	73728	73728	16384	16384	73728	81920
18	81920	16384	16384	81920	65536	81920	16384	0	81920	81920	77824	16384	16384	69632	81920	73728	16384	16384	73728	81920	81920	0	0	81920	98304
18	81920	0	16384	81920	81920	81920	16384	16384	81920	65536	77824	8192	24576	69632	81920	73728	8192	24576	73728	81920	73728	16384	16384	57344	98304
18	90112	0	0	90112	81920	81920	16384	16384	81920	65536	86016	8192	8192	77824	81920	81920	0	16384	81920	81920	81920	0	0	81920	98304
18	86016	8192	8192	77824	81920	81920	16384	16384	81920	65536	77824	16384	16384	69632	81920	81920	0	16384	81920	81920	81920	0	0	81920	98304
18	81920	0	16384	81920	81920	81920	16384	16384	81920	65536	77824	16384	16384	69632	81920	73728	8192	24576	73728	81920	81920	0	0	81920	98304
18	81920	16384	16384	81920	65536	73728	16384	16384	73728	81920	77824	16384	16384	69632	81920	73728	8192	24576	73728	81920	81920	0	0	81920	98304
18	98304	0	0	98304	65536	94208	8192	8192	86016	65536	90112	0	16384	73728	81920	81920	0	16384	81920	81920	86016	8192	8192	77824	81920
18	98304	0	0	98304	65536	86016	8192	8192	77824	81920	90112	0	16384	73728	81920	81920	0	16384	81920	81920	90112	0	0	90112	81920
18	90112	0	0	90112	81920	86016	8192	8192	77824	81920	90112	0	16384	73728	81920	81920	0	16384	81920	81920	81920	0	0	81920	98304
18	90112	0	0	90112	81920	81920	16384	0	81920	81920	81920	8192	8192	81920	81920	73728	16384	0	90112	81920	81920	0	0	81920	98304
18	90112	0	0	90112	81920	73728	16384	0	90112	81920	81920	8192	8192	81920	81920	81920	0	0	98304	81920	81920	0	0	81920	98304
18	81920	0	0	98304	81920	73728	16384	0	90112	81920	81920	8192	8192	81920	81920	73728	8192	8192	90112	81920	81920	0	0	81920	98304
18	81920	0	0	98304	81920	73728	16384	0	90112	81920	73728	8192	8192	90112	81920	69632	8192	0	94208	90112	81920	0	0	81920	98304
18	81920	0	0	98304	81920	69632	8192	0	94208	90112	73728	8192	8192	90112	81920	65536	0	0	98304	98304	81920	0	0	81920	98304
18	81920	8192	8192	81920	81920	73728	16384	0	90112	81920	65536	16384	16384	81920	81920	73728	8192	8192	90112	81920	81920	0	0	81920	98304
18	73728	8192	8192	90112	81920	73728	16384	0	90112	81920	65536	16384	16384	81920	81920	65536	8192	8192	90112	90112	81920	0	0	81920	98304
18	73728	8192	8192	90112	81920	73728	16384	0	90112	81920	65536	8192	8192	90112	90112	65536	0	0	98304	98304	81920	0	0	81920	98304
18	77824	8192	0	86016	90112	73728	16384	0	90112	81920	73728	8192	8192	81920	90112	65536	0	0	98304	98304	65536	16384	0	81920	98304
18	73728	8192	8192	81920	90112	73728	16384	0	90112	81920	65536	8192	8192	90112	90112	65536	0	0	98304	98304	65536	16384	0	81920	98304
18	73728	16384	0	90112	81920	65536	16384	0	98304	81920	65536	8192	8192	90112	90112	65536	0	0	98304	98304	65536	16384	0	81920	98304
18	90112	0	0	90112	81920	81920	8192	8192	81920	81920	81920	0	16384	81920	81920	73728	0	16384	90112	81920	81920	0	0	81920	98304
18	90112	0	0	90112	81920	81920	8192	8192	81920	81920	73728	0	16384	90112	81920	81920	0	0	98304	81920	81920	0	0	81920	98304
18	81920	0	0	98304	81920	81920	8192	8192	81920	81920	73728	0	16384	90112	81920	73728	8192	8192	90112	81920	81920	0	0	81920	98304
18	81920	0	0	98304	81920	73728	8192	8192	90112	81920	73728	0	16384	90112	81920	69632	0	8192	94208	90112	81920	0	0	81920	98304
18	81920	0	0	98304	81920	73728	8192	8192	90112	81920	69632	0	8192	94208	90112	65536	0	0	98304	98304	81920	0	0	81920	98304
18	81920	8192	8192	81920	81920	65536	16384	16384	81920	81920	73728	0	16384	90112	81920	73728	8192	8192	90112	81920	81920	0	0	81920	98304
18	73728	8192	8192	90112	81920	65536	16384	16384	81920	81920	73728	0	16384	90112	81920	65536	8192	8192	90112	90112	81920	0	0	81920	98304
18	73728	8192	8192	90112	81920	65536	8192	8192	90112	90112	73728	0	16384	90112	81920	65536	0	0	98304	98304	81920	0	0	81920	98304
18	81920	0	0	81920	98304	73728	8192	8192	81920	90112	73728	0	16384	90112	81920	65536	0	0	98304	98304	65536	8192	8192	81920	98304
18	73728	8192	8192	81920	90112	65536	16384	16384	81920	81920	73728	0	16384	90112	81920	65536	0	0	98304	98304	65536	8192	8192	81920	98304
18	73728	0	16384	90112	81920	65536	16384	16384	81920	81920	65536	8192	24576	81920	81920	65536	0	0	98304	98304	65536	8192	8192	81920	98304
18	77824	0	8192	86016	90112	65536	8192	8192	81920	98304	73728	0	16384	90112	81920	65536	0	0	98304	98304	65536	0	16384	81920	98304
18	73728	0	16384	90112	81920	65536	8192	8192	81920	98304	65536	8192	24576	81920	81920	65536	0	0	98304	98304	65536	0	16384	81920	98304
18	73728	0	16384	90112	81920	65536	8192	24576	81920	81920	65536	0	16384	98304	81920	65536	0	0	98304	98304	65536	0	16384	81920	98304
18	65536	0	0	98304	98304	65536	16384	0	98304	81920	65536	4096	8192	94208	90112	57344	8192	8192	98304	90112	65536	16384	0	81920	98304
18	65536	0	0	98304	98304	65536	8192	0	98304	90112	57344	8192	8192	98304	90112	49152	16384	0	98304	98304	65536	16384	0	81920	98304
18	65536	0	0	98304	98304	65536	16384	0	81920	98304	65536	4096	8192	94208	90112	57344	8192	8192	98304	90112	65536	0	16384	81920	98304
18	65536	0	0	98304	98304	65536	8192	16384	90112	81920	65536	0	16384	98304	81920	57344	8192	8192	98304	90112	65536	0	16384	81920	98304
18	65536	0	0	98304	98304	65536	16384	0	81920	98304	57344	8192	8192	98304	90112	49152	16384	0	98304	98304	49152	16384	8192	90112	98304
18	65536	0	0	98304	98304	65536	16384	0	81920	98304	57344	8192	8192	98304	90112	57344	8192	4096	94208	98304	65536	0	16384	81920	98304
18	65536	0	0	98304	98304	49152	16384	0	98304	98304	57344	8192	8192	98304	90112	49152	0	16384	98304	98304	49152	16384	8192	90112	98304
18	65536	0	0	98304	98304	57344	8192	4096	94208	98304	57344	8192	8192	98304	90112	49152	0	16384	98304	98304	65536	0	16384	81920	98304
18	65536	0	0	98304	98304	57344	8192	8192	98304	90112	65536	0	8192	98304	90112	49152	0	16384	98304	98304	65536	0	16384	81920	98304
18	65536	0	0	98304	98304	49152	16384	0	98304	98304	49152	16384	8192	90112	98304	49152	0	16384	98304	98304	57344	8192	0	90112	106496
18	65536	0	0	98304	98304	57344	8192	4096	94208	98304	65536	0	16384	81920	98304	49152	0	16384	98304	98304	57344	8192	0	90112	106496
18	65536	0	0	98304	98304	57344	8192	0	90112	106496	65536	0	16384	81920	98304	49152	0	16384	98304	98304	57344	0	8192	90112	106496
18	65536	0	0	98304	98304	57344	8192	0	98304	98304	57344	0	8192	98304	98304	49152	0	0	114688	98304	49152	0	0	98304	114688
18	57344	0	8192	98304	98304	57344	8192	0	98304	98304	49152	0	16384	98304	98304	49152	0	0	114688	98304	49152	0	0	98304	114688
18	57344	8192	0	98304	98304	49152	16384	0	98304	98304	49152	8192	8192	98304	98304	49152	0	0	114688	98304	49152	0	0	98304	114688
18	57344	8192	0	98304	98304	49152	8192	8192	98304	98304	49152	0	16384	98304	98304	49152	0	0	114688	98304	49152	0	0	98304	114688
18	49152	0	0	114688	98304	49152	16384	0	98304	98304	49152	0	16384	98304	98304	45056	4096	8192	106496	98304	49152	0	0	98304	114688
18	49152	0	0	114688	98304	49152	16384	0	98304	98304	45056	4096	8192	106496	98304	40960	8192	0	114688	98304	49152	0	0	98304	114688
18	49152	0	0	114688	98304	40960	8192	0	114688	98304	49152	0	16384	98304	98304	40960	0	8192	114688	98304	49152	0	0	98304	114688
18	49152	0	0	114688	98304	40960	8192	0	114688	98304	40960	0	8192	114688	98304	32768	0	0	131072	98304	49152	0	0	98304	114688
18	49152	0	16384	98304	98304	49152	16384	0	98304	98304	40960	8192	16384	98304	98304	40960	8192	8192	106496	98304	49152	0	0	98304	114688
18	49152	0	16384	98304	98304	40960	8192	8192	106496	98304	40960	8192	16384	98304	98304	32768	0	16384	114688	98304	49152	0	0	98304	114688
18	49152	0	16384	98304	98304	40960	8192	16384	98304	98304	40960	0	16384	98304	106496	32768	0	16384	114688	98304	49152	0	0	98304	114688
18	49152	0	16384	98304	98304	49152	16384	0	98304	98304	40960	8192	8192	106496	98304	40960	0	8192	114688	98304	49152	0	0	98304	114688
18	49152	0	16384	98304	98304	40960	8192	8192	106496	98304	32768	0	16384	114688	98304	40960	0	8192	114688	98304	49152	0	0	98304	114688
18	40960	0	8192	114688	98304	49152	16384	0	98304	98304	32768	0	16384	114688	98304	40960	8192	0	114688	98304	49152	0	0	98304	114688
18	40960	0	8192	114688	98304	40960	8192	0	114688	98304	32768	0	16384	114688	98304	32768	0	0	131072	98304	49152	0	0	98304	114688
18	49152	16384	0	98304	98304	40960	16384	0	98304	106496	40960	8192	8192	98304	106496	32768	16384	0	114688	98304	49152	0	0	98304	114688
18	49152	16384	0	98304	98304	40960	8192	0	106496	106496	32768	16384	16384	98304	98304	40960	8192	0	114688	98304	49152	0	0	98304	114688
18	40960	8192	0	114688	98304	32768	16384	0	114688	98304	32768	16384	16384	98304	98304	32768	8192	8192	114688	98304	49152	0	0	98304	114688
18	40960	8192	0	114688	98304	32768	16384	0	114688	98304	32768	8192	8192	114688	98304	32768	0	0	131072	98304	49152	0	0	98304	114688
18	49152	16384	0	98304	98304	32768	16384	16384	98304	98304	40960	8192	16384	98304	98304	40960	8192	8192	106496	98304	49152	0	0	98304	114688
18	40960	8192	8192	106496	98304	32768	16384	16384	98304	98304	40960	8192	16384	98304	98304	32768	0	16384	114688	98304	49152	0	0	98304	114688
18	40960	8192	16384	98304	98304	32768	16384	16384	98304	98304	40960	0	16384	98304	106496	32768	0	16384	114688	98304	49152	0	0	98304	114688
18	49152	16384	0	98304	98304	32768	16384	16384	98304	98304	40960	8192	8192	106496	98304	40960	8192	0	114688	98304	49152	0	0	98304	114688
18	40960	8192	8192	106496	98304	32768	16384	16384	98304	98304	32768	0	16384	114688	98304	40960	8192	0	114688	98304	49152	0	0	98304	114688
18	40960	8192	0	114688	98304	32768	16384	16384	98304	98304	32768	0	16384	114688	98304	32768	8192	8192	114688	98304	49152	0	0	98304	114688
18	40960	8192	0	114688	98304	32768	8192	8192	114688	98304	32768	0	16384	114688	98304	32768	0	0	131072	98304	49152	0	0	98304	114688
18	65536	0	0	98304	98304	57344	8192	0	98304	98304	49152	0	16384	98304	98304	49152	0	0	98304	114688	57344	8192	0	90112	106496
18	65536	0	0	98304	98304	57344	8192	0	90112	106496	49152	0	16384	98304	98304	49152	0	0	98304	114688	57344	0	8192	90112	106496
18	32768	0	0	114688	114688	32768	16384	0	114688	98304	32768	0	16384	114688	98304	24576	8192	8192	114688	106496	32768	8192	0	106496	114688
18	32768	0	0	114688	114688	32768	16384	0	114688	98304	24576	8192	8192	114688	106496	16384	16384	0	114688	114688	32768	8192	0	106496	114688
18	32768	0	0	114688	114688	32768	8192	0	106496	114688	32768	0	16384	114688	98304	16384	16384	0	114688	114688	32768	0	8192	106496	114688
18	32768	0	0	114688	114688	32768	8192	0	106496	114688	32768	0	8192	106496	114688	16384	16384	0	114688	114688	32768	0	0	98304	131072
18	32768	0	16384	114688	98304	32768	16384	0	114688	98304	32768	8192	16384	106496	98304	24576	8192	16384	106496	106496	32768	0	16384	98304	114688
18	32768	0	16384	114688	98304	32768	16384	0	114688	98304	32768	0	16384	98304	114688	24576	8192	16384	106496	106496	32768	0	8192	106496	114688
18	32768	0	8192	106496	114688	32768	16384	0	114688	98304	32768	0	16384	98304	114688	24576	8192	16384	106496	106496	32768	0	0	98304	131072
18	32768	0	16384	114688	98304	32768	16384	0	114688	98304	24576	8192	16384	106496	106496	24576	8192	8192	114688	106496	32768	0	8192	106496	114688
18	24576	8192	8192	114688	106496	32768	16384	0	114688	98304	24576	8192	16384	106496	106496	16384	16384	0	114688	114688	32768	0	8192	106496	114688
18	32768	0	8192	106496	114688	32768	16384	0	114688	98304	24576	8192	16384	106496	106496	16384	16384	0	114688	114688	32768	8192	0	106496	114688
18	32768	16384	0	114688	98304	32768	16384	16384	98304	98304	32768	8192	16384	106496	98304	24576	8192	16384	106496	106496	32768	0	16384	98304	114688
18	32768	16384	0	114688	98304	32768	16384	16384	98304	98304	32768	0	16384	98304	114688	24576	8192	16384	106496	106496	32768	8192	0	106496	114688
18	24576	0	8192	122880	106496	24576	8192	0	122880	106496	32768	0	16384	114688	98304	16384	0	16384	114688	114688	32768	0	0	114688	114688
18	24576	8192	0	122880	106496	16384	16384	0	114688	114688	24576	8192	8192	114688	106496	16384	0	16384	114688	114688	32768	0	0	114688	114688
18	24576	8192	0	122880	106496	24576	8192	8192	114688	106496	32768	0	16384	114688	98304	16384	0	16384	114688	114688	32768	0	0	114688	114688
18	32768	0	0	114688	114688	16384	16384	0	114688	114688	24576	8192	8192	114688	106496	16384	0	16384	114688	114688	32768	0	8192	106496	114688
18	32768	0	0	114688	114688	24576	8192	8192	114688	106496	32768	0	16384	114688	98304	16384	0	16384	114688	114688	32768	0	8192	106496	114688
18	32768	0	0	114688	114688	16384	16384	0	114688	114688	32768	0	8192	106496	114688	16384	0	16384	114688	114688	24576	8192	0	106496	122880
18	32768	0	0	114688	114688	24576	8192	0	106496	122880	32768	0	8192	106496	114688	16384	0	16384	114688	114688	32768	0	0	98304	131072
18	24576	0	8192	122880	106496	24576	8192	0	122880	106496	16384	0	16384	114688	114688	16384	0	0	131072	114688	32768	0	0	114688	114688
18	20480	4096	8192	118784	110592	16384	16384	0	114688	114688	16384	0	16384	114688	114688	16384	0	0	131072	114688	32768	0	0	114688	114688
18	32768	0	0	114688	114688	24576	8192	0	114688	114688	16384	0	16384	114688	114688	16384	0	0	131072	114688	24576	0	0	114688	122880
18	24576	8192	0	114688	114688	16384	16384	0	114688	114688	16384	0	16384	114688	114688	16384	0	0	131072	114688	24576	0	0	114688	122880
18	32768	0	0	114688	114688	16384	16384	0	114688	114688	16384	0	16384	114688	114688	24576	0	0	114688	122880	24576	8192	0	106496	122880
18	32768	0	0	114688	114688	24576	8192	0	106496	122880	16384	0	16384	114688	114688	24576	0	0	114688	122880	32768	0	0	98304	131072
18	16384	0	0	131072	114688	16384	8192	0	122880	114688	16384	0	16384	114688	114688	8192	8192	0	122880	122880	16384	0	0	114688	131072
18	16384	8192	0	122880	114688	16384	16384	0	114688	114688	16384	0	16384	114688	114688	8192	8192	0	122880	122880	16384	0	0	114688	131072
18	16384	0	0	131072	114688	8192	8192	0	122880	122880	16384	0	16384	114688	114688	8192	0	8192	122880	122880	16384	0	0	114688	131072
18	16384	0	0	131072	114688	8192	8192	0	122880	122880	8192	0	8192	122880	122880	0	0	0	131072	131072	16384	0	0	114688	131072
18	16384	0	0	131072	114688	16384	8192	0	122880	114688	16384	0	16384	114688	114688	16384	0	0	114688	131072	24576	0	0	114688	122880
18	16384	8192	0	122880	114688	16384	16384	0	114688	114688	16384	0	16384	114688	114688	16384	0	0	114688	131072	24576	0	0	114688	122880
18	40960	0	0	114688	106496	32768	16384	0	114688	98304	32768	0	16384	114688	98304	32768	0	0	114688	114688	40960	8192	0	106496	106496
18	40960	0	0	114688	106496	40960	8192	0	106496	106496	32768	0	16384	114688	98304	32768	0	0	114688	114688	49152	0	0	98304	114688
18	32768	0	0	114688	114688	32768	16384	0	114688	98304	32768	0	16384	114688	98304	32768	8192	0	106496	114688	40960	8192	0	106496	106496
18	32768	0	0	114688	114688	40960	8192	0	106496	106496	32768	0	16384	114688	98304	32768	8192	0	106496	114688	49152	0	0	98304	114688
18	32768	0	0	114688	114688	32768	8192	0	106496	114688	32768	0	16384	114688	98304	32768	0	8192	106496	114688	49152	0	0	98304	114688
18	32768	0	16384	114688	98304	32768	16384	0	114688	98304	32768	8192	16384	106496	98304	32768	0	16384	98304	114688	40960	0	8192	106496	106496
18	40960	0	8192	106496	106496	32768	16384	0	114688	98304	32768	8192	16384	106496	98304	32768	0	16384	98304	114688	49152	0	0	98304	114688
18	32768	0	16384	114688	98304	32768	8192	16384	106496	98304	40960	0	16384	98304	106496	32768	0	16384	98304	114688	49152	0	0	98304	114688
18	32768	0	16384	114688	98304	32768	16384	0	114688	98304	32768	0	16384	98304	114688	32768	0	8192	106496	114688	40960	0	8192	106496	106496
18	40960	0	8192	106496	106496	32768	16384	0	114688	98304	32768	0	16384	98304	114688	32768	0	8192	106496	114688	49152	0	0	98304	114688
18	32768	0	8192	106496	114688	32768	16384	0	114688	98304	32768	0	16384	98304	114688	32768	8192	0	106496	114688	49152	0	0	98304	114688
18	32768	16384	0	114688	98304	32768	16384	16384	98304	98304	32768	8192	16384	106496	98304	32768	8192	8192	106496	106496	49152	0	0	98304	114688
18	32768	16384	0	114688	98304	32768	16384	16384	98304	98304	32768	8192	8192	106496	106496	32768	8192	0	106496	114688	49152	0	0	98304	114688
18	16384	0	0	114688	131072	8192	8192	0	122880	122880	16384	0	16384	114688	114688	0	0	0	131072	131072	8192	8192	0	114688	131072
18	16384	0	0	114688	131072	8192	8192	0	114688	131072	16384	0	16384	114688	114688	0	0	0	131072	131072	8192	0	8192	114688	131072
18	16384	0	16384	114688	114688	16384	16384	0	114688	114688	8192	8192	8192	122880	114688	8192	0	8192	131072	114688	0	0	0	131072	131072
18	8192	0	8192	131072	114688	16384	16384	0	114688	114688	8192	8192	8192	122880	114688	16384	16384	0	131072	98304	0	0	0	131072	131072
18	16384	0	16384	114688	114688	16384	16384	0	114688	114688	16384	8192	16384	106496	114688	8192	8192	8192	122880	114688	16384	0	16384	98304	131072
18	16384	0	16384	114688	114688	16384	16384	0	114688	114688	8192	8192	8192	122880	114688	0	0	0	131072	131072	8192	0	8192	114688	131072
18	16384	0	16384	114688	114688	16384	16384	0	114688	114688	8192	8192	8192	122880	114688	8192	0	8192	114688	131072	16384	0	16384	98304	131072
18	16384	0	16384	114688	114688	16384	8192	16384	106496	114688	8192	0	24576	114688	114688	8192	8192	8192	122880	114688	16384	0	16384	98304	131072
18	16384	0	16384	114688	114688	8192	8192	8192	122880	114688	8192	0	24576	114688	114688	0	0	0	131072	131072	8192	0	8192	114688	131072
18	16384	0	16384	114688	114688	8192	8192	8192	122880	114688	8192	0	24576	114688	114688	8192	0	8192	114688	131072	16384	0	16384	98304	131072
18	16384	0	16384	98304	131072	16384	16384	0	114688	114688	16384	8192	16384	106496	114688	8192	8192	8192	122880	114688	16384	16384	0	98304	131072
18	16384	8192	16384	106496	114688	16384	16384	0	114688	114688	16384	16384	16384	114688	98304	8192	8192	8192	122880	114688	16384	16384	0	98304	131072
18	16384	0	16384	98304	131072	16384	16384	0	114688	114688	8192	8192	8192	122880	114688	8192	0	8192	114688	131072	16384	16384	0	98304	131072
18	8192	0	8192	114688	131072	16384	16384	0	114688	114688	8192	8192	8192	122880	114688	0	0	0	131072	131072	16384	16384	0	98304	131072
18	16384	0	16384	98304	131072	16384	16384	16384	114688	98304	8192	0	24576	114688	114688	8192	8192	8192	122880	114688	8192	8192	16384	114688	114688
18	16384	0	16384	98304	131072	8192	8192	8192	122880	114688	8192	0	24576	114688	114688	0	0	0	131072	131072	8192	8192	16384	114688	114688
18	16384	0	16384	98304	131072	16384	8192	16384	106496	114688	8192	8192	16384	114688	114688	8192	8192	8192	122880	114688	16384	16384	0	98304	131072
18	16384	8192	16384	106496	114688	16384	16384	16384	114688	98304	8192	8192	16384	114688	114688	8192	8192	8192	122880	114688	16384	16384	0	98304	131072
18	16384	0	16384	98304	131072	8192	8192	8192	122880	114688	8192	8192	16384	114688	114688	8192	0	8192	114688	131072	16384	16384	0	98304	131072
18	8192	0	8192	114688	131072	8192	8192	8192	122880	114688	8192	8192	16384	114688	114688	0	0	0	131072	131072	16384	16384	0	98304	131072
18	8192	0	24576	114688	114688	8192	8192	16384	114688	114688	0	0	16384	131072	114688	0	0	0	131072	131072	0	0	16384	114688	131072
18	4096	12288	0	122880	122880	0	16384	0	131072	114688	0	16384	16384	114688	114688	0	0	0	131072	131072	0	16384	0	114688	131072
18	16384	16384	0	114688	114688	0	16384	16384	114688	114688	16384	16384	8192	106496	114688	8192	8192	8192	122880	114688	16384	16384	0	98304	131072
18	16384	16384	0	114688	114688	0	16384	16384	114688	114688	8192	8192	8192	122880	114688	0	0	0	131072	131072	8192	8192	0	114688	131072
18	16384	16384	0	114688	114688	0	16384	16384	114688	114688	8192	8192	8192	122880	114688	8192	8192	0	114688	131072	16384	16384	0	98304	131072
18	16384	16384	8192	106496	114688	0	16384	16384	114688	114688	8192	8192	16384	114688	114688	8192	8192	8192	122880	114688	16384	16384	0	98304	131072
18	8192	8192	8192	122880	114688	0	16384	16384	114688	114688	8192	8192	16384	114688	114688	0	0	0	131072	131072	8192	8192	0	114688	131072
18	8192	8192	8192	122880	114688	0	16384	16384	114688	114688	8192	8192	16384	114688	114688	8192	8192	0	114688	131072	16384	16384	0	98304	131072
18	8192	8192	16384	114688	114688	0	8192	24576	114688	114688	0	0	16384	131072	114688	0	0	0	131072	131072	0	0	16384	114688	131072
