family	group	indicator_mask	indicator_size	class_scale	plain_numerator	average_scaled_numerator	comparison_sign
all_indicator	Q8	255	8	2	134217728	4398046511104	0
all_indicator	Q8	254	7	2	18388027	602538868736	0
all_indicator	Q8	253	7	2	18388027	602538868736	0
all_indicator	Q8	252	6	2	2244096	73534537728	0
all_indicator	Q8	251	7	2	18388027	597373084160	1
all_indicator	Q8	250	6	2	2074646	64829053952	1
all_indicator	Q8	249	6	2	2074646	64829053952	1
all_indicator	Q8	248	5	2	345965	11227513344	1
all_indicator	Q8	247	7	2	18388027	597373084160	1
all_indicator	Q8	246	6	2	2074646	64829053952	1
all_indicator	Q8	245	6	2	2074646	64829053952	1
all_indicator	Q8	244	5	2	345965	11227513344	1
all_indicator	Q8	243	6	2	2244096	73534537728	0
all_indicator	Q8	242	5	2	345965	11336581120	0
all_indicator	Q8	241	5	2	345965	11336581120	0
all_indicator	Q8	240	4	2	262144	8589934592	0
all_indicator	Q8	239	7	2	18388027	597373084160	1
all_indicator	Q8	238	6	2	2074646	64829053952	1
all_indicator	Q8	237	6	2	2074646	64829053952	1
all_indicator	Q8	236	5	2	345965	11227513344	1
all_indicator	Q8	235	6	2	2074646	63892094976	1
all_indicator	Q8	234	5	2	170825	4061314048	1
all_indicator	Q8	233	5	2	170825	4061314048	1
all_indicator	Q8	232	4	2	13414	322437120	1
all_indicator	Q8	231	6	2	2074646	63892094976	1
all_indicator	Q8	230	5	2	170825	4061314048	1
all_indicator	Q8	229	5	2	170825	4061314048	1
all_indicator	Q8	228	4	2	13414	322437120	1
all_indicator	Q8	227	5	2	345965	11227513344	1
all_indicator	Q8	226	4	2	13414	346807296	1
all_indicator	Q8	225	4	2	13414	346807296	1
all_indicator	Q8	224	3	2	4383	124789248	1
all_indicator	Q8	223	7	2	18388027	597373084160	1
all_indicator	Q8	222	6	2	2074646	64829053952	1
all_indicator	Q8	221	6	2	2074646	64829053952	1
all_indicator	Q8	220	5	2	345965	11227513344	1
all_indicator	Q8	219	6	2	2074646	63892094976	1
all_indicator	Q8	218	5	2	170825	4061314048	1
all_indicator	Q8	217	5	2	170825	4061314048	1
all_indicator	Q8	216	4	2	13414	322437120	1
all_indicator	Q8	215	6	2	2074646	63892094976	1
all_indicator	Q8	214	5	2	170825	4061314048	1
all_indicator	Q8	213	5	2	170825	4061314048	1
all_indicator	Q8	212	4	2	13414	322437120	1
all_indicator	Q8	211	5	2	345965	11227513344	1
all_indicator	Q8	210	4	2	13414	346807296	1
all_indicator	Q8	209	4	2	13414	346807296	1
all_indicator	Q8	208	3	2	4383	124789248	1
all_indicator	Q8	207	6	2	2244096	73534537728	0
all_indicator	Q8	206	5	2	345965	11336581120	0
all_indicator	Q8	205	5	2	345965	11336581120	0
all_indicator	Q8	204	4	2	262144	8589934592	0
all_indicator	Q8	203	5	2	345965	11227513344	1
all_indicator	Q8	202	4	2	13414	346807296	1
all_indicator	Q8	201	4	2	13414	346807296	1
all_indicator	Q8	200	3	2	4383	124789248	1
all_indicator	Q8	199	5	2	345965	11227513344	1
all_indicator	Q8	198	4	2	13414	346807296	1
all_indicator	Q8	197	4	2	13414	346807296	1
all_indicator	Q8	196	3	2	4383	124789248	1
all_indicator	Q8	195	4	2	262144	8589934592	0
all_indicator	Q8	194	3	2	4383	143622144	0
all_indicator	Q8	193	3	2	4383	143622144	0
all_indicator	Q8	192	2	2	512	16777216	0
all_indicator	Q8	191	7	2	18388027	597373084160	1
all_indicator	Q8	190	6	2	2074646	64829053952	1
all_indicator	Q8	189	6	2	2074646	64829053952	1
all_indicator	Q8	188	5	2	345965	11227513344	1
all_indicator	Q8	187	6	2	2074646	63892094976	1
all_indicator	Q8	186	5	2	170825	4061314048	1
all_indicator	Q8	185	5	2	170825	4061314048	1
all_indicator	Q8	184	4	2	13414	322437120	1
all_indicator	Q8	183	6	2	2074646	63892094976	1
all_indicator	Q8	182	5	2	170825	4061314048	1
all_indicator	Q8	181	5	2	170825	4061314048	1
all_indicator	Q8	180	4	2	13414	322437120	1
all_indicator	Q8	179	5	2	345965	11227513344	1
all_indicator	Q8	178	4	2	13414	346807296	1
all_indicator	Q8	177	4	2	13414	346807296	1
all_indicator	Q8	176	3	2	4383	124789248	1
all_indicator	Q8	175	6	2	2074646	63892094976	1
all_indicator	Q8	174	5	2	170825	4061314048	1
all_indicator	Q8	173	5	2	170825	4061314048	1
all_indicator	Q8	172	4	2	13414	322437120	1
all_indicator	Q8	171	5	2	170825	3921352192	1
all_indicator	Q8	170	4	2	16384	147052544	1
all_indicator	Q8	169	4	2	16384	147052544	1
all_indicator	Q8	168	3	2	843	2244096	1
all_indicator	Q8	167	5	2	170825	3921352192	1
all_indicator	Q8	166	4	2	16384	147052544	1
all_indicator	Q8	165	4	2	16384	147052544	1
all_indicator	Q8	164	3	2	843	2244096	1
all_indicator	Q8	163	4	2	13414	322437120	1
all_indicator	Q8	162	3	2	843	3259392	1
all_indicator	Q8	161	3	2	843	3259392	1
all_indicator	Q8	160	2	2	102	262144	1
all_indicator	Q8	159	6	2	2074646	63892094976	1
all_indicator	Q8	158	5	2	170825	4061314048	1
all_indicator	Q8	157	5	2	170825	4061314048	1
all_indicator	Q8	156	4	2	13414	322437120	1
all_indicator	Q8	155	5	2	170825	3921352192	1
all_indicator	Q8	154	4	2	16384	147052544	1
all_indicator	Q8	153	4	2	16384	147052544	1
all_indicator	Q8	152	3	2	843	2244096	1
all_indicator	Q8	151	5	2	170825	3921352192	1
all_indicator	Q8	150	4	2	16384	147052544	1
all_indicator	Q8	149	4	2	16384	147052544	1
all_indicator	Q8	148	3	2	843	2244096	1
all_indicator	Q8	147	4	2	13414	322437120	1
all_indicator	Q8	146	3	2	843	3259392	1
all_indicator	Q8	145	3	2	843	3259392	1
all_indicator	Q8	144	2	2	102	262144	1
all_indicator	Q8	143	5	2	345965	11227513344	1
all_indicator	Q8	142	4	2	13414	346807296	1
all_indicator	Q8	141	4	2	13414	346807296	1
all_indicator	Q8	140	3	2	4383	124789248	1
all_indicator	Q8	139	4	2	13414	322437120	1
all_indicator	Q8	138	3	2	843	3259392	1
all_indicator	Q8	137	3	2	843	3259392	1
all_indicator	Q8	136	2	2	102	262144	1
all_indicator	Q8	135	4	2	13414	322437120	1
all_indicator	Q8	134	3	2	843	3259392	1
all_indicator	Q8	133	3	2	843	3259392	1
all_indicator	Q8	132	2	2	102	262144	1
all_indicator	Q8	131	3	2	4383	124789248	1
all_indicator	Q8	130	2	2	102	629760	1
all_indicator	Q8	129	2	2	102	629760	1
all_indicator	Q8	128	1	2	1	512	1
all_indicator	Q8	127	7	2	18388027	597373084160	1
all_indicator	Q8	126	6	2	2074646	64829053952	1
all_indicator	Q8	125	6	2	2074646	64829053952	1
all_indicator	Q8	124	5	2	345965	11227513344	1
all_indicator	Q8	123	6	2	2074646	63892094976	1
all_indicator	Q8	122	5	2	170825	4061314048	1
all_indicator	Q8	121	5	2	170825	4061314048	1
all_indicator	Q8	120	4	2	13414	322437120	1
all_indicator	Q8	119	6	2	2074646	63892094976	1
all_indicator	Q8	118	5	2	170825	4061314048	1
all_indicator	Q8	117	5	2	170825	4061314048	1
all_indicator	Q8	116	4	2	13414	322437120	1
all_indicator	Q8	115	5	2	345965	11227513344	1
all_indicator	Q8	114	4	2	13414	346807296	1
all_indicator	Q8	113	4	2	13414	346807296	1
all_indicator	Q8	112	3	2	4383	124789248	1
all_indicator	Q8	111	6	2	2074646	63892094976	1
all_indicator	Q8	110	5	2	170825	4061314048	1
all_indicator	Q8	109	5	2	170825	4061314048	1
all_indicator	Q8	108	4	2	13414	322437120	1
all_indicator	Q8	107	5	2	170825	3921352192	1
all_indicator	Q8	106	4	2	16384	147052544	1
all_indicator	Q8	105	4	2	16384	147052544	1
all_indicator	Q8	104	3	2	843	2244096	1
all_indicator	Q8	103	5	2	170825	3921352192	1
all_indicator	Q8	102	4	2	16384	147052544	1
all_indicator	Q8	101	4	2	16384	147052544	1
all_indicator	Q8	100	3	2	843	2244096	1
all_indicator	Q8	99	4	2	13414	322437120	1
all_indicator	Q8	98	3	2	843	3259392	1
all_indicator	Q8	97	3	2	843	3259392	1
all_indicator	Q8	96	2	2	102	262144	1
all_indicator	Q8	95	6	2	2074646	63892094976	1
all_indicator	Q8	94	5	2	170825	4061314048	1
all_indicator	Q8	93	5	2	170825	4061314048	1
all_indicator	Q8	92	4	2	13414	322437120	1
all_indicator	Q8	91	5	2	170825	3921352192	1
all_indicator	Q8	90	4	2	16384	147052544	1
all_indicator	Q8	89	4	2	16384	147052544	1
all_indicator	Q8	88	3	2	843	2244096	1
all_indicator	Q8	87	5	2	170825	3921352192	1
all_indicator	Q8	86	4	2	16384	147052544	1
all_indicator	Q8	85	4	2	16384	147052544	1
all_indicator	Q8	84	3	2	843	2244096	1
all_indicator	Q8	83	4	2	13414	322437120	1
all_indicator	Q8	82	3	2	843	3259392	1
all_indicator	Q8	81	3	2	843	3259392	1
all_indicator	Q8	80	2	2	102	262144	1
all_indicator	Q8	79	5	2	345965	11227513344	1
all_indicator	Q8	78	4	2	13414	346807296	1
all_indicator	Q8	77	4	2	13414	346807296	1
all_indicator	Q8	76	3	2	4383	124789248	1
all_indicator	Q8	75	4	2	13414	322437120	1
all_indicator	Q8	74	3	2	843	3259392	1
all_indicator	Q8	73	3	2	843	3259392	1
all_indicator	Q8	72	2	2	102	262144	1
all_indicator	Q8	71	4	2	13414	322437120	1
all_indicator	Q8	70	3	2	843	3259392	1
all_indicator	Q8	69	3	2	843	3259392	1
all_indicator	Q8	68	2	2	102	262144	1
all_indicator	Q8	67	3	2	4383	124789248	1
all_indicator	Q8	66	2	2	102	629760	1
all_indicator	Q8	65	2	2	102	629760	1
all_indicator	Q8	64	1	2	1	512	1
all_indicator	Q8	63	6	2	2244096	73534537728	0
all_indicator	Q8	62	5	2	345965	11336581120	0
all_indicator	Q8	61	5	2	345965	11336581120	0
all_indicator	Q8	60	4	2	262144	8589934592	0
all_indicator	Q8	59	5	2	345965	11227513344	1
all_indicator	Q8	58	4	2	13414	346807296	1
all_indicator	Q8	57	4	2	13414	346807296	1
all_indicator	Q8	56	3	2	4383	124789248	1
all_indicator	Q8	55	5	2	345965	11227513344	1
all_indicator	Q8	54	4	2	13414	346807296	1
all_indicator	Q8	53	4	2	13414	346807296	1
all_indicator	Q8	52	3	2	4383	124789248	1
all_indicator	Q8	51	4	2	262144	8589934592	0
all_indicator	Q8	50	3	2	4383	143622144	0
all_indicator	Q8	49	3	2	4383	143622144	0
all_indicator	Q8	48	2	2	512	16777216	0
all_indicator	Q8	47	5	2	345965	11227513344	1
all_indicator	Q8	46	4	2	13414	346807296	1
all_indicator	Q8	45	4	2	13414	346807296	1
all_indicator	Q8	44	3	2	4383	124789248	1
all_indicator	Q8	43	4	2	13414	322437120	1
all_indicator	Q8	42	3	2	843	3259392	1
all_indicator	Q8	41	3	2	843	3259392	1
all_indicator	Q8	40	2	2	102	262144	1
all_indicator	Q8	39	4	2	13414	322437120	1
all_indicator	Q8	38	3	2	843	3259392	1
all_indicator	Q8	37	3	2	843	3259392	1
all_indicator	Q8	36	2	2	102	262144	1
all_indicator	Q8	35	3	2	4383	124789248	1
all_indicator	Q8	34	2	2	102	629760	1
all_indicator	Q8	33	2	2	102	629760	1
all_indicator	Q8	32	1	2	1	512	1
all_indicator	Q8	31	5	2	345965	11227513344	1
all_indicator	Q8	30	4	2	13414	346807296	1
all_indicator	Q8	29	4	2	13414	346807296	1
all_indicator	Q8	28	3	2	4383	124789248	1
all_indicator	Q8	27	4	2	13414	322437120	1
all_indicator	Q8	26	3	2	843	3259392	1
all_indicator	Q8	25	3	2	843	3259392	1
all_indicator	Q8	24	2	2	102	262144	1
all_indicator	Q8	23	4	2	13414	322437120	1
all_indicator	Q8	22	3	2	843	3259392	1
all_indicator	Q8	21	3	2	843	3259392	1
all_indicator	Q8	20	2	2	102	262144	1
all_indicator	Q8	19	3	2	4383	124789248	1
all_indicator	Q8	18	2	2	102	629760	1
all_indicator	Q8	17	2	2	102	629760	1
all_indicator	Q8	16	1	2	1	512	1
all_indicator	Q8	15	4	2	262144	8589934592	0
all_indicator	Q8	14	3	2	4383	143622144	0
all_indicator	Q8	13	3	2	4383	143622144	0
all_indicator	Q8	12	2	2	512	16777216	0
all_indicator	Q8	11	3	2	4383	124789248	1
all_indicator	Q8	10	2	2	102	629760	1
all_indicator	Q8	9	2	2	102	629760	1
all_indicator	Q8	8	1	2	1	512	1
all_indicator	Q8	7	3	2	4383	124789248	1
all_indicator	Q8	6	2	2	102	629760	1
all_indicator	Q8	5	2	2	102	629760	1
all_indicator	Q8	4	1	2	1	512	1
all_indicator	Q8	3	2	2	512	16777216	0
all_indicator	Q8	2	1	2	1	32768	0
all_indicator	Q8	1	1	2	1	32768	0
all_indicator	Q8	0	0	2	0	0	0
all_indicator	D8	255	8	2	134217728	4398046511104	0
all_indicator	D8	254	7	2	18388027	602538868736	0
all_indicator	D8	253	7	2	18388027	597373084160	1
all_indicator	D8	252	6	2	2244096	64829053952	1
all_indicator	D8	251	7	2	18388027	597373084160	1
all_indicator	D8	250	6	2	2074646	64829053952	1
all_indicator	D8	249	6	2	2244096	63892094976	1
all_indicator	D8	248	5	2	247485	4061314048	1
all_indicator	D8	247	7	2	18388027	597373084160	1
all_indicator	D8	246	6	2	2244096	64829053952	1
all_indicator	D8	245	6	2	2074646	63892094976	1
all_indicator	D8	244	5	2	247485	4061314048	1
all_indicator	D8	243	6	2	2244096	63892094976	1
all_indicator	D8	242	5	2	247485	4061314048	1
all_indicator	D8	241	5	2	247485	3921352192	1
all_indicator	D8	240	4	2	52224	147052544	1
all_indicator	D8	239	7	2	18388027	602538868736	0
all_indicator	D8	238	6	2	2244096	73534537728	0
all_indicator	D8	237	6	2	2244096	64829053952	1
all_indicator	D8	236	5	2	345965	11227513344	1
all_indicator	D8	235	6	2	2074646	64829053952	1
all_indicator	D8	234	5	2	345965	11227513344	1
all_indicator	D8	233	5	2	247485	4061314048	1
all_indicator	D8	232	4	2	16384	322437120	1
all_indicator	D8	231	6	2	2244096	64829053952	1
all_indicator	D8	230	5	2	345965	11227513344	1
all_indicator	D8	229	5	2	247485	4061314048	1
all_indicator	D8	228	4	2	13414	322437120	1
all_indicator	D8	227	5	2	247485	4061314048	1
all_indicator	D8	226	4	2	16384	322437120	1
all_indicator	D8	225	4	2	52224	147052544	1
all_indicator	D8	224	3	2	2803	2244096	1
all_indicator	D8	223	7	2	18388027	597373084160	1
all_indicator	D8	222	6	2	2244096	64829053952	1
all_indicator	D8	221	6	2	2244096	73534537728	0
all_indicator	D8	220	5	2	345965	11336581120	0
all_indicator	D8	219	6	2	2244096	63892094976	1
all_indicator	D8	218	5	2	247485	4061314048	1
all_indicator	D8	217	5	2	345965	11227513344	1
all_indicator	D8	216	4	2	13414	346807296	1
all_indicator	D8	215	6	2	2074646	63892094976	1
all_indicator	D8	214	5	2	247485	4061314048	1
all_indicator	D8	213	5	2	345965	11227513344	1
all_indicator	D8	212	4	2	16384	346807296	1
all_indicator	D8	211	5	2	247485	3921352192	1
all_indicator	D8	210	4	2	52224	147052544	1
all_indicator	D8	209	4	2	16384	322437120	1
all_indicator	D8	208	3	2	2803	3259392	1
all_indicator	D8	207	6	2	2244096	64829053952	1
all_indicator	D8	206	5	2	345965	11227513344	1
all_indicator	D8	205	5	2	345965	11336581120	0
all_indicator	D8	204	4	2	262144	8589934592	0
all_indicator	D8	203	5	2	247485	4061314048	1
all_indicator	D8	202	4	2	16384	322437120	1
all_indicator	D8	201	4	2	13414	346807296	1
all_indicator	D8	200	3	2	4383	124789248	1
all_indicator	D8	199	5	2	247485	4061314048	1
all_indicator	D8	198	4	2	13414	322437120	1
all_indicator	D8	197	4	2	16384	346807296	1
all_indicator	D8	196	3	2	4383	124789248	1
all_indicator	D8	195	4	2	52224	147052544	1
all_indicator	D8	194	3	2	2803	2244096	1
all_indicator	D8	193	3	2	2803	3259392	1
all_indicator	D8	192	2	2	512	262144	1
all_indicator	D8	191	7	2	18388027	597373084160	1
all_indicator	D8	190	6	2	2074646	64829053952	1
all_indicator	D8	189	6	2	2244096	63892094976	1
all_indicator	D8	188	5	2	247485	4061314048	1
all_indicator	D8	187	6	2	2244096	73534537728	0
all_indicator	D8	186	5	2	345965	11336581120	0
all_indicator	D8	185	5	2	345965	11227513344	1
all_indicator	D8	184	4	2	16384	346807296	1
all_indicator	D8	183	6	2	2244096	63892094976	1
all_indicator	D8	182	5	2	247485	4061314048	1
all_indicator	D8	181	5	2	247485	3921352192	1
all_indicator	D8	180	4	2	52224	147052544	1
all_indicator	D8	179	5	2	345965	11227513344	1
all_indicator	D8	178	4	2	16384	346807296	1
all_indicator	D8	177	4	2	13414	322437120	1
all_indicator	D8	176	3	2	2803	3259392	1
all_indicator	D8	175	6	2	2074646	64829053952	1
all_indicator	D8	174	5	2	345965	11227513344	1
all_indicator	D8	173	5	2	247485	4061314048	1
all_indicator	D8	172	4	2	16384	322437120	1
all_indicator	D8	171	5	2	345965	11336581120	0
all_indicator	D8	170	4	2	262144	8589934592	0
all_indicator	D8	169	4	2	16384	346807296	1
all_indicator	D8	168	3	2	4383	124789248	1
all_indicator	D8	167	5	2	247485	4061314048	1
all_indicator	D8	166	4	2	16384	322437120	1
all_indicator	D8	165	4	2	52224	147052544	1
all_indicator	D8	164	3	2	2803	2244096	1
all_indicator	D8	163	4	2	16384	346807296	1
all_indicator	D8	162	3	2	4383	124789248	1
all_indicator	D8	161	3	2	2803	3259392	1
all_indicator	D8	160	2	2	102	262144	1
all_indicator	D8	159	6	2	2244096	63892094976	1
all_indicator	D8	158	5	2	247485	4061314048	1
all_indicator	D8	157	5	2	345965	11227513344	1
all_indicator	D8	156	4	2	13414	346807296	1
all_indicator	D8	155	5	2	345965	11227513344	1
all_indicator	D8	154	4	2	16384	346807296	1
all_indicator	D8	153	4	2	262144	8589934592	0
all_indicator	D8	152	3	2	4383	143622144	0
all_indicator	D8	151	5	2	247485	3921352192	1
all_indicator	D8	150	4	2	52224	147052544	1
all_indicator	D8	149	4	2	16384	322437120	1
all_indicator	D8	148	3	2	2803	3259392	1
all_indicator	D8	147	4	2	13414	322437120	1
all_indicator	D8	146	3	2	2803	3259392	1
all_indicator	D8	145	3	2	4383	124789248	1
all_indicator	D8	144	2	2	512	629760	1
all_indicator	D8	143	5	2	247485	4061314048	1
all_indicator	D8	142	4	2	16384	322437120	1
all_indicator	D8	141	4	2	13414	346807296	1
all_indicator	D8	140	3	2	4383	124789248	1
all_indicator	D8	139	4	2	16384	346807296	1
all_indicator	D8	138	3	2	4383	124789248	1
all_indicator	D8	137	3	2	4383	143622144	0
all_indicator	D8	136	2	2	512	16777216	0
all_indicator	D8	135	4	2	52224	147052544	1
all_indicator	D8	134	3	2	2803	2244096	1
all_indicator	D8	133	3	2	2803	3259392	1
all_indicator	D8	132	2	2	512	262144	1
all_indicator	D8	131	3	2	2803	3259392	1
all_indicator	D8	130	2	2	102	262144	1
all_indicator	D8	129	2	2	512	629760	1
all_indicator	D8	128	1	2	1	512	1
all_indicator	D8	127	7	2	18388027	597373084160	1
all_indicator	D8	126	6	2	2244096	64829053952	1
all_indicator	D8	125	6	2	2074646	63892094976	1
all_indicator	D8	124	5	2	247485	4061314048	1
all_indicator	D8	123	6	2	2244096	63892094976	1
all_indicator	D8	122	5	2	247485	4061314048	1
all_indicator	D8	121	5	2	247485	3921352192	1
all_indicator	D8	120	4	2	52224	147052544	1
all_indicator	D8	119	6	2	2244096	73534537728	0
all_indicator	D8	118	5	2	345965	11336581120	0
all_indicator	D8	117	5	2	345965	11227513344	1
all_indicator	D8	116	4	2	16384	346807296	1
all_indicator	D8	115	5	2	345965	11227513344	1
all_indicator	D8	114	4	2	13414	346807296	1
all_indicator	D8	113	4	2	16384	322437120	1
all_indicator	D8	112	3	2	2803	3259392	1
all_indicator	D8	111	6	2	2244096	64829053952	1
all_indicator	D8	110	5	2	345965	11227513344	1
all_indicator	D8	109	5	2	247485	4061314048	1
all_indicator	D8	108	4	2	13414	322437120	1
all_indicator	D8	107	5	2	247485	4061314048	1
all_indicator	D8	106	4	2	16384	322437120	1
all_indicator	D8	105	4	2	52224	147052544	1
all_indicator	D8	104	3	2	2803	2244096	1
all_indicator	D8	103	5	2	345965	11336581120	0
all_indicator	D8	102	4	2	262144	8589934592	0
all_indicator	D8	101	4	2	16384	346807296	1
all_indicator	D8	100	3	2	4383	124789248	1
all_indicator	D8	99	4	2	13414	346807296	1
all_indicator	D8	98	3	2	4383	124789248	1
all_indicator	D8	97	3	2	2803	3259392	1
all_indicator	D8	96	2	2	512	262144	1
all_indicator	D8	95	6	2	2074646	63892094976	1
all_indicator	D8	94	5	2	247485	4061314048	1
all_indicator	D8	93	5	2	345965	11227513344	1
all_indicator	D8	92	4	2	16384	346807296	1
all_indicator	D8	91	5	2	247485	3921352192	1
all_indicator	D8	90	4	2	52224	147052544	1
all_indicator	D8	89	4	2	16384	322437120	1
all_indicator	D8	88	3	2	2803	3259392	1
all_indicator	D8	87	5	2	345965	11227513344	1
all_indicator	D8	86	4	2	16384	346807296	1
all_indicator	D8	85	4	2	262144	8589934592	0
all_indicator	D8	84	3	2	4383	143622144	0
all_indicator	D8	83	4	2	16384	322437120	1
all_indicator	D8	82	3	2	2803	3259392	1
all_indicator	D8	81	3	2	4383	124789248	1
all_indicator	D8	80	2	2	102	629760	1
all_indicator	D8	79	5	2	247485	4061314048	1
all_indicator	D8	78	4	2	13414	322437120	1
all_indicator	D8	77	4	2	16384	346807296	1
all_indicator	D8	76	3	2	4383	124789248	1
all_indicator	D8	75	4	2	52224	147052544	1
all_indicator	D8	74	3	2	2803	2244096	1
all_indicator	D8	73	3	2	2803	3259392	1
all_indicator	D8	72	2	2	512	262144	1
all_indicator	D8	71	4	2	16384	346807296	1
all_indicator	D8	70	3	2	4383	124789248	1
all_indicator	D8	69	3	2	4383	143622144	0
all_indicator	D8	68	2	2	512	16777216	0
all_indicator	D8	67	3	2	2803	3259392	1
all_indicator	D8	66	2	2	512	262144	1
all_indicator	D8	65	2	2	102	629760	1
all_indicator	D8	64	1	2	1	512	1
all_indicator	D8	63	6	2	2244096	63892094976	1
all_indicator	D8	62	5	2	247485	4061314048	1
all_indicator	D8	61	5	2	247485	3921352192	1
all_indicator	D8	60	4	2	52224	147052544	1
all_indicator	D8	59	5	2	345965	11227513344	1
all_indicator	D8	58	4	2	16384	346807296	1
all_indicator	D8	57	4	2	13414	322437120	1
all_indicator	D8	56	3	2	2803	3259392	1
all_indicator	D8	55	5	2	345965	11227513344	1
all_indicator	D8	54	4	2	13414	346807296	1
all_indicator	D8	53	4	2	16384	322437120	1
all_indicator	D8	52	3	2	2803	3259392	1
all_indicator	D8	51	4	2	262144	8589934592	0
all_indicator	D8	50	3	2	4383	143622144	0
all_indicator	D8	49	3	2	4383	124789248	1
all_indicator	D8	48	2	2	512	629760	1
all_indicator	D8	47	5	2	247485	4061314048	1
all_indicator	D8	46	4	2	16384	322437120	1
all_indicator	D8	45	4	2	52224	147052544	1
all_indicator	D8	44	3	2	2803	2244096	1
all_indicator	D8	43	4	2	16384	346807296	1
all_indicator	D8	42	3	2	4383	124789248	1
all_indicator	D8	41	3	2	2803	3259392	1
all_indicator	D8	40	2	2	102	262144	1
all_indicator	D8	39	4	2	13414	346807296	1
all_indicator	D8	38	3	2	4383	124789248	1
all_indicator	D8	37	3	2	2803	3259392	1
all_indicator	D8	36	2	2	512	262144	1
all_indicator	D8	35	3	2	4383	143622144	0
all_indicator	D8	34	2	2	512	16777216	0
all_indicator	D8	33	2	2	512	629760	1
all_indicator	D8	32	1	2	1	512	1
all_indicator	D8	31	5	2	247485	3921352192	1
all_indicator	D8	30	4	2	52224	147052544	1
all_indicator	D8	29	4	2	16384	322437120	1
all_indicator	D8	28	3	2	2803	3259392	1
all_indicator	D8	27	4	2	13414	322437120	1
all_indicator	D8	26	3	2	2803	3259392	1
all_indicator	D8	25	3	2	4383	124789248	1
all_indicator	D8	24	2	2	512	629760	1
all_indicator	D8	23	4	2	16384	322437120	1
all_indicator	D8	22	3	2	2803	3259392	1
all_indicator	D8	21	3	2	4383	124789248	1
all_indicator	D8	20	2	2	102	629760	1
all_indicator	D8	19	3	2	4383	124789248	1
all_indicator	D8	18	2	2	512	629760	1
all_indicator	D8	17	2	2	512	16777216	0
all_indicator	D8	16	1	2	1	32768	0
all_indicator	D8	15	4	2	52224	147052544	1
all_indicator	D8	14	3	2	2803	2244096	1
all_indicator	D8	13	3	2	2803	3259392	1
all_indicator	D8	12	2	2	512	262144	1
all_indicator	D8	11	3	2	2803	3259392	1
all_indicator	D8	10	2	2	102	262144	1
all_indicator	D8	9	2	2	512	629760	1
all_indicator	D8	8	1	2	1	512	1
all_indicator	D8	7	3	2	2803	3259392	1
all_indicator	D8	6	2	2	512	262144	1
all_indicator	D8	5	2	2	102	629760	1
all_indicator	D8	4	1	2	1	512	1
all_indicator	D8	3	2	2	512	629760	1
all_indicator	D8	2	1	2	1	512	1
all_indicator	D8	1	1	2	1	32768	0
all_indicator	D8	0	0	2	0	0	0
all_indicator	S3	63	6	6	10077696	4738381338321616896	0
all_indicator	S3	62	5	6	683085	321176310189096960	0
all_indicator	S3	61	5	6	683085	310326524006400000	1
all_indicator	S3	60	4	6	52224	11829677489455104	1
all_indicator	S3	59	5	6	683085	310326524006400000	1
all_indicator	S3	58	4	6	52224	11829677489455104	1
all_indicator	S3	57	4	6	40534	18143934186258432	1
all_indicator	S3	56	3	6	2803	221702217302016	1
all_indicator	S3	55	5	6	683085	310954150478072358	1
all_indicator	S3	54	4	6	40534	18190215097948962	1
all_indicator	S3	53	4	6	52224	10876570992424422	1
all_indicator	S3	52	3	6	2803	159488178108066	1
all_indicator	S3	51	4	6	52224	10876570992424422	1
all_indicator	S3	50	3	6	2803	159488178108066	1
all_indicator	S3	49	3	6	2803	160182126601254	1
all_indicator	S3	48	2	6	512	361013106978	1
all_indicator	S3	47	5	6	683085	310954150478072358	1
all_indicator	S3	46	4	6	40534	18190215097948962	1
all_indicator	S3	45	4	6	52224	10876570992424422	1
all_indicator	S3	44	3	6	2803	159488178108066	1
all_indicator	S3	43	4	6	52224	10876570992424422	1
all_indicator	S3	42	3	6	2803	159488178108066	1
all_indicator	S3	41	3	6	2803	160182126601254	1
all_indicator	S3	40	2	6	512	361013106978	1
all_indicator	S3	39	4	6	40534	19058478164803584	0
all_indicator	S3	38	3	6	19683	9254651051409408	0
all_indicator	S3	37	3	6	2803	214219245846528	1
all_indicator	S3	36	2	6	102	21134460321792	1
all_indicator	S3	35	3	6	2803	214219245846528	1
all_indicator	S3	34	2	6	102	21134460321792	1
all_indicator	S3	33	2	6	512	2212255825920	1
all_indicator	S3	32	1	6	1	644972544	1
all_indicator	S3	31	5	6	683085	310326524006400000	1
all_indicator	S3	30	4	6	52224	11829677489455104	1
all_indicator	S3	29	4	6	40534	18143934186258432	1
all_indicator	S3	28	3	6	2803	221702217302016	1
all_indicator	S3	27	4	6	40534	18143934186258432	1
all_indicator	S3	26	3	6	2803	221702217302016	1
all_indicator	S3	25	3	6	19683	9254651051409408	0
all_indicator	S3	24	2	6	102	47958868426752	0
all_indicator	S3	23	4	6	52224	10876570992424422	1
all_indicator	S3	22	3	6	2803	159488178108066	1
all_indicator	S3	21	3	6	2803	160182126601254	1
all_indicator	S3	20	2	6	512	361013106978	1
all_indicator	S3	19	3	6	2803	160182126601254	1
all_indicator	S3	18	2	6	512	361013106978	1
all_indicator	S3	17	2	6	102	22169204804070	1
all_indicator	S3	16	1	6	1	1463588514	1
all_indicator	S3	15	4	6	52224	10876570992424422	1
all_indicator	S3	14	3	6	2803	159488178108066	1
all_indicator	S3	13	3	6	2803	160182126601254	1
all_indicator	S3	12	2	6	512	361013106978	1
all_indicator	S3	11	3	6	2803	160182126601254	1
all_indicator	S3	10	2	6	512	361013106978	1
all_indicator	S3	9	2	6	102	22169204804070	1
all_indicator	S3	8	1	6	1	1463588514	1
all_indicator	S3	7	3	6	2803	214219245846528	1
all_indicator	S3	6	2	6	102	21134460321792	1
all_indicator	S3	5	2	6	512	2212255825920	1
all_indicator	S3	4	1	6	1	644972544	1
all_indicator	S3	3	2	6	512	2212255825920	1
all_indicator	S3	2	1	6	1	644972544	1
all_indicator	S3	1	1	6	1	470184984576	0
all_indicator	S3	0	0	6	0	0	0
subgroup_product	S4	16777215	24	24	2641807540224	1333735776850284124449081472843776	0
subgroup_product	S4	16773183	18	24	44170541568	17824841750670593762524580020224	1
subgroup_product	S4	16735605	18	24	44170541568	17824841750670593762524580020224	1
subgroup_product	S4	16577487	18	24	44170541568	17824841750670593762524580020224	1
subgroup_product	S4	16535877	12	24	581271552	40994072103171666620115320832	1
subgroup_product	S4	16519167	18	24	44170541568	17824841750670593762524580020224	1
subgroup_product	S4	16515135	12	24	581271552	40994072103171666620115320832	1
subgroup_product	S4	15978303	18	24	44170541568	17824841750670593762524580020224	1
subgroup_product	S4	15940815	16	24	13690208256	3061482566784460799456242040832	1
subgroup_product	S4	15778575	12	24	581271552	40994072103171666620115320832	1
subgroup_product	S4	15728655	8	24	11829248	97127942428273276417474560	1
subgroup_product	S4	15465325	18	24	44170541568	17824841750670593762524580020224	1
subgroup_product	S4	15443415	16	24	13690208256	3061482566784460799456242040832	1
subgroup_product	S4	15207277	12	24	581271552	40994072103171666620115320832	1
subgroup_product	S4	15204677	8	24	11829248	97127942428273276417474560	1
subgroup_product	S4	14113515	16	24	13690208256	3061482566784460799456242040832	1
subgroup_product	S4	13678193	12	24	491692032	40994072093410114427789770752	1
subgroup_product	S4	13616115	16	24	13690208256	3061482566784460799456242040832	1
subgroup_product	S4	13139475	12	24	491692032	40994072093410114427789770752	1
subgroup_product	S4	12905561	12	24	491692032	40994072093410114427789770752	1
subgroup_product	S4	12893475	12	24	491692032	40994072093410114427789770752	1
subgroup_product	S4	12779715	8	24	134217728	622694657078845054145003520	1
subgroup_product	S4	12624977	8	24	11829248	97127939084350553094881280	1
subgroup_product	S4	12598275	8	24	11829248	97127939084350553094881280	1
subgroup_product	S4	12582977	4	24	52224	21614741558888264368128	1
subgroup_product	S4	12582915	4	24	52224	21614741558888264368128	1
subgroup_product	S4	11984855	18	24	44170541568	17824841750670593762524580020224	1
subgroup_product	S4	11980823	12	24	581271552	40994072103171666620115320832	1
subgroup_product	S4	11894445	16	24	13690208256	3061482566784460799456242040832	1
subgroup_product	S4	11816965	8	24	11829248	97127942428273276417474560	1
subgroup_product	S4	11451135	18	24	44170541568	17824841750670593762524580020224	1
subgroup_product	S4	11409525	12	24	581271552	40994072103171666620115320832	1
subgroup_product	S4	11397045	16	24	13690208256	3061482566784460799456242040832	1
subgroup_product	S4	11272245	8	24	11829248	97127942428273276417474560	1
subgroup_product	S4	10672965	12	24	581271552	40994072103171666620115320832	1
subgroup_product	S4	10652223	12	24	581271552	40994072103171666620115320832	1
subgroup_product	S4	10649623	8	24	11829248	97127942428273276417474560	1
subgroup_product	S4	10623045	8	24	11829248	97127942428273276417474560	1
subgroup_product	S4	10560645	8	24	134217728	622694657078845054145003520	1
subgroup_product	S4	10535685	8	24	11829248	97127942428273276417474560	1
subgroup_product	S4	10488365	8	24	11829248	97127942428273276417474560	1
subgroup_product	S4	10485765	4	24	262144	34528927206263752753152	1
subgroup_product	S4	10118745	12	24	491692032	40994072093410114427789770752	1
subgroup_product	S4	10106659	12	24	491692032	40994072093410114427789770752	1
subgroup_product	S4	10066329	12	24	5159780352	2604952689160711180564612251648	0
subgroup_product	S4	10063897	9	24	86270589	34814144533798888924583559168	1
subgroup_product	S4	10033425	9	24	86270589	34814144533798888924583559168	1
subgroup_product	S4	9998729	9	24	86270589	34814144533798888924583559168	1
subgroup_product	S4	9965825	6	24	1135296	80069707061235381964898304	1
subgroup_product	S4	9963929	9	24	86270589	34814144533798888924583559168	1
subgroup_product	S4	9961497	6	24	1135296	80069707061235381964898304	1
subgroup_product	S4	9872745	12	24	491692032	40994072093410114427789770752	1
subgroup_product	S4	9577545	8	24	11829248	97127939084350553094881280	1
subgroup_product	S4	9537817	9	24	86270589	34814144533798888924583559168	1
subgroup_product	S4	9476497	9	24	86270589	34814144533798888924583559168	1
subgroup_product	S4	9474065	6	24	1135296	80069707061235381964898304	1
subgroup_product	S4	9470217	6	24	1135296	80069707061235381964898304	1
subgroup_product	S4	9451041	8	24	11829248	97127939084350553094881280	1
subgroup_product	S4	9334027	12	24	491692032	40994072093410114427789770752	1
subgroup_product	S4	9053443	8	24	11829248	97127939084350553094881280	1
subgroup_product	S4	9017609	9	24	86270589	34814144533798888924583559168	1
subgroup_product	S4	8951961	9	24	86270589	34814144533798888924583559168	1
subgroup_product	S4	8939025	8	24	11829248	97127939084350553094881280	1
subgroup_product	S4	8919057	6	24	1135296	80069707061235381964898304	1
subgroup_product	S4	8915209	6	24	1135296	80069707061235381964898304	1
subgroup_product	S4	8733345	8	24	134217728	622694657078845054145003520	1
subgroup_product	S4	8693025	8	24	11829248	97127939084350553094881280	1
subgroup_product	S4	8678409	8	24	11829248	97127939084350553094881280	1
subgroup_product	S4	8667137	4	24	52224	21614741558888264368128	1
subgroup_product	S4	8650785	4	24	52224	21614741558888264368128	1
subgroup_product	S4	8519745	4	24	52224	21614741558888264368128	1
subgroup_product	S4	8519683	4	24	52224	21614741558888264368128	1
subgroup_product	S4	8454273	4	24	262144	132345307583229750574841856	0
subgroup_product	S4	8427777	6	24	1135296	80069707061235381964898304	1
subgroup_product	S4	8423449	6	24	1135296	80069707061235381964898304	1
subgroup_product	S4	8405505	4	24	52224	21614741558888264368128	1
subgroup_product	S4	8397825	4	24	262144	34528623213288905244672	1
subgroup_product	S4	8389153	4	24	52224	21614741558888264368128	1
subgroup_product	S4	8388609	2	24	512	5333252750724688773120	1
subgroup_product	S4	7991275	18	24	44170541568	17824841750670593762524580020224	1
subgroup_product	S4	7987243	12	24	581271552	40994072103171666620115320832	1
subgroup_product	S4	7949665	12	24	581271552	40994072103171666620115320832	1
subgroup_product	S4	7484337	12	24	491692032	40994072093410114427789770752	1
subgroup_product	S4	6968985	12	24	491692032	40994072093410114427789770752	1
subgroup_product	S4	6722985	12	24	491692032	40994072093410114427789770752	1
subgroup_product	S4	6711705	12	24	491692032	40994072093410114427789770752	1
subgroup_product	S4	6657625	12	24	491692032	40994072093410114427789770752	1
subgroup_product	S4	6634259	12	24	491692032	40994072093410114427789770752	1
subgroup_product	S4	6557953	6	24	1135296	1431841373384389152473088	1
subgroup_product	S4	6553625	6	24	1135296	1431841373384389152473088	1
subgroup_product	S4	6431121	8	24	11829248	97127939084350553094881280	1
subgroup_product	S4	6427785	8	24	11829248	97127939084350553094881280	1
subgroup_product	S4	6125055	18	24	44170541568	17824841750670593762524580020224	1
subgroup_product	S4	5936805	12	24	491692032	40994072093410114427789770752	1
subgroup_product	S4	5925525	12	24	491692032	40994072093410114427789770752	1
subgroup_product	S4	5679525	12	24	491692032	40994072093410114427789770752	1
subgroup_product	S4	5614165	12	24	491692032	40994072093410114427789770752	1
subgroup_product	S4	5384325	8	24	11829248	97127939084350553094881280	1
subgroup_product	S4	5378721	8	24	11829248	97127939084350553094881280	1
subgroup_product	S4	5326143	12	24	581271552	40994072103171666620115320832	1
subgroup_product	S4	5324843	8	24	11829248	97127942428273276417474560	1
subgroup_product	S4	5283873	6	24	1135296	1431841373384389152473088	1
subgroup_product	S4	5276165	6	24	1135296	1431841373384389152473088	1
subgroup_product	S4	5164173	12	24	491692032	40994072093410114427789770752	1
subgroup_product	S4	5086727	12	24	491692032	40994072093410114427789770752	1
subgroup_product	S4	4883589	8	24	11829248	97127939084350553094881280	1
subgroup_product	S4	4866705	8	24	11829248	97127939084350553094881280	1
subgroup_product	S4	4813165	12	24	581271552	40994072103171666620115320832	1
subgroup_product	S4	4800865	8	24	11829248	97127942428273276417474560	1
subgroup_product	S4	4738049	6	24	1135296	1431841373384389152473088	1
subgroup_product	S4	4721157	6	24	1135296	1431841373384389152473088	1
subgroup_product	S4	4620705	8	24	11829248	97127939084350553094881280	1
subgroup_product	S4	4606089	8	24	11829248	97127939084350553094881280	1
subgroup_product	S4	4555345	8	24	11829248	97127939084350553094881280	1
subgroup_product	S4	4528643	8	24	11829248	97127939084350553094881280	1
subgroup_product	S4	4325505	4	24	262144	34528623213288905244672	1
subgroup_product	S4	4259905	4	24	52224	21614741558888264368128	1
subgroup_product	S4	4259843	4	24	52224	21614741558888264368128	1
subgroup_product	S4	4211737	6	24	1135296	1431841373384389152473088	1
subgroup_product	S4	4206881	6	24	1135296	1431841373384389152473088	1
subgroup_product	S4	4193523	18	24	44170541568	17824841750670593762524580020224	1
subgroup_product	S4	3993795	12	24	581271552	40994072103171666620115320832	1
subgroup_product	S4	3935475	12	24	581271552	40994072103171666620115320832	1
subgroup_product	S4	3613529	12	24	491692032	40994072093410114427789770752	1
subgroup_product	S4	3394611	12	24	581271552	40994072103171666620115320832	1
subgroup_product	S4	3230753	8	24	11829248	97127942428273276417474560	1
subgroup_product	S4	3198915	12	24	581271552	40994072103171666620115320832	1
subgroup_product	S4	3194883	6	24	10077696	2605418557830276380098560	1
subgroup_product	S4	3162113	4	24	52224	20116092465743836741632	1
subgroup_product	S4	3148995	8	24	11829248	97127942428273276417474560	1
subgroup_product	S4	3145731	4	24	52224	20116092465743836741632	1
subgroup_product	S4	3086091	12	24	491692032	40994072093410114427789770752	1
subgroup_product	S4	2881633	12	24	581271552	40994072103171666620115320832	1
subgroup_product	S4	2744353	8	24	11829248	97127942428273276417474560	1
subgroup_product	S4	2665195	12	24	581271552	40994072103171666620115320832	1
subgroup_product	S4	2662595	8	24	11829248	97127942428273276417474560	1
subgroup_product	S4	2623585	6	24	10077696	2605418557830276380098560	1
subgroup_product	S4	2621505	4	24	52224	20116092465743836741632	1
subgroup_product	S4	2621473	4	24	52224	20116092465743836741632	1
subgroup_product	S4	2433809	8	24	11829248	97127939084350553094881280	1
subgroup_product	S4	2430473	8	24	11829248	97127939084350553094881280	1
subgroup_product	S4	2233089	6	24	1135296	1431841373384389152473088	1
subgroup_product	S4	2228761	6	24	1135296	1431841373384389152473088	1
subgroup_product	S4	2170881	4	24	52224	21614741558888264368128	1
subgroup_product	S4	2163713	4	24	52224	21614741558888264368128	1
subgroup_product	S4	2146305	4	24	52224	20116092465743836741632	1
subgroup_product	S4	2129923	4	24	52224	20116092465743836741632	1
subgroup_product	S4	2105473	4	24	52224	21614741558888264368128	1
subgroup_product	S4	2099265	4	24	52224	20116092465743836741632	1
subgroup_product	S4	2099233	4	24	52224	20116092465743836741632	1
subgroup_product	S4	2098305	4	24	52224	21614741558888264368128	1
subgroup_product	S4	2097153	2	24	512	730000413780049133568	1
subgroup_product	S4	2065997	12	24	491692032	40994072093410114427789770752	1
subgroup_product	S4	2042631	12	24	491692032	40994072093410114427789770752	1
subgroup_product	S4	1677457	9	24	86270589	34814144533798888924583559168	1
subgroup_product	S4	1673609	9	24	86270589	34814144533798888924583559168	1
subgroup_product	S4	1671177	6	24	1135296	80069707061235381964898304	1
subgroup_product	S4	1642905	9	24	86270589	34814144533798888924583559168	1
subgroup_product	S4	1640705	6	24	1135296	80069707061235381964898304	1
subgroup_product	S4	1609857	6	24	1135296	80069707061235381964898304	1
subgroup_product	S4	1575057	6	24	1135296	80069707061235381964898304	1
subgroup_product	S4	1507913	8	24	11829248	97127939084350553094881280	1
subgroup_product	S4	1474565	6	24	1135296	1431841373384389152473088	1
subgroup_product	S4	1387013	8	24	11829248	97127939084350553094881280	1
subgroup_product	S4	1351745	6	24	1135296	1431841373384389152473088	1
subgroup_product	S4	1332695	12	24	581271552	40994072103171666620115320832	1
subgroup_product	S4	1331395	8	24	11829248	97127942428273276417474560	1
subgroup_product	S4	1213473	6	24	1135296	1431841373384389152473088	1
subgroup_product	S4	1148945	6	24	1135296	80069707061235381964898304	1
subgroup_product	S4	1114393	6	24	1135296	80069707061235381964898304	1
subgroup_product	S4	1083777	6	24	1135296	80069707061235381964898304	1
subgroup_product	S4	1082945	6	24	1135296	1431841373384389152473088	1
subgroup_product	S4	1081345	3	24	19683	6096003784287140708352	1
subgroup_product	S4	1064963	4	24	52224	20116092465743836741632	1
subgroup_product	S4	1053073	6	24	1135296	80069707061235381964898304	1
subgroup_product	S4	983811	8	24	11829248	97127939084350553094881280	1
subgroup_product	S4	919557	6	24	1135296	1431841373384389152473088	1
subgroup_product	S4	886277	8	24	11829248	97127939084350553094881280	1
subgroup_product	S4	798975	12	24	581271552	40994072103171666620115320832	1
subgroup_product	S4	789507	6	24	1135296	1431841373384389152473088	1
subgroup_product	S4	786675	8	24	11829248	97127942428273276417474560	1
subgroup_product	S4	681985	6	24	1135296	1431841373384389152473088	1
subgroup_product	S4	628737	6	24	1135296	80069707061235381964898304	1
subgroup_product	S4	594185	6	24	1135296	80069707061235381964898304	1
subgroup_product	S4	559241	6	24	1135296	80069707061235381964898304	1
subgroup_product	S4	535043	6	24	1135296	1431841373384389152473088	1
subgroup_product	S4	528537	6	24	1135296	80069707061235381964898304	1
subgroup_product	S4	526337	3	24	19683	6096003784287140708352	1
subgroup_product	S4	524385	4	24	52224	20116092465743836741632	1
subgroup_product	S4	328193	4	24	262144	34528623213288905244672	1
subgroup_product	S4	278657	4	24	52224	21614741558888264368128	1
subgroup_product	S4	270425	6	24	1135296	1431841373384389152473088	1
subgroup_product	S4	267523	6	24	1135296	1431841373384389152473088	1
subgroup_product	S4	262305	4	24	52224	21614741558888264368128	1
subgroup_product	S4	262143	18	24	44170541568	17824841750670593762524580020224	1
subgroup_product	S4	258111	12	24	581271552	40994072103171666620115320832	1
subgroup_product	S4	245811	8	24	11829248	97127942428273276417474560	1
subgroup_product	S4	220533	12	24	581271552	40994072103171666620115320832	1
subgroup_product	S4	219233	8	24	11829248	97127942428273276417474560	1
subgroup_product	S4	196673	4	24	52224	21614741558888264368128	1
subgroup_product	S4	196611	4	24	52224	21614741558888264368128	1
subgroup_product	S4	155673	6	24	1135296	1431841373384389152473088	1
subgroup_product	S4	136481	6	24	1135296	1431841373384389152473088	1
subgroup_product	S4	104857	9	24	86270589	34814144533798888924583559168	1
subgroup_product	S4	102425	6	24	1135296	80069707061235381964898304	1
subgroup_product	S4	94253	8	24	11829248	97127942428273276417474560	1
subgroup_product	S4	83253	8	24	11829248	97127942428273276417474560	1
subgroup_product	S4	81953	4	24	262144	34528927206263752753152	1
subgroup_product	S4	73733	4	24	52224	21614741558888264368128	1
subgroup_product	S4	71953	6	24	1135296	80069707061235381964898304	1
subgroup_product	S4	66565	4	24	52224	21614741558888264368128	1
subgroup_product	S4	65537	2	24	512	5333252750724688773120	1
subgroup_product	S4	62415	12	24	581271552	40994072103171666620115320832	1
subgroup_product	S4	50115	8	24	11829248	97127942428273276417474560	1
subgroup_product	S4	49155	4	24	52224	20116092465743836741632	1
subgroup_product	S4	37257	6	24	1135296	80069707061235381964898304	1
subgroup_product	S4	20805	6	24	10077696	2605418557830276380098560	1
subgroup_product	S4	20545	4	24	52224	20116092465743836741632	1
subgroup_product	S4	20485	4	24	52224	20116092465743836741632	1
subgroup_product	S4	17025	4	24	52224	21614741558888264368128	1
subgroup_product	S4	16705	4	24	52224	20116092465743836741632	1
subgroup_product	S4	16645	4	24	52224	20116092465743836741632	1
subgroup_product	S4	16385	2	24	512	730000413780049133568	1
subgroup_product	S4	13059	6	24	1135296	1431841373384389152473088	1
subgroup_product	S4	12495	8	24	11829248	97127942428273276417474560	1
subgroup_product	S4	8325	4	24	52224	21614741558888264368128	1
subgroup_product	S4	4353	3	24	19683	6096003784287140708352	1
subgroup_product	S4	4165	4	24	52224	20116092465743836741632	1
subgroup_product	S4	4095	12	24	581271552	40994072103171666620115320832	1
subgroup_product	S4	2795	8	24	11829248	97127942428273276417474560	1
subgroup_product	S4	2457	6	24	1135296	80069707061235381964898304	1
subgroup_product	S4	2145	4	24	52224	20116092465743836741632	1
subgroup_product	S4	1625	6	24	1135296	1431841373384389152473088	1
subgroup_product	S4	1495	8	24	11829248	97127942428273276417474560	1
subgroup_product	S4	1157	4	24	52224	21614741558888264368128	1
subgroup_product	S4	673	4	24	52224	21614741558888264368128	1
subgroup_product	S4	325	4	24	52224	20116092465743836741632	1
subgroup_product	S4	195	4	24	262144	34528927206263752753152	1
subgroup_product	S4	129	2	24	512	5333252750724688773120	1
subgroup_product	S4	65	2	24	512	730000413780049133568	1
subgroup_product	S4	63	6	24	10077696	2605418557830276380098560	1
subgroup_product	S4	53	4	24	52224	20116092465743836741632	1
subgroup_product	S4	51	4	24	52224	20116092465743836741632	1
subgroup_product	S4	45	4	24	52224	20116092465743836741632	1
subgroup_product	S4	43	4	24	52224	20116092465743836741632	1
subgroup_product	S4	33	2	24	512	730000413780049133568	1
subgroup_product	S4	25	3	24	19683	6096003784287140708352	1
subgroup_product	S4	23	4	24	52224	20116092465743836741632	1
subgroup_product	S4	15	4	24	52224	20116092465743836741632	1
subgroup_product	S4	5	2	24	512	730000413780049133568	1
subgroup_product	S4	3	2	24	512	730000413780049133568	1
subgroup_product	S4	1	1	24	1	504857282956046106624	0
subgroup_product	S3	63	6	6	10077696	4738381338321616896	0
subgroup_product	S3	53	4	6	52224	10876570992424422	1
subgroup_product	S3	51	4	6	52224	10876570992424422	1
subgroup_product	S3	45	4	6	52224	10876570992424422	1
subgroup_product	S3	43	4	6	52224	10876570992424422	1
subgroup_product	S3	33	2	6	512	2212255825920	1
subgroup_product	S3	25	3	6	19683	9254651051409408	0
subgroup_product	S3	23	4	6	52224	10876570992424422	1
subgroup_product	S3	15	4	6	52224	10876570992424422	1
subgroup_product	S3	5	2	6	512	2212255825920	1
subgroup_product	S3	3	2	6	512	2212255825920	1
subgroup_product	S3	1	1	6	1	470184984576	0
