x	y	z	v	lambda	numerator	denominator
0	6	6	0	0	-55	248832
0	6	6	1	0	-1045	62208
0	6	6	2	0	-1975	41472
0	6	6	3	0	-605	6912
0	6	6	4	0	25	3072
0	7	6	0	0	1045	746496
0	7	6	1	0	6335	62208
0	7	6	2	0	9995	41472
0	7	6	3	0	1505	2304
0	7	6	4	0	-75	1024
0	8	6	0	0	-335	93312
0	8	6	1	0	-16955	62208
0	8	6	2	0	-9145	20736
0	8	6	3	0	-5075	2304
0	8	6	4	0	75	256
0	8	8	0	0	-55	124416
0	8	8	1	0	-1495	124416
0	8	8	2	0	-1055	41472
0	8	8	3	0	-5	1536
0	9	6	0	0	215	46656
0	9	6	1	0	8995	20736
0	9	6	2	0	1565	6912
0	9	6	3	0	30755	6912
0	9	6	4	0	-175	256
0	9	8	0	0	185	124416
0	9	8	1	0	6065	124416
0	9	8	2	0	4865	41472
0	9	8	3	0	35	1536
0	9	9	0	0	95	373248
0	9	9	0	1	-95	186624
0	9	9	1	0	25	124416
0	9	9	1	1	-25	62208
0	9	9	2	0	245	41472
0	9	9	2	1	-245	20736
0	9	9	3	0	-5	13824
0	9	9	3	1	5	6912
0	10	6	0	0	-1045	373248
0	10	6	1	0	-29425	62208
0	10	6	2	0	995	2592
0	10	6	3	0	-13805	2304
0	10	6	4	0	525	512
0	10	8	0	0	-175	124416
0	10	8	1	0	-995	13824
0	10	8	2	0	-935	4608
0	10	8	3	0	-35	512
0	10	9	0	0	-205	186624
0	10	9	0	1	205	93312
0	10	9	1	0	85	62208
0	10	9	1	1	-85	31104
0	10	9	2	0	-655	20736
0	10	9	2	1	655	10368
0	10	9	3	0	5	2304
0	10	9	3	1	-5	1152
0	10	10	0	0	-5	746496
0	10	10	1	0	-25	13824
0	10	10	2	0	-5	9216
0	11	6	0	0	35	124416
0	11	6	1	0	7985	20736
0	11	6	2	0	-865	1152
0	11	6	3	0	12935	2304
0	11	6	4	0	-525	512
0	11	8	0	0	-305	373248
0	11	8	1	0	4085	124416
0	11	8	2	0	5645	41472
0	11	8	3	0	175	1536
0	11	9	0	0	725	373248
0	11	9	0	1	-725	186624
0	11	9	1	0	-1025	124416
0	11	9	1	1	1025	62208
0	11	9	2	0	2975	41472
0	11	9	2	1	-2975	20736
0	11	9	3	0	-25	4608
0	11	9	3	1	25	2304
0	11	10	0	0	-415	746496
0	11	10	1	0	235	41472
0	11	10	2	0	25	9216
0	11	11	0	0	95	746496
0	11	11	0	1	-95	373248
0	11	11	1	0	55	124416
0	11	11	1	1	-55	62208
0	11	11	2	0	5	27648
0	11	11	2	1	-5	13824
0	12	6	0	0	25	46656
0	12	6	1	0	-14825	62208
0	12	6	2	0	11945	20736
0	12	6	3	0	-25315	6912
0	12	6	4	0	175	256
0	12	8	0	0	355	124416
0	12	8	1	0	3835	124416
0	12	8	2	0	1195	41472
0	12	8	3	0	-175	1536
0	12	9	0	0	-175	93312
0	12	9	0	1	175	46656
0	12	9	1	0	475	31104
0	12	9	1	1	-475	15552
0	12	9	2	0	-925	10368
0	12	9	2	1	925	5184
0	12	9	3	0	25	3456
0	12	9	3	1	-25	1728
0	12	10	0	0	485	373248
0	12	10	1	0	-95	10368
0	12	10	2	0	-25	4608
0	12	11	0	0	-55	186624
0	12	11	0	1	55	93312
0	12	11	1	0	-35	31104
0	12	11	1	1	35	15552
0	12	11	2	0	-5	6912
0	12	11	2	1	5	3456
0	12	12	0	0	5	186624
0	12	12	0	1	-5	46656
0	12	12	0	2	5	46656
0	12	12	1	0	-5	20736
0	12	12	1	1	5	5184
0	12	12	1	2	-5	5184
0	13	6	0	0	-25	93312
0	13	6	1	0	6515	62208
0	13	6	2	0	-4775	20736
0	13	6	3	0	1225	768
0	13	6	4	0	-75	256
0	13	8	0	0	-325	124416
0	13	8	1	0	-2015	41472
0	13	8	2	0	-1375	13824
0	13	8	3	0	35	512
0	13	9	0	0	425	373248
0	13	9	0	1	-425	186624
0	13	9	1	0	-1625	124416
0	13	9	1	1	1625	62208
0	13	9	2	0	2675	41472
0	13	9	2	1	-2675	20736
0	13	9	3	0	-25	4608
0	13	9	3	1	25	2304
0	13	10	0	0	-185	373248
0	13	10	1	0	5	432
0	13	10	2	0	25	4608
0	13	11	0	0	5	41472
0	13	11	0	1	-5	20736
0	13	11	1	0	5	6912
0	13	11	1	1	-5	3456
0	13	11	2	0	5	4608
0	13	11	2	1	-5	2304
0	13	12	0	0	-5	62208
0	13	12	0	1	5	15552
0	13	12	0	2	-5	15552
0	13	12	1	0	5	6912
0	13	12	1	1	-5	1728
0	13	12	1	2	5	1728
0	14	6	0	0	55	746496
0	14	6	1	0	-875	31104
0	14	6	2	0	1895	41472
0	14	6	3	0	-5	12
0	14	6	4	0	75	1024
0	14	8	0	0	425	373248
0	14	8	1	0	3095	124416
0	14	8	2	0	785	13824
0	14	8	3	0	-35	1536
0	14	9	0	0	-85	186624
0	14	9	0	1	85	93312
0	14	9	1	0	325	62208
0	14	9	1	1	-325	31104
0	14	9	2	0	-535	20736
0	14	9	2	1	535	10368
0	14	9	3	0	5	2304
0	14	9	3	1	-5	1152
0	14	10	0	0	-485	746496
0	14	10	1	0	-385	41472
0	14	10	2	0	-25	9216
0	14	11	0	0	25	186624
0	14	11	0	1	-25	93312
0	14	11	1	0	5	31104
0	14	11	1	1	-5	15552
0	14	11	2	0	-5	6912
0	14	11	2	1	5	3456
0	14	12	0	0	5	62208
0	14	12	0	1	-5	15552
0	14	12	0	2	5	15552
0	14	12	1	0	-5	6912
0	14	12	1	1	5	1728
0	14	12	1	2	-5	1728
0	15	6	0	0	-5	248832
0	15	6	1	0	35	10368
0	15	6	2	0	-5	1536
0	15	6	3	0	85	1728
0	15	6	4	0	-25	3072
0	15	8	0	0	-25	124416
0	15	8	1	0	-65	13824
0	15	8	2	0	-155	13824
0	15	8	3	0	5	1536
0	15	9	0	0	35	373248
0	15	9	0	1	-35	186624
0	15	9	1	0	-95	124416
0	15	9	1	1	95	62208
0	15	9	2	0	185	41472
0	15	9	2	1	-185	20736
0	15	9	3	0	-5	13824
0	15	9	3	1	5	6912
0	15	10	0	0	25	82944
0	15	10	1	0	125	41472
0	15	10	2	0	5	9216
0	15	11	0	0	-65	746496
0	15	11	0	1	65	373248
0	15	11	1	0	-25	124416
0	15	11	1	1	25	62208
0	15	11	2	0	5	27648
0	15	11	2	1	-5	13824
0	15	12	0	0	-35	186624
0	15	12	0	1	5	46656
0	15	12	0	2	-5	46656
0	15	12	1	0	5	20736
0	15	12	1	1	-5	5184
0	15	12	1	2	5	5184
0	15	13	0	0	5	93312
0	15	13	0	1	-5	46656
0	15	15	0	0	1	248832
0	15	15	0	1	-11	373248
0	15	15	0	2	1	15552
0	15	15	0	3	-1	23328
1	6	6	0	0	1175	248832
1	6	6	1	0	20705	62208
1	6	6	2	0	25375	41472
1	6	6	3	0	3275	2304
1	6	6	4	0	-425	3072
1	7	6	0	0	-17635	746496
1	7	6	1	0	-120595	62208
1	7	6	2	0	-35635	13824
1	7	6	3	0	-24865	2304
1	7	6	4	0	3775	3072
1	8	6	0	0	1895	46656
1	8	6	1	0	34805	6912
1	8	6	2	0	53695	20736
1	8	6	3	0	85085	2304
1	8	6	4	0	-3725	768
1	8	8	0	0	955	124416
1	8	8	1	0	24415	124416
1	8	8	2	0	4985	13824
1	8	8	3	0	85	1536
1	9	6	0	0	-455	31104
1	9	6	1	0	-491965	62208
1	9	6	2	0	101345	20736
1	9	6	3	0	-57815	768
1	9	6	4	0	8575	768
1	9	8	0	0	-2795	124416
1	9	8	1	0	-95315	124416
1	9	8	2	0	-22945	13824
1	9	8	3	0	-195	512
1	9	9	0	0	-695	124416
1	9	9	0	1	695	62208
1	9	9	1	0	385	124416
1	9	9	1	1	-385	62208
1	9	9	2	0	-4175	41472
1	9	9	2	1	4175	20736
1	9	9	3	0	25	4608
1	9	9	3	1	-25	2304
1	10	6	0	0	-15095	373248
1	10	6	1	0	538535	62208
1	10	6	2	0	-54925	3456
1	10	6	3	0	233675	2304
1	10	6	4	0	-25375	1536
1	10	8	0	0	2015	124416
1	10	8	1	0	132655	124416
1	10	8	2	0	39485	13824
1	10	8	3	0	575	512
1	10	9	0	0	4165	186624
1	10	9	0	1	-4165	93312
1	10	9	1	0	-3655	62208
1	10	9	1	1	3655	31104
1	10	9	2	0	11155	20736
1	10	9	2	1	-11155	10368
1	10	9	3	0	-25	768
1	10	9	3	1	25	384
1	10	10	0	0	-355	746496
1	10	10	1	0	365	13824
1	10	10	2	0	85	9216
1	11	6	0	0	7375	124416
1	11	6	1	0	-441035	62208
1	11	6	2	0	49025	2592
1	11	6	3	0	-216775	2304
1	11	6	4	0	25025	1536
1	11	8	0	0	6775	373248
1	11	8	1	0	-47635	124416
1	11	8	2	0	-25865	13824
1	11	8	3	0	-2825	1536
1	11	9	0	0	-13795	373248
1	11	9	0	1	13795	186624
1	11	9	1	0	26015	124416
1	11	9	1	1	-26015	62208
1	11	9	2	0	-5585	4608
1	11	9	2	1	5585	2304
1	11	9	3	0	125	1536
1	11	9	3	1	-125	768
1	11	10	0	0	7985	746496
1	11	10	1	0	-3505	41472
1	11	10	2	0	-415	9216
1	11	11	0	0	-1705	746496
1	11	11	0	1	1705	373248
1	11	11	1	0	-805	124416
1	11	11	1	1	805	62208
1	11	11	2	0	-25	9216
1	11	11	2	1	25	4608
1	12	6	0	0	-1075	31104
1	12	6	1	0	268775	62208
1	12	6	2	0	-251935	20736
1	12	6	3	0	46205	768
1	12	6	4	0	-8225	768
1	12	8	0	0	-5615	124416
1	12	8	1	0	-74555	124416
1	12	8	2	0	-6965	13824
1	12	8	3	0	925	512
1	12	9	0	0	355	10368
1	12	9	0	1	-355	5184
1	12	9	1	0	-9865	31104
1	12	9	1	1	9865	15552
1	12	9	2	0	15365	10368
1	12	9	2	1	-15365	5184
1	12	9	3	0	-125	1152
1	12	9	3	1	125	576
1	12	10	0	0	-2735	124416
1	12	10	1	0	365	2592
1	12	10	2	0	45	512
1	12	11	0	0	305	62208
1	12	11	0	1	-305	31104
1	12	11	1	0	265	15552
1	12	11	1	1	-265	7776
1	12	11	2	0	25	2304
1	12	11	2	1	-25	1152
1	12	12	0	0	-35	62208
1	12	12	0	1	35	15552
1	12	12	0	2	-35	15552
1	12	12	1	0	85	20736
1	12	12	1	1	-85	5184
1	12	12	1	2	85	5184
1	13	6	0	0	485	46656
1	13	6	1	0	-112855	62208
1	13	6	2	0	30085	6912
1	13	6	3	0	-58735	2304
1	13	6	4	0	3475	768
1	13	8	0	0	5015	124416
1	13	8	1	0	100255	124416
1	13	8	2	0	20725	13824
1	13	8	3	0	-545	512
1	13	9	0	0	-7595	373248
1	13	9	0	1	7595	186624
1	13	9	1	0	29615	124416
1	13	9	1	1	-29615	62208
1	13	9	2	0	-43265	41472
1	13	9	2	1	43265	20736
1	13	9	3	0	125	1536
1	13	9	3	1	-125	768
1	13	10	0	0	2855	373248
1	13	10	1	0	-1855	10368
1	13	10	2	0	-395	4608
1	13	11	0	0	-205	124416
1	13	11	0	1	205	62208
1	13	11	1	0	-725	62208
1	13	11	1	1	725	31104
1	13	11	2	0	-25	1536
1	13	11	2	1	25	768
1	13	12	0	0	95	62208
1	13	12	0	1	-95	15552
1	13	12	0	2	95	15552
1	13	12	1	0	-245	20736
1	13	12	1	1	245	5184
1	13	12	1	2	-245	5184
1	14	6	0	0	-1535	746496
1	14	6	1	0	7085	15552
1	14	6	2	0	-32515	41472
1	14	6	3	0	7435	1152
1	14	6	4	0	-3425	3072
1	14	8	0	0	-6625	373248
1	14	8	1	0	-48595	124416
1	14	8	2	0	-435	512
1	14	8	3	0	535	1536
1	14	9	0	0	1445	186624
1	14	9	0	1	-1445	93312
1	14	9	1	0	-5335	62208
1	14	9	1	1	5335	31104
1	14	9	2	0	2785	6912
1	14	9	2	1	-2785	3456
1	14	9	3	0	-25	768
1	14	9	3	1	25	384
1	14	10	0	0	7645	746496
1	14	10	1	0	1955	13824
1	14	10	2	0	385	9216
1	14	11	0	0	-425	186624
1	14	11	0	1	425	93312
1	14	11	1	0	-5	2592
1	14	11	1	1	5	1296
1	14	11	2	0	25	2304
1	14	11	2	1	-25	1152
1	14	12	0	0	-85	62208
1	14	12	0	1	85	15552
1	14	12	0	2	-85	15552
1	14	12	1	0	235	20736
1	14	12	1	1	-235	5184
1	14	12	1	2	235	5184
1	15	6	0	0	25	82944
1	15	6	1	0	-175	3456
1	15	6	2	0	25	512
1	15	6	3	0	-425	576
1	15	6	4	0	125	1024
1	15	8	0	0	125	41472
1	15	8	1	0	325	4608
1	15	8	2	0	775	4608
1	15	8	3	0	-25	512
1	15	9	0	0	-175	124416
1	15	9	0	1	175	62208
1	15	9	1	0	475	41472
1	15	9	1	1	-475	20736
1	15	9	2	0	-925	13824
1	15	9	2	1	925	6912
1	15	9	3	0	25	4608
1	15	9	3	1	-25	2304
1	15	10	0	0	-125	27648
1	15	10	1	0	-625	13824
1	15	10	2	0	-25	3072
1	15	11	0	0	325	248832
1	15	11	0	1	-325	124416
1	15	11	1	0	125	41472
1	15	11	1	1	-125	20736
1	15	11	2	0	-25	9216
1	15	11	2	1	25	4608
1	15	12	0	0	175	62208
1	15	12	0	1	-25	15552
1	15	12	0	2	25	15552
1	15	12	1	0	-25	6912
1	15	12	1	1	25	1728
1	15	12	1	2	-25	1728
1	15	13	0	0	-25	31104
1	15	13	0	1	25	15552
1	15	15	0	0	-5	82944
1	15	15	0	1	55	124416
1	15	15	0	2	-5	5184
1	15	15	0	3	5	7776
2	6	6	0	0	-1175	27648
2	6	6	1	0	-47215	15552
2	6	6	2	0	-4355	1536
2	6	6	3	0	-12775	1152
2	6	6	4	0	3325	3072
2	7	6	0	0	11425	82944
2	7	6	1	0	267185	15552
2	7	6	2	0	246805	41472
2	7	6	3	0	32705	384
2	7	6	4	0	-29225	3072
2	8	6	0	0	3305	186624
2	8	6	1	0	-1364885	31104
2	8	6	2	0	61625	2592
2	8	6	3	0	-338405	1152
2	8	6	4	0	28525	768
2	8	8	0	0	-6515	124416
2	8	8	1	0	-60305	41472
2	8	8	2	0	-33065	13824
2	8	8	3	0	-665	1536
2	9	6	0	0	-13585	20736
2	9	6	1	0	2139125	31104
2	9	6	2	0	-98395	864
2	9	6	3	0	230455	384
2	9	6	4	0	-64925	768
2	9	8	0	0	5035	41472
2	9	8	1	0	227275	41472
2	9	8	2	0	152435	13824
2	9	8	3	0	1505	512
2	9	9	0	0	2315	41472
2	9	9	0	1	-2315	20736
2	9	9	1	0	-11735	124416
2	9	9	1	1	11735	62208
2	9	9	2	0	11155	13824
2	9	9	2	1	-11155	6912
2	9	9	3	0	-175	4608
2	9	9	3	1	175	2304
2	10	6	0	0	148315	124416
2	10	6	1	0	-2354965	31104
2	10	6	2	0	4205375	20736
2	10	6	3	0	-308825	384
2	10	6	4	0	189875	1536
2	10	8	0	0	-4795	124416
2	10	8	1	0	-297685	41472
2	10	8	2	0	-87395	4608
2	10	8	3	0	-4375	512
2	10	9	0	0	-1435	6912
2	10	9	0	1	1435	3456
2	10	9	1	0	49685	62208
2	10	9	1	1	-49685	31104
2	10	9	2	0	-9875	2304
2	10	9	2	1	9875	1152
2	10	9	3	0	175	768
2	10	9	3	1	-175	384
2	10	10	0	0	755	82944
2	10	10	1	0	-275	1536
2	10	10	2	0	-665	9216
2	11	6	0	0	-126095	124416
2	11	6	1	0	1919825	31104
2	11	6	2	0	-4100495	20736
2	11	6	3	0	847675	1152
2	11	6	4	0	-184975	1536
2	11	8	0	0	-64025	373248
2	11	8	1	0	24485	13824
2	11	8	2	0	169415	13824
2	11	8	3	0	21175	1536
2	11	9	0	0	121445	373248
2	11	9	0	1	-121445	186624
2	11	9	1	0	-278105	124416
2	11	9	1	1	278105	62208
2	11	9	2	0	43975	4608
2	11	9	2	1	-43975	2304
2	11	9	3	0	-875	1536
2	11	9	3	1	875	768
2	11	10	0	0	-70435	746496
2	11	10	1	0	2705	4608
2	11	10	2	0	3185	9216
2	11	11	0	0	14015	746496
2	11	11	0	1	-14015	373248
2	11	11	1	0	1865	41472
2	11	11	1	1	-1865	20736
2	11	11	2	0	175	9216
2	11	11	2	1	-175	4608
2	12	6	0	0	29275	62208
2	12	6	1	0	-1136495	31104
2	12	6	2	0	195905	1728
2	12	6	3	0	-58935	128
2	12	6	4	0	60025	768
2	12	8	0	0	13445	41472
2	12	8	1	0	648215	124416
2	12	8	2	0	52765	13824
2	12	8	3	0	-6825	512
2	12	9	0	0	-9085	31104
2	12	9	0	1	9085	15552
2	12	9	1	0	91555	31104
2	12	9	1	1	-91555	15552
2	12	9	2	0	-39575	3456
2	12	9	2	1	39575	1728
2	12	9	3	0	875	1152
2	12	9	3	1	-875	576
2	12	10	0	0	21605	124416
2	12	10	1	0	-775	768
2	12	10	2	0	-1015	1536
2	12	11	0	0	-2365	62208
2	12	11	0	1	2365	31104
2	12	11	1	0	-1265	10368
2	12	11	1	1	1265	5184
2	12	11	2	0	-175	2304
2	12	11	2	1	175	1152
2	12	12	0	0	335	62208
2	12	12	0	1	-335	15552
2	12	12	0	2	335	15552
2	12	12	1	0	-665	20736
2	12	12	1	1	665	5184
2	12	12	1	2	-665	5184
2	13	6	0	0	-7835	62208
2	13	6	1	0	452935	31104
2	13	6	2	0	-193225	5184
2	13	6	3	0	24295	128
2	13	6	4	0	-25025	768
2	13	8	0	0	-36205	124416
2	13	8	1	0	-770365	124416
2	13	8	2	0	-48365	4608
2	13	8	3	0	3955	512
2	13	9	0	0	21055	124416
2	13	9	0	1	-21055	62208
2	13	9	1	0	-246905	124416
2	13	9	1	1	246905	62208
2	13	9	2	0	36175	4608
2	13	9	2	1	-36175	2304
2	13	9	3	0	-875	1536
2	13	9	3	1	875	768
2	13	10	0	0	-6985	124416
2	13	10	1	0	8915	6912
2	13	10	2	0	2905	4608
2	13	11	0	0	1315	124416
2	13	11	0	1	-1315	62208
2	13	11	1	0	1825	20736
2	13	11	1	1	-1825	10368
2	13	11	2	0	175	1536
2	13	11	2	1	-175	768
2	13	12	0	0	-275	20736
2	13	12	0	1	275	5184
2	13	12	0	2	-275	5184
2	13	12	1	0	1855	20736
2	13	12	1	1	-1855	5184
2	13	12	1	2	1855	5184
2	14	6	0	0	15715	746496
2	14	6	1	0	-106505	31104
2	14	6	2	0	256235	41472
2	14	6	3	0	-26845	576
2	14	6	4	0	24325	3072
2	14	8	0	0	48125	373248
2	14	8	1	0	355355	124416
2	14	8	2	0	27335	4608
2	14	8	3	0	-3815	1536
2	14	9	0	0	-11305	186624
2	14	9	0	1	11305	93312
2	14	9	1	0	40565	62208
2	14	9	1	1	-40565	31104
2	14	9	2	0	-6755	2304
2	14	9	2	1	6755	1152
2	14	9	3	0	175	768
2	14	9	3	1	-175	384
2	14	10	0	0	-56105	746496
2	14	10	1	0	-13895	13824
2	14	10	2	0	-2765	9216
2	14	11	0	0	3325	186624
2	14	11	0	1	-3325	93312
2	14	11	1	0	35	3456
2	14	11	1	1	-35	1728
2	14	11	2	0	-175	2304
2	14	11	2	1	175	1152
2	14	12	0	0	665	62208
2	14	12	0	1	-665	15552
2	14	12	0	2	665	15552
2	14	12	1	0	-1715	20736
2	14	12	1	1	1715	5184
2	14	12	1	2	-1715	5184
2	15	6	0	0	-175	82944
2	15	6	1	0	1225	3456
2	15	6	2	0	-175	512
2	15	6	3	0	2975	576
2	15	6	4	0	-875	1024
2	15	8	0	0	-875	41472
2	15	8	1	0	-2275	4608
2	15	8	2	0	-5425	4608
2	15	8	3	0	175	512
2	15	9	0	0	1225	124416
2	15	9	0	1	-1225	62208
2	15	9	1	0	-3325	41472
2	15	9	1	1	3325	20736
2	15	9	2	0	6475	13824
2	15	9	2	1	-6475	6912
2	15	9	3	0	-175	4608
2	15	9	3	1	175	2304
2	15	10	0	0	875	27648
2	15	10	1	0	4375	13824
2	15	10	2	0	175	3072
2	15	11	0	0	-2275	248832
2	15	11	0	1	2275	124416
2	15	11	1	0	-875	41472
2	15	11	1	1	875	20736
2	15	11	2	0	175	9216
2	15	11	2	1	-175	4608
2	15	12	0	0	-1225	62208
2	15	12	0	1	175	15552
2	15	12	0	2	-175	15552
2	15	12	1	0	175	6912
2	15	12	1	1	-175	1728
2	15	12	1	2	175	1728
2	15	13	0	0	175	31104
2	15	13	0	1	-175	15552
2	15	15	0	0	35	82944
2	15	15	0	1	-385	124416
2	15	15	0	2	35	5184
2	15	15	0	3	-35	7776
3	6	6	0	0	47975	248832
3	6	6	1	0	265385	15552
3	6	6	2	0	22075	13824
3	6	6	3	0	189805	3456
3	6	6	4	0	-15925	3072
3	7	6	0	0	-18935	746496
3	7	6	1	0	-1477975	15552
3	7	6	2	0	759415	13824
3	7	6	3	0	-488485	1152
3	7	6	4	0	138775	3072
3	8	6	0	0	-543595	186624
3	8	6	1	0	469615	1944
3	8	6	2	0	-3755585	10368
3	8	6	3	0	26365	18
3	8	6	4	0	-134225	768
3	8	8	0	0	18535	124416
3	8	8	1	0	269665	41472
3	8	8	2	0	409895	41472
3	8	8	3	0	3185	1536
3	9	6	0	0	522085	62208
3	9	6	1	0	-3939635	10368
3	9	6	2	0	4959155	5184
3	9	6	3	0	-3434785	1152
3	9	6	4	0	302575	768
3	9	8	0	0	-5585	41472
3	9	8	1	0	-984385	41472
3	9	8	2	0	-1899515	41472
3	9	8	3	0	-21385	1536
3	9	9	0	0	-42035	124416
3	9	9	0	1	42035	62208
3	9	9	1	0	4115	4608
3	9	9	1	1	-4115	2304
3	9	9	2	0	-166595	41472
3	9	9	2	1	166595	20736
3	9	9	3	0	2275	13824
3	9	9	3	1	-2275	6912
3	10	6	0	0	-1351175	124416
3	10	6	1	0	6507775	15552
3	10	6	2	0	-28670525	20736
3	10	6	3	0	1139375	288
3	10	6	4	0	-875875	1536
3	10	8	0	0	-14575	41472
3	10	8	1	0	3628475	124416
3	10	8	2	0	364675	4608
3	10	8	3	0	20475	512
3	10	9	0	0	73315	62208
3	10	9	0	1	-73315	31104
3	10	9	1	0	-358775	62208
3	10	9	1	1	358775	31104
3	10	9	2	0	438295	20736
3	10	9	2	1	-438295	10368
3	10	9	3	0	-2275	2304
3	10	9	3	1	2275	1152
3	10	10	0	0	-18025	248832
3	10	10	1	0	10375	13824
3	10	10	2	0	3185	9216
3	11	6	0	0	966425	124416
3	11	6	1	0	-10426915	31104
3	11	6	2	0	24846425	20736
3	11	6	3	0	-4101185	1152
3	11	6	4	0	844025	1536
3	11	8	0	0	115685	124416
3	11	8	1	0	-404315	124416
3	11	8	2	0	-2119475	41472
3	11	8	3	0	-97825	1536
3	11	9	0	0	-219745	124416
3	11	9	0	1	219745	62208
3	11	9	1	0	191855	13824
3	11	9	1	1	-191855	6912
3	11	9	2	0	-1924585	41472
3	11	9	2	1	1924585	20736
3	11	9	3	0	11375	4608
3	11	9	3	1	-11375	2304
3	11	10	0	0	125575	248832
3	11	10	1	0	-104695	41472
3	11	10	2	0	-5005	3072
3	11	11	0	0	-7825	82944
3	11	11	0	1	7825	41472
3	11	11	1	0	-24505	124416
3	11	11	1	1	24505	62208
3	11	11	2	0	-2275	27648
3	11	11	2	1	2275	13824
3	12	6	0	0	-607855	186624
3	12	6	1	0	1482895	7776
3	12	6	2	0	-6547105	10368
3	12	6	3	0	627115	288
3	12	6	4	0	-270725	768
3	12	8	0	0	-175675	124416
3	12	8	1	0	-3382495	124416
3	12	8	2	0	-698875	41472
3	12	8	3	0	93275	1536
3	12	9	0	0	144115	93312
3	12	9	0	1	-144115	46656
3	12	9	1	0	-509545	31104
3	12	9	1	1	509545	15552
3	12	9	2	0	188695	3456
3	12	9	2	1	-188695	1728
3	12	9	3	0	-11375	3456
3	12	9	3	1	11375	1728
3	12	10	0	0	-317975	373248
3	12	10	1	0	92815	20736
3	12	10	2	0	14105	4608
3	12	11	0	0	34195	186624
3	12	11	0	1	-34195	93312
3	12	11	1	0	8515	15552
3	12	11	1	1	-8515	7776
3	12	11	2	0	2275	6912
3	12	11	2	1	-2275	3456
3	12	12	0	0	-5825	186624
3	12	12	0	1	5825	46656
3	12	12	0	2	-5825	46656
3	12	12	1	0	3185	20736
3	12	12	1	1	-3185	5184
3	12	12	1	2	3185	5184
3	13	6	0	0	151775	186624
3	13	6	1	0	-2235415	31104
3	13	6	2	0	250445	1296
3	13	6	3	0	-1006135	1152
3	13	6	4	0	111475	768
3	13	8	0	0	162175	124416
3	13	8	1	0	1214005	41472
3	13	8	2	0	625885	13824
3	13	8	3	0	-17745	512
3	13	9	0	0	-323375	373248
3	13	9	0	1	323375	186624
3	13	9	1	0	1254175	124416
3	13	9	1	1	-1254175	62208
3	13	9	2	0	-1512485	41472
3	13	9	2	1	1512485	20736
3	13	9	3	0	11375	4608
3	13	9	3	1	-11375	2304
3	13	10	0	0	96785	373248
3	13	10	1	0	-119275	20736
3	13	10	2	0	-13195	4608
3	13	11	0	0	-65	1536
3	13	11	0	1	65	768
3	13	11	1	0	-25675	62208
3	13	11	1	1	25675	31104
3	13	11	2	0	-2275	4608
3	13	11	2	1	2275	2304
3	13	12	0	0	4355	62208
3	13	12	0	1	-4355	15552
3	13	12	0	2	4355	15552
3	13	12	1	0	-8645	20736
3	13	12	1	1	8645	5184
3	13	12	1	2	-8645	5184
3	14	6	0	0	-89635	746496
3	14	6	1	0	123305	7776
3	14	6	2	0	-1234415	41472
3	14	6	3	0	239785	1152
3	14	6	4	0	-106925	3072
3	14	8	0	0	-216125	373248
3	14	8	1	0	-1605695	124416
3	14	8	2	0	-354445	13824
3	14	8	3	0	16835	1536
3	14	9	0	0	54145	186624
3	14	9	0	1	-54145	93312
3	14	9	1	0	-63245	20736
3	14	9	1	1	63245	10368
3	14	9	2	0	273455	20736
3	14	9	2	1	-273455	10368
3	14	9	3	0	-2275	2304
3	14	9	3	1	2275	1152
3	14	10	0	0	254345	746496
3	14	10	1	0	183365	41472
3	14	10	2	0	1365	1024
3	14	11	0	0	-15925	186624
3	14	11	0	1	15925	93312
3	14	11	1	0	-455	15552
3	14	11	1	1	455	7776
3	14	11	2	0	2275	6912
3	14	11	2	1	-2275	3456
3	14	12	0	0	-3185	62208
3	14	12	0	1	3185	15552
3	14	12	0	2	-3185	15552
3	14	12	1	0	7735	20736
3	14	12	1	1	-7735	5184
3	14	12	1	2	7735	5184
3	15	6	0	0	2275	248832
3	15	6	1	0	-15925	10368
3	15	6	2	0	2275	1536
3	15	6	3	0	-38675	1728
3	15	6	4	0	11375	3072
3	15	8	0	0	11375	124416
3	15	8	1	0	29575	13824
3	15	8	2	0	70525	13824
3	15	8	3	0	-2275	1536
3	15	9	0	0	-15925	373248
3	15	9	0	1	15925	186624
3	15	9	1	0	43225	124416
3	15	9	1	1	-43225	62208
3	15	9	2	0	-84175	41472
3	15	9	2	1	84175	20736
3	15	9	3	0	2275	13824
3	15	9	3	1	-2275	6912
3	15	10	0	0	-11375	82944
3	15	10	1	0	-56875	41472
3	15	10	2	0	-2275	9216
3	15	11	0	0	29575	746496
3	15	11	0	1	-29575	373248
3	15	11	1	0	11375	124416
3	15	11	1	1	-11375	62208
3	15	11	2	0	-2275	27648
3	15	11	2	1	2275	13824
3	15	12	0	0	15925	186624
3	15	12	0	1	-2275	46656
3	15	12	0	2	2275	46656
3	15	12	1	0	-2275	20736
3	15	12	1	1	2275	5184
3	15	12	1	2	-2275	5184
3	15	13	0	0	-2275	93312
3	15	13	0	1	2275	46656
3	15	15	0	0	-455	248832
3	15	15	0	1	5005	373248
3	15	15	0	2	-455	15552
3	15	15	0	3	455	23328
4	6	6	0	0	-75235	248832
4	6	6	1	0	-4160755	62208
4	6	6	2	0	627875	13824
4	6	6	3	0	-147455	768
4	6	6	4	0	52325	3072
4	7	6	0	0	-3149215	746496
4	7	6	1	0	23081825	62208
4	7	6	2	0	-266125	512
4	7	6	3	0	3414235	2304
4	7	6	4	0	-452725	3072
4	8	6	0	0	1130345	46656
4	8	6	1	0	-58833625	62208
4	8	6	2	0	14951555	6912
4	8	6	3	0	-11749025	2304
4	8	6	4	0	434525	768
4	8	8	0	0	16405	124416
4	8	8	1	0	-816025	41472
4	8	8	2	0	-131675	4608
4	8	8	3	0	-10465	1536
4	9	6	0	0	-526445	10368
4	9	6	1	0	30915625	20736
4	9	6	2	0	-97378975	20736
4	9	6	3	0	23722355	2304
4	9	6	4	0	-971425	768
4	9	8	0	0	-70705	41472
4	9	8	1	0	2895335	41472
4	9	8	2	0	1846535	13824
4	9	8	3	0	23205	512
4	9	9	0	0	19225	13824
4	9	9	0	1	-19225	6912
4	9	9	1	0	-197905	41472
4	9	9	1	1	197905	20736
4	9	9	2	0	574145	41472
4	9	9	2	1	-574145	20736
4	9	9	3	0	-2275	4608
4	9	9	3	1	2275	2304
4	10	6	0	0	6970865	124416
4	10	6	1	0	-3745345	2304
4	10	6	2	0	20872705	3456
4	10	6	3	0	-31063775	2304
4	10	6	4	0	2786875	1536
4	10	8	0	0	133855	41472
4	10	8	1	0	-3320005	41472
4	10	8	2	0	-3221585	13824
4	10	8	3	0	-65975	512
4	10	9	0	0	-285475	62208
4	10	9	0	1	285475	31104
4	10	9	1	0	60955	2304
4	10	9	1	1	-60955	1152
4	10	9	2	0	-1493635	20736
4	10	9	2	1	1493635	10368
4	10	9	3	0	2275	768
4	10	9	3	1	-2275	384
4	10	10	0	0	84925	248832
4	10	10	1	0	-30185	13824
4	10	10	2	0	-10465	9216
4	11	6	0	0	-1503535	41472
4	11	6	1	0	8737465	6912
4	11	6	2	0	-1560155	324
4	11	6	3	0	27440965	2304
4	11	6	4	0	-2659475	1536
4	11	8	0	0	-410935	124416
4	11	8	1	0	-569255	124416
4	11	8	2	0	78145	512
4	11	8	3	0	311675	1536
4	11	9	0	0	825235	124416
4	11	9	0	1	-825235	62208
4	11	9	1	0	-7100005	124416
4	11	9	1	1	7100005	62208
4	11	9	2	0	79755	512
4	11	9	2	1	-79755	256
4	11	9	3	0	-11375	1536
4	11	9	3	1	11375	768
4	11	10	0	0	-456545	248832
4	11	10	1	0	312475	41472
4	11	10	2	0	48685	9216
4	11	11	0	0	81145	248832
4	11	11	0	1	-81145	124416
4	11	11	1	0	75595	124416
4	11	11	1	1	-75595	62208
4	11	11	2	0	2275	9216
4	11	11	2	1	-2275	4608
4	12	6	0	0	442535	31104
4	12	6	1	0	-42662675	62208
4	12	6	2	0	49162855	20736
4	12	6	3	0	-16395835	2304
4	12	6	4	0	844025	768
4	12	8	0	0	521255	124416
4	12	8	1	0	11932415	124416
4	12	8	2	0	671365	13824
4	12	8	3	0	-97825	512
4	12	9	0	0	-175865	31104
4	12	9	0	1	175865	15552
4	12	9	1	0	1915735	31104
4	12	9	1	1	-1915735	15552
4	12	9	2	0	-1862705	10368
4	12	9	2	1	1862705	5184
4	12	9	3	0	11375	1152
4	12	9	3	1	-11375	576
4	12	10	0	0	40175	13824
4	12	10	1	0	-35645	2592
4	12	10	2	0	-5005	512
4	12	11	0	0	-38305	62208
4	12	11	0	1	38305	31104
4	12	11	1	0	-53495	31104
4	12	11	1	1	53495	15552
4	12	11	2	0	-2275	2304
4	12	11	2	1	2275	1152
4	12	12	0	0	2545	20736
4	12	12	0	1	-2545	5184
4	12	12	0	2	2545	5184
4	12	12	1	0	-10465	20736
4	12	12	1	1	10465	5184
4	12	12	1	2	-10465	5184
4	13	6	0	0	-156455	46656
4	13	6	1	0	15178345	62208
4	13	6	2	0	-1570465	2304
4	13	6	3	0	6400225	2304
4	13	6	4	0	-343525	768
4	13	8	0	0	-503945	124416
4	13	8	1	0	-11857105	124416
4	13	8	2	0	-1860235	13824
4	13	8	3	0	55055	512
4	13	9	0	0	1138085	373248
4	13	9	0	1	-1138085	186624
4	13	9	1	0	-4353245	124416
4	13	9	1	1	4353245	62208
4	13	9	2	0	4852055	41472
4	13	9	2	1	-4852055	20736
4	13	9	3	0	-11375	1536
4	13	9	3	1	11375	768
4	13	10	0	0	-313625	373248
4	13	10	1	0	184015	10368
4	13	10	2	0	41405	4608
4	13	11	0	0	14755	124416
4	13	11	0	1	-14755	62208
4	13	11	1	0	83525	62208
4	13	11	1	1	-83525	31104
4	13	11	2	0	2275	1536
4	13	11	2	1	-2275	768
4	13	12	0	0	-15665	62208
4	13	12	0	1	15665	15552
4	13	12	0	2	-15665	15552
4	13	12	1	0	27755	20736
4	13	12	1	1	-27755	5184
4	13	12	1	2	27755	5184
4	14	6	0	0	333515	746496
4	14	6	1	0	-1574755	31104
4	14	6	2	0	4075435	41472
4	14	6	3	0	-185185	288
4	14	6	4	0	325325	3072
4	14	8	0	0	671125	373248
4	14	8	1	0	5014555	124416
4	14	8	2	0	117845	1536
4	14	8	3	0	-51415	1536
4	14	9	0	0	-177905	186624
4	14	9	0	1	177905	93312
4	14	9	1	0	611065	62208
4	14	9	1	1	-611065	31104
4	14	9	2	0	-283465	6912
4	14	9	2	1	283465	3456
4	14	9	3	0	2275	768
4	14	9	3	1	-2275	384
4	14	10	0	0	-796705	746496
4	14	10	1	0	-186095	13824
4	14	10	2	0	-37765	9216
4	14	11	0	0	52325	186624
4	14	11	0	1	-52325	93312
4	14	11	1	0	455	10368
4	14	11	1	1	-455	5184
4	14	11	2	0	-2275	2304
4	14	11	2	1	2275	1152
4	14	12	0	0	10465	62208
4	14	12	0	1	-10465	15552
4	14	12	0	2	10465	15552
4	14	12	1	0	-24115	20736
4	14	12	1	1	24115	5184
4	14	12	1	2	-24115	5184
4	15	6	0	0	-2275	82944
4	15	6	1	0	15925	3456
4	15	6	2	0	-2275	512
4	15	6	3	0	38675	576
4	15	6	4	0	-11375	1024
4	15	8	0	0	-11375	41472
4	15	8	1	0	-29575	4608
4	15	8	2	0	-70525	4608
4	15	8	3	0	2275	512
4	15	9	0	0	15925	124416
4	15	9	0	1	-15925	62208
4	15	9	1	0	-43225	41472
4	15	9	1	1	43225	20736
4	15	9	2	0	84175	13824
4	15	9	2	1	-84175	6912
4	15	9	3	0	-2275	4608
4	15	9	3	1	2275	2304
4	15	10	0	0	11375	27648
4	15	10	1	0	56875	13824
4	15	10	2	0	2275	3072
4	15	11	0	0	-29575	248832
4	15	11	0	1	29575	124416
4	15	11	1	0	-11375	41472
4	15	11	1	1	11375	20736
4	15	11	2	0	2275	9216
4	15	11	2	1	-2275	4608
4	15	12	0	0	-15925	62208
4	15	12	0	1	2275	15552
4	15	12	0	2	-2275	15552
4	15	12	1	0	2275	6912
4	15	12	1	1	-2275	1728
4	15	12	1	2	2275	1728
4	15	13	0	0	2275	31104
4	15	13	0	1	-2275	15552
4	15	15	0	0	455	82944
4	15	15	0	1	-5005	124416
4	15	15	0	2	455	5184
4	15	15	0	3	-455	7776
5	6	6	0	0	-40325	27648
5	6	6	1	0	12203855	62208
5	6	6	2	0	-1216505	4608
5	6	6	3	0	383075	768
5	6	6	4	0	-125125	3072
5	7	6	0	0	7041235	248832
5	7	6	1	0	-67962085	62208
5	7	6	2	0	31078205	13824
5	7	6	3	0	-2942665	768
5	7	6	4	0	1076075	3072
5	8	6	0	0	-10173395	93312
5	8	6	1	0	173808755	62208
5	8	6	2	0	-55000465	6912
5	8	6	3	0	30145555	2304
5	8	6	4	0	-1026025	768
5	8	8	0	0	-328385	124416
5	8	8	1	0	197305	4608
5	8	8	2	0	283415	4608
5	8	8	3	0	25025	1536
5	9	6	0	0	1000025	5184
5	9	6	1	0	-90837205	20736
5	9	6	2	0	11919445	768
5	9	6	3	0	-60182375	2304
5	9	6	4	0	2277275	768
5	9	8	0	0	50395	4608
5	9	8	1	0	-227695	1536
5	9	8	2	0	-446765	1536
5	9	8	3	0	-55055	512
5	9	9	0	0	-171865	41472
5	9	9	0	1	171865	20736
5	9	9	1	0	697895	41472
5	9	9	1	1	-697895	20736
5	9	9	2	0	-17875	512
5	9	9	2	1	17875	256
5	9	9	3	0	5005	4608
5	9	9	3	1	-5005	2304
5	10	6	0	0	-2653085	13824
5	10	6	1	0	96897395	20736
5	10	6	2	0	-95528575	5184
5	10	6	3	0	25867655	768
5	10	6	4	0	-6481475	1536
5	10	8	0	0	-554015	41472
5	10	8	1	0	2177675	13824
5	10	8	2	0	790625	1536
5	10	8	3	0	155155	512
5	10	9	0	0	270505	20736
5	10	9	0	1	-270505	10368
5	10	9	1	0	-1743665	20736
5	10	9	1	1	1743665	10368
5	10	9	2	0	1240525	6912
5	10	9	2	1	-1240525	3456
5	10	9	3	0	-5005	768
5	10	9	3	1	5005	384
5	10	10	0	0	-89815	82944
5	10	10	1	0	7205	1536
5	10	10	2	0	25025	9216
5	11	6	0	0	4802765	41472
5	11	6	1	0	-2682185	768
5	11	6	2	0	142695575	10368
5	11	6	3	0	-67216325	2304
5	11	6	4	0	6131125	1536
5	11	8	0	0	1033505	124416
5	11	8	1	0	593065	13824
5	11	8	2	0	-532565	1536
5	11	8	3	0	-725725	1536
5	11	9	0	0	-2274965	124416
5	11	9	0	1	2274965	62208
5	11	9	1	0	2301475	13824
5	11	9	1	1	-2301475	6912
5	11	9	2	0	-587015	1536
5	11	9	2	1	587015	768
5	11	9	3	0	25025	1536
5	11	9	3	1	-25025	768
5	11	10	0	0	1199935	248832
5	11	10	1	0	-229075	13824
5	11	10	2	0	-115115	9216
5	11	11	0	0	-205535	248832
5	11	11	0	1	205535	124416
5	11	11	1	0	-715	512
5	11	11	1	1	715	256
5	11	11	2	0	-5005	9216
5	11	11	2	1	5005	4608
5	12	6	0	0	-111815	2592
5	12	6	1	0	111871705	62208
5	12	6	2	0	-44201135	6912
5	12	6	3	0	39221545	2304
5	12	6	4	0	-1926925	768
5	12	8	0	0	-373505	41472
5	12	8	1	0	-30288335	124416
5	12	8	2	0	-441595	4608
5	12	8	3	0	225225	512
5	12	9	0	0	157135	10368
5	12	9	0	1	-157135	5184
5	12	9	1	0	-5179405	31104
5	12	9	1	1	5179405	15552
5	12	9	2	0	1493635	3456
5	12	9	2	1	-1493635	1728
5	12	9	3	0	-25025	1152
5	12	9	3	1	25025	576
5	12	10	0	0	-302885	41472
5	12	10	1	0	107195	3456
5	12	10	2	0	35035	1536
5	12	11	0	0	31735	20736
5	12	11	0	1	-31735	10368
5	12	11	1	0	20735	5184
5	12	11	1	1	-20735	2592
5	12	11	2	0	5005	2304
5	12	11	2	1	-5005	1152
5	12	12	0	0	-7205	20736
5	12	12	0	1	7205	5184
5	12	12	0	2	-7205	5184
5	12	12	1	0	25025	20736
5	12	12	1	1	-25025	5184
5	12	12	1	2	25025	5184
5	13	6	0	0	299585	31104
5	13	6	1	0	-37562525	62208
5	13	6	2	0	36049585	20736
5	13	6	3	0	-4968535	768
5	13	6	4	0	775775	768
5	13	8	0	0	1150435	124416
5	13	8	1	0	28177435	124416
5	13	8	2	0	149435	512
5	13	8	3	0	-125125	512
5	13	9	0	0	-107965	13824
5	13	9	0	1	107965	6912
5	13	9	1	0	10960235	124416
5	13	9	1	1	-10960235	62208
5	13	9	2	0	-3795935	13824
5	13	9	2	1	3795935	6912
5	13	9	3	0	25025	1536
5	13	9	3	1	-25025	768
5	13	10	0	0	9295	4608
5	13	10	1	0	-69355	1728
5	13	10	2	0	-95095	4608
5	13	11	0	0	-30745	124416
5	13	11	0	1	30745	62208
5	13	11	1	0	-22165	6912
5	13	11	1	1	22165	3456
5	13	11	2	0	-5005	1536
5	13	11	2	1	5005	768
5	13	12	0	0	13585	20736
5	13	12	0	1	-13585	5184
5	13	12	0	2	13585	5184
5	13	12	1	0	-65065	20736
5	13	12	1	1	65065	5184
5	13	12	1	2	-65065	5184
5	14	6	0	0	-875875	746496
5	14	6	1	0	1836835	15552
5	14	6	2	0	-9784775	41472
5	14	6	3	0	1676675	1152
5	14	6	4	0	-725725	3072
5	14	8	0	0	-1526525	373248
5	14	8	1	0	-11466455	124416
5	14	8	2	0	-775775	4608
5	14	8	3	0	115115	1536
5	14	9	0	0	425425	186624
5	14	9	0	1	-425425	93312
5	14	9	1	0	-1436435	62208
5	14	9	1	1	1436435	31104
5	14	9	2	0	215215	2304
5	14	9	2	1	-215215	1152
5	14	9	3	0	-5005	768
5	14	9	3	1	5005	384
5	14	10	0	0	1826825	746496
5	14	10	1	0	415415	13824
5	14	10	2	0	85085	9216
5	14	11	0	0	-125125	186624
5	14	11	0	1	125125	93312
5	14	11	2	0	5005	2304
5	14	11	2	1	-5005	1152
5	14	12	0	0	-25025	62208
5	14	12	0	1	25025	15552
5	14	12	0	2	-25025	15552
5	14	12	1	0	55055	20736
5	14	12	1	1	-55055	5184
5	14	12	1	2	55055	5184
5	15	6	0	0	5005	82944
5	15	6	1	0	-35035	3456
5	15	6	2	0	5005	512
5	15	6	3	0	-85085	576
5	15	6	4	0	25025	1024
5	15	8	0	0	25025	41472
5	15	8	1	0	65065	4608
5	15	8	2	0	155155	4608
5	15	8	3	0	-5005	512
5	15	9	0	0	-35035	124416
5	15	9	0	1	35035	62208
5	15	9	1	0	95095	41472
5	15	9	1	1	-95095	20736
5	15	9	2	0	-185185	13824
5	15	9	2	1	185185	6912
5	15	9	3	0	5005	4608
5	15	9	3	1	-5005	2304
5	15	10	0	0	-25025	27648
5	15	10	1	0	-125125	13824
5	15	10	2	0	-5005	3072
5	15	11	0	0	65065	248832
5	15	11	0	1	-65065	124416
5	15	11	1	0	25025	41472
5	15	11	1	1	-25025	20736
5	15	11	2	0	-5005	9216
5	15	11	2	1	5005	4608
5	15	12	0	0	35035	62208
5	15	12	0	1	-5005	15552
5	15	12	0	2	5005	15552
5	15	12	1	0	-5005	6912
5	15	12	1	1	5005	1728
5	15	12	1	2	-5005	1728
5	15	13	0	0	-5005	31104
5	15	13	0	1	5005	15552
5	15	15	0	0	-1001	82944
5	15	15	0	1	11011	124416
5	15	15	0	2	-1001	5184
5	15	15	0	3	1001	7776
6	6	6	0	0	2696405	248832
6	6	6	1	0	-13984535	31104
6	6	6	2	0	11491325	13824
6	6	6	3	0	-71225	72
6	6	6	4	0	75075	1024
6	7	6	0	0	-77086955	746496
6	7	6	1	0	78218185	31104
6	7	6	2	0	-86813305	13824
6	7	6	3	0	1447765	192
6	7	6	4	0	-1926925	3072
6	8	6	0	0	60213935	186624
6	8	6	1	0	-99725755	15552
6	8	6	2	0	23402395	1152
6	8	6	3	0	-4893185	192
6	8	6	4	0	1826825	768
6	8	8	0	0	1325785	124416
6	8	8	1	0	-2883085	41472
6	8	8	2	0	-1413445	13824
6	8	8	3	0	-15015	512
6	9	6	0	0	-31642825	62208
6	9	6	1	0	2848565	288
6	9	6	2	0	-127399315	3456
6	9	6	3	0	43378115	864
6	9	6	4	0	-4029025	768
6	9	8	0	0	-1465705	41472
6	9	8	1	0	9785735	41472
6	9	8	2	0	6775615	13824
6	9	8	3	0	295295	1536
6	9	9	0	0	1155245	124416
6	9	9	0	1	-1155245	62208
6	9	9	1	0	-1743665	41472
6	9	9	1	1	1743665	20736
6	9	9	2	0	918775	13824
6	9	9	2	1	-918775	6912
6	9	9	3	0	-25025	13824
6	9	9	3	1	25025	6912
6	10	6	0	0	58410155	124416
6	10	6	1	0	-13233365	1296
6	10	6	2	0	10540025	256
6	10	6	3	0	-36671525	576
6	10	6	4	0	11386375	1536
6	10	8	0	0	1474715	41472
6	10	8	1	0	-9558545	41472
6	10	8	2	0	-451935	512
6	10	8	3	0	-275275	512
6	10	9	0	0	-1746535	62208
6	10	9	0	1	1746535	31104
6	10	9	1	0	447755	2304
6	10	9	1	1	-447755	1152
6	10	9	2	0	-2333045	6912
6	10	9	2	1	2333045	3456
6	10	9	3	0	25025	2304
6	10	9	3	1	-25025	1152
6	10	10	0	0	614845	248832
6	10	10	1	0	-35585	4608
6	10	10	2	0	-5005	1024
6	11	6	0	0	-3710575	13824
6	11	6	1	0	37756235	5184
6	11	6	2	0	-201260675	6912
6	11	6	3	0	15562525	288
6	11	6	4	0	-10685675	1536
6	11	8	0	0	-1937375	124416
6	11	8	1	0	-5252885	41472
6	11	8	2	0	8545955	13824
6	11	8	3	0	425425	512
6	11	9	0	0	4757555	124416
6	11	9	0	1	-4757555	62208
6	11	9	1	0	-14870735	41472
6	11	9	1	1	14870735	20736
6	11	9	2	0	29355755	41472
6	11	9	2	1	-29355755	20736
6	11	9	3	0	-125125	4608
6	11	9	3	1	125125	2304
6	11	10	0	0	-2365165	248832
6	11	10	1	0	384395	13824
6	11	10	2	0	205205	9216
6	11	11	0	0	395945	248832
6	11	11	0	1	-395945	124416
6	11	11	1	0	102245	41472
6	11	11	1	1	-102245	20736
6	11	11	2	0	25025	27648
6	11	11	2	1	-25025	13824
6	12	6	0	0	5938625	62208
6	12	6	1	0	-18405475	5184
6	12	6	2	0	44421245	3456
6	12	6	3	0	-53210135	1728
6	12	6	4	0	3328325	768
6	12	8	0	0	603185	41472
6	12	8	1	0	19113545	41472
6	12	8	2	0	1796905	13824
6	12	8	3	0	-1176175	1536
6	12	9	0	0	-954305	31104
6	12	9	0	1	954305	15552
6	12	9	1	0	1159895	3456
6	12	9	1	1	-1159895	1728
6	12	9	2	0	-8141705	10368
6	12	9	2	1	8141705	5184
6	12	9	3	0	125125	3456
6	12	9	3	1	-125125	1728
6	12	10	0	0	1736845	124416
6	12	10	1	0	-366905	6912
6	12	10	2	0	-185185	4608
6	12	11	0	0	-180785	62208
6	12	11	0	1	180785	31104
6	12	11	1	0	-73645	10368
6	12	11	1	1	73645	5184
6	12	11	2	0	-25025	6912
6	12	11	2	1	25025	3456
6	12	12	0	0	45595	62208
6	12	12	0	1	-45595	15552
6	12	12	0	2	45595	15552
6	12	12	1	0	-5005	2304
6	12	12	1	1	5005	576
6	12	12	1	2	-5005	576
6	13	6	0	0	-1257685	62208
6	13	6	1	0	2917915	2592
6	13	6	2	0	-11475035	3456
6	13	6	3	0	3282565	288
6	13	6	4	0	-1326325	768
6	13	8	0	0	-664235	41472
6	13	8	1	0	-1871155	4608
6	13	8	2	0	-732875	1536
6	13	8	3	0	215215	512
6	13	9	0	0	1871155	124416
6	13	9	0	1	-1871155	62208
6	13	9	1	0	-20711405	124416
6	13	9	1	1	20711405	62208
6	13	9	2	0	6734585	13824
6	13	9	2	1	-6734585	6912
6	13	9	3	0	-125125	4608
6	13	9	3	1	125125	2304
6	13	10	0	0	-459745	124416
6	13	10	1	0	1424995	20736
6	13	10	2	0	55055	1536
6	13	11	0	0	16445	41472
6	13	11	0	1	-16445	20736
6	13	11	1	0	361075	62208
6	13	11	1	1	-361075	31104
6	13	11	2	0	25025	4608
6	13	11	2	1	-25025	2304
6	13	12	0	0	-26455	20736
6	13	12	0	1	26455	5184
6	13	12	0	2	-26455	5184
6	13	12	1	0	115115	20736
6	13	12	1	1	-115115	5184
6	13	12	1	2	115115	5184
6	14	6	0	0	565565	248832
6	14	6	1	0	-2157155	10368
6	14	6	2	0	5890885	13824
6	14	6	3	0	-1436435	576
6	14	6	4	0	1226225	3072
6	14	8	0	0	875875	124416
6	14	8	1	0	6611605	41472
6	14	8	2	0	3868865	13824
6	14	8	3	0	-65065	512
6	14	9	0	0	-85085	20736
6	14	9	0	1	85085	10368
6	14	9	1	0	2547545	62208
6	14	9	1	1	-2547545	31104
6	14	9	2	0	-3338335	20736
6	14	9	2	1	3338335	10368
6	14	9	3	0	25025	2304
6	14	9	3	1	-25025	1152
6	14	10	0	0	-1056055	248832
6	14	10	1	0	-2107105	41472
6	14	10	2	0	-145145	9216
6	14	11	0	0	25025	20736
6	14	11	0	1	-25025	10368
6	14	11	1	0	-5005	31104
6	14	11	1	1	5005	15552
6	14	11	2	0	-25025	6912
6	14	11	2	1	25025	3456
6	14	12	0	0	5005	6912
6	14	12	0	1	-5005	1728
6	14	12	0	2	5005	1728
6	14	12	1	0	-95095	20736
6	14	12	1	1	95095	5184
6	14	12	1	2	-95095	5184
6	15	6	0	0	-25025	248832
6	15	6	1	0	175175	10368
6	15	6	2	0	-25025	1536
6	15	6	3	0	425425	1728
6	15	6	4	0	-125125	3072
6	15	8	0	0	-125125	124416
6	15	8	1	0	-325325	13824
6	15	8	2	0	-775775	13824
6	15	8	3	0	25025	1536
6	15	9	0	0	175175	373248
6	15	9	0	1	-175175	186624
6	15	9	1	0	-475475	124416
6	15	9	1	1	475475	62208
6	15	9	2	0	925925	41472
6	15	9	2	1	-925925	20736
6	15	9	3	0	-25025	13824
6	15	9	3	1	25025	6912
6	15	10	0	0	125125	82944
6	15	10	1	0	625625	41472
6	15	10	2	0	25025	9216
6	15	11	0	0	-325325	746496
6	15	11	0	1	325325	373248
6	15	11	1	0	-125125	124416
6	15	11	1	1	125125	62208
6	15	11	2	0	25025	27648
6	15	11	2	1	-25025	13824
6	15	12	0	0	-175175	186624
6	15	12	0	1	25025	46656
6	15	12	0	2	-25025	46656
6	15	12	1	0	25025	20736
6	15	12	1	1	-25025	5184
6	15	12	1	2	25025	5184
6	15	13	0	0	25025	93312
6	15	13	0	1	-25025	46656
6	15	15	0	0	5005	248832
6	15	15	0	1	-55055	373248
6	15	15	0	2	5005	15552
6	15	15	0	3	-5005	23328
7	6	6	0	0	-8806285	248832
7	6	6	1	0	25613395	31104
7	6	6	2	0	-24440285	13824
7	6	6	3	0	72875	48
7	6	6	4	0	-103675	1024
7	7	6	0	0	186188645	746496
7	7	6	1	0	-142921805	31104
7	7	6	2	0	57390085	4608
7	7	6	3	0	-137555	12
7	7	6	4	0	883025	1024
7	8	6	0	0	-126092545	186624
7	8	6	1	0	359615245	31104
7	8	6	2	0	-4093775	108
7	8	6	3	0	14703095	384
7	8	6	4	0	-832975	256
7	8	8	0	0	-3170645	124416
7	8	8	1	0	3579085	41472
7	8	8	2	0	618035	4608
7	8	8	3	0	20735	512
7	9	6	0	0	6762235	6912
7	9	6	1	0	-22489405	1296
7	9	6	2	0	75028595	1152
7	9	6	3	0	-3568895	48
7	9	6	4	0	1826825	256
7	9	8	0	0	3133195	41472
7	9	8	1	0	-11983925	41472
7	9	8	2	0	-1001605	1536
7	9	8	3	0	-135135	512
7	9	9	0	0	-664045	41472
7	9	9	0	1	664045	20736
7	9	9	1	0	3205015	41472
7	9	9	1	1	-3205015	20736
7	9	9	2	0	-1343485	13824
7	9	9	2	1	1343485	6912
7	9	9	3	0	3575	1536
7	9	9	3	1	-3575	768
7	10	6	0	0	-106082855	124416
7	10	6	1	0	178265335	10368
7	10	6	2	0	-159389375	2304
7	10	6	3	0	35582525	384
7	10	6	4	0	-5130125	512
7	10	8	0	0	-2797795	41472
7	10	8	1	0	10684645	41472
7	10	8	2	0	5515015	4608
7	10	8	3	0	375375	512
7	10	9	0	0	2905255	62208
7	10	9	0	1	-2905255	31104
7	10	9	1	0	-6962065	20736
7	10	9	1	1	6962065	10368
7	10	9	2	0	3371225	6912
7	10	9	2	1	-3371225	3456
7	10	9	3	0	-3575	256
7	10	9	3	1	3575	128
7	10	10	0	0	-1047805	248832
7	10	10	1	0	45925	4608
7	10	10	2	0	20735	3072
7	11	6	0	0	19321555	41472
7	11	6	1	0	-30206275	2592
7	11	6	2	0	35831345	768
7	11	6	3	0	-14794175	192
7	11	6	4	0	4779775	512
7	11	8	0	0	2808025	124416
7	11	8	1	0	9616915	41472
7	11	8	2	0	-4040135	4608
7	11	8	3	0	-575575	512
7	11	9	0	0	-7680805	124416
7	11	9	0	1	7680805	62208
7	11	9	1	0	8065915	13824
7	11	9	1	1	-8065915	6912
7	11	9	2	0	-1547975	1536
7	11	9	2	1	1547975	768
7	11	9	3	0	17875	512
7	11	9	3	1	-17875	256
7	11	10	0	0	3573515	248832
7	11	10	1	0	-502205	13824
7	11	10	2	0	-93665	3072
7	11	11	0	0	-592735	248832
7	11	11	0	1	592735	124416
7	11	11	1	0	-140855	41472
7	11	11	1	1	140855	20736
7	11	11	2	0	-3575	3072
7	11	11	2	1	3575	1536
7	12	6	0	0	-1095875	6912
7	12	6	1	0	55707905	10368
7	12	6	2	0	-33974435	1728
7	12	6	3	0	16469585	384
7	12	6	4	0	-1476475	256
7	12	8	0	0	-748165	41472
7	12	8	1	0	-27548785	41472
7	12	8	2	0	-174845	1536
7	12	8	3	0	525525	512
7	12	9	0	0	494615	10368
7	12	9	0	1	-494615	5184
7	12	9	1	0	-5337695	10368
7	12	9	1	1	5337695	5184
7	12	9	2	0	3793075	3456
7	12	9	2	1	-3793075	1728
7	12	9	3	0	-17875	384
7	12	9	3	1	17875	192
7	12	10	0	0	-856295	41472
7	12	10	1	0	485375	6912
7	12	10	2	0	27885	512
7	12	11	0	0	29645	6912
7	12	11	0	1	-29645	3456
7	12	11	1	0	50765	5184
7	12	11	1	1	-50765	2592
7	12	11	2	0	3575	768
7	12	11	2	1	-3575	384
7	12	12	0	0	-24365	20736
7	12	12	0	1	24365	5184
7	12	12	0	2	-24365	5184
7	12	12	1	0	20735	6912
7	12	12	1	1	-20735	1728
7	12	12	1	2	20735	1728
7	13	6	0	0	1982695	62208
7	13	6	1	0	-4174885	2592
7	13	6	2	0	5580575	1152
7	13	6	3	0	-1485055	96
7	13	6	4	0	582725	256
7	13	8	0	0	888745	41472
7	13	8	1	0	23208185	41472
7	13	8	2	0	2757755	4608
7	13	8	3	0	-285285	512
7	13	9	0	0	-2759185	124416
7	13	9	0	1	2759185	62208
7	13	9	1	0	9983545	41472
7	13	9	1	1	-9983545	20736
7	13	9	2	0	-9198475	13824
7	13	9	2	1	9198475	6912
7	13	9	3	0	17875	512
7	13	9	3	1	-17875	256
7	13	10	0	0	652795	124416
7	13	10	1	0	-627055	6912
7	13	10	2	0	-73645	1536
7	13	11	0	0	-20735	41472
7	13	11	0	1	20735	20736
7	13	11	1	0	-168025	20736
7	13	11	1	1	168025	10368
7	13	11	2	0	-3575	512
7	13	11	2	1	3575	256
7	13	12	0	0	39325	20736
7	13	12	0	1	-39325	5184
7	13	12	0	2	39325	5184
7	13	12	1	0	-52195	6912
7	13	12	1	1	52195	1728
7	13	12	1	2	-52195	1728
7	14	6	0	0	-828685	248832
7	14	6	1	0	365365	1296
7	14	6	2	0	-8158865	13824
7	14	6	3	0	1264835	384
7	14	6	4	0	-532675	1024
7	14	8	0	0	-1161875	124416
7	14	8	1	0	-8810945	41472
7	14	8	2	0	-183755	512
7	14	8	3	0	85085	512
7	14	9	0	0	352495	62208
7	14	9	0	1	-352495	31104
7	14	9	1	0	-1157585	20736
7	14	9	1	1	1157585	10368
7	14	9	2	0	492635	2304
7	14	9	2	1	-492635	1152
7	14	9	3	0	-3575	256
7	14	9	3	1	3575	128
7	14	10	0	0	1410695	248832
7	14	10	1	0	305305	4608
7	14	10	2	0	63635	3072
7	14	11	0	0	-103675	62208
7	14	11	0	1	103675	31104
7	14	11	1	0	715	1728
7	14	11	1	1	-715	864
7	14	11	2	0	3575	768
7	14	11	2	1	-3575	384
7	14	12	0	0	-20735	20736
7	14	12	0	1	20735	5184
7	14	12	0	2	-20735	5184
7	14	12	1	0	42185	6912
7	14	12	1	1	-42185	1728
7	14	12	1	2	42185	1728
7	15	6	0	0	3575	27648
7	15	6	1	0	-25025	1152
7	15	6	2	0	10725	512
7	15	6	3	0	-60775	192
7	15	6	4	0	53625	1024
7	15	8	0	0	17875	13824
7	15	8	1	0	46475	1536
7	15	8	2	0	110825	1536
7	15	8	3	0	-10725	512
7	15	9	0	0	-25025	41472
7	15	9	0	1	25025	20736
7	15	9	1	0	67925	13824
7	15	9	1	1	-67925	6912
7	15	9	2	0	-132275	4608
7	15	9	2	1	132275	2304
7	15	9	3	0	3575	1536
7	15	9	3	1	-3575	768
7	15	10	0	0	-17875	9216
7	15	10	1	0	-89375	4608
7	15	10	2	0	-3575	1024
7	15	11	0	0	46475	82944
7	15	11	0	1	-46475	41472
7	15	11	1	0	17875	13824
7	15	11	1	1	-17875	6912
7	15	11	2	0	-3575	3072
7	15	11	2	1	3575	1536
7	15	12	0	0	25025	20736
7	15	12	0	1	-3575	5184
7	15	12	0	2	3575	5184
7	15	12	1	0	-3575	2304
7	15	12	1	1	3575	576
7	15	12	1	2	-3575	576
7	15	13	0	0	-3575	10368
7	15	13	0	1	3575	5184
7	15	15	0	0	-715	27648
7	15	15	0	1	7865	41472
7	15	15	0	2	-715	1728
7	15	15	0	3	715	2592
8	6	6	0	0	2027555	27648
8	6	6	1	0	-75332155	62208
8	6	6	2	0	12520075	4608
8	6	6	3	0	-1391555	768
8	6	6	4	0	110825	1024
8	7	6	0	0	-105988795	248832
8	7	6	1	0	414870785	62208
8	7	6	2	0	-252063005	13824
8	7	6	3	0	3465935	256
8	7	6	4	0	-940225	1024
8	8	6	0	0	96875425	93312
8	8	6	1	0	-1018878205	62208
8	8	6	2	0	366279955	6912
8	8	6	3	0	-34302455	768
8	8	6	4	0	883025	256
8	8	8	0	0	5205835	124416
8	8	8	1	0	-1152685	13824
8	8	8	2	0	-646085	4608
8	8	8	3	0	-22165	512
8	9	6	0	0	-1826905	1296
8	9	6	1	0	491619685	20736
8	9	6	2	0	-200681935	2304
8	9	6	3	0	65631005	768
8	9	6	4	0	-1926925	256
8	9	8	0	0	-1603405	13824
8	9	8	1	0	3838715	13824
8	9	8	2	0	3182795	4608
8	9	8	3	0	143715	512
8	9	9	0	0	892325	41472
8	9	9	0	1	-892325	20736
8	9	9	1	0	-4420295	41472
8	9	9	1	1	4420295	20736
8	9	9	2	0	506935	4608
8	9	9	2	1	-506935	2304
8	9	9	3	0	-3575	1536
8	9	9	3	1	3575	768
8	10	6	0	0	48658625	41472
8	10	6	1	0	-464937725	20736
8	10	6	2	0	51041875	576
8	10	6	3	0	-26791875	256
8	10	6	4	0	5380375	512
8	10	8	0	0	3958625	41472
8	10	8	1	0	-115675	512
8	10	8	2	0	-1983575	1536
8	10	8	3	0	-396825	512
8	10	9	0	0	-1256735	20736
8	10	9	0	1	1256735	10368
8	10	9	1	0	9123125	20736
8	10	9	1	1	-9123125	10368
8	10	9	2	0	-1257685	2304
8	10	9	2	1	1257685	1152
8	10	9	3	0	3575	256
8	10	9	3	1	-3575	128
8	10	10	0	0	454025	82944
8	10	10	1	0	-5225	512
8	10	10	2	0	-22165	3072
8	11	6	0	0	-25517525	41472
8	11	6	1	0	298784695	20736
8	11	6	2	0	-65979925	1152
8	11	6	3	0	65488555	768
8	11	6	4	0	-4979975	512
8	11	8	0	0	-3227345	124416
8	11	8	1	0	-455345	1536
8	11	8	2	0	4564175	4608
8	11	8	3	0	604175	512
8	11	9	0	0	9640565	124416
8	11	9	0	1	-9640565	62208
8	11	9	1	0	-30099905	41472
8	11	9	1	1	30099905	20736
8	11	9	2	0	1708135	1536
8	11	9	2	1	-1708135	768
8	11	9	3	0	-17875	512
8	11	9	3	1	17875	256
8	11	10	0	0	-4185775	248832
8	11	10	1	0	171985	4608
8	11	10	2	0	99385	3072
8	11	11	0	0	696575	248832
8	11	11	0	1	-696575	124416
8	11	11	1	0	50765	13824
8	11	11	1	1	-50765	6912
8	11	11	2	0	3575	3072
8	11	11	2	1	-3575	1536
8	12	6	0	0	259765	1296
8	12	6	1	0	-130314965	20736
8	12	6	2	0	53281855	2304
8	12	6	3	0	-35618605	768
8	12	6	4	0	1526525	256
8	12	8	0	0	240625	13824
8	12	8	1	0	30534955	41472
8	12	8	2	0	207625	4608
8	12	8	3	0	-546975	512
8	12	9	0	0	-595045	10368
8	12	9	0	1	595045	5184
8	12	9	1	0	6295355	10368
8	12	9	1	1	-6295355	5184
8	12	9	2	0	-152295	128
8	12	9	2	1	152295	64
8	12	9	3	0	17875	384
8	12	9	3	1	-17875	192
8	12	10	0	0	986975	41472
8	12	10	1	0	-83435	1152
8	12	10	2	0	-29315	512
8	12	11	0	0	-102685	20736
8	12	11	0	1	102685	10368
8	12	11	1	0	-12155	1152
8	12	11	1	1	12155	576
8	12	11	2	0	-3575	768
8	12	11	2	1	3575	384
8	12	12	0	0	29975	20736
8	12	12	0	1	-29975	5184
8	12	12	0	2	29975	5184
8	12	12	1	0	-22165	6912
8	12	12	1	1	22165	1728
8	12	12	1	2	-22165	1728
8	13	6	0	0	-132275	3456
8	13	6	1	0	36989095	20736
8	13	6	2	0	-37678355	6912
8	13	6	3	0	4174885	256
8	13	6	4	0	-597025	256
8	13	8	0	0	-925925	41472
8	13	8	1	0	-24795485	41472
8	13	8	2	0	-891605	1536
8	13	8	3	0	293865	512
8	13	9	0	0	1047475	41472
8	13	9	0	1	-1047475	20736
8	13	9	1	0	-11150425	41472
8	13	9	1	1	11150425	20736
8	13	9	2	0	3251105	4608
8	13	9	2	1	-3251105	2304
8	13	9	3	0	-17875	512
8	13	9	3	1	17875	256
8	13	10	0	0	-240955	41472
8	13	10	1	0	17875	192
8	13	10	2	0	76505	1536
8	13	11	0	0	20735	41472
8	13	11	0	1	-20735	20736
8	13	11	1	0	60775	6912
8	13	11	1	1	-60775	3456
8	13	11	2	0	3575	512
8	13	11	2	1	-3575	256
8	13	12	0	0	-5005	2304
8	13	12	0	1	5005	576
8	13	12	0	2	-5005	576
8	13	12	1	0	55055	6912
8	13	12	1	1	-55055	1728
8	13	12	1	2	55055	1728
8	14	6	0	0	930215	248832
8	14	6	1	0	-3072355	10368
8	14	6	2	0	8743735	13824
8	14	6	3	0	-162305	48
8	14	6	4	0	539825	1024
8	14	8	0	0	1197625	124416
8	14	8	1	0	9121255	41472
8	14	8	2	0	549835	1536
8	14	8	3	0	-86515	512
8	14	9	0	0	-376805	62208
8	14	9	0	1	376805	31104
8	14	9	1	0	1223365	20736
8	14	9	1	1	-1223365	10368
8	14	9	2	0	-56485	256
8	14	9	2	1	56485	128
8	14	9	3	0	3575	256
8	14	9	3	1	-3575	128
8	14	10	0	0	-1463605	248832
8	14	10	1	0	-309595	4608
8	14	10	2	0	-65065	3072
8	14	11	0	0	110825	62208
8	14	11	0	1	-110825	31104
8	14	11	1	0	-715	1152
8	14	11	1	1	715	576
8	14	11	2	0	-3575	768
8	14	11	2	1	3575	384
8	14	12	0	0	22165	20736
8	14	12	0	1	-22165	5184
8	14	12	0	2	22165	5184
8	14	12	1	0	-43615	6912
8	14	12	1	1	43615	1728
8	14	12	1	2	-43615	1728
8	15	6	0	0	-3575	27648
8	15	6	1	0	25025	1152
8	15	6	2	0	-10725	512
8	15	6	3	0	60775	192
8	15	6	4	0	-53625	1024
8	15	8	0	0	-17875	13824
8	15	8	1	0	-46475	1536
8	15	8	2	0	-110825	1536
8	15	8	3	0	10725	512
8	15	9	0	0	25025	41472
8	15	9	0	1	-25025	20736
8	15	9	1	0	-67925	13824
8	15	9	1	1	67925	6912
8	15	9	2	0	132275	4608
8	15	9	2	1	-132275	2304
8	15	9	3	0	-3575	1536
8	15	9	3	1	3575	768
8	15	10	0	0	17875	9216
8	15	10	1	0	89375	4608
8	15	10	2	0	3575	1024
8	15	11	0	0	-46475	82944
8	15	11	0	1	46475	41472
8	15	11	1	0	-17875	13824
8	15	11	1	1	17875	6912
8	15	11	2	0	3575	3072
8	15	11	2	1	-3575	1536
8	15	12	0	0	-25025	20736
8	15	12	0	1	3575	5184
8	15	12	0	2	-3575	5184
8	15	12	1	0	3575	2304
8	15	12	1	1	-3575	576
8	15	12	1	2	3575	576
8	15	13	0	0	3575	10368
8	15	13	0	1	-3575	5184
8	15	15	0	0	715	27648
8	15	15	0	1	-7865	41472
8	15	15	0	2	715	1728
8	15	15	0	3	-715	2592
9	6	6	0	0	-2906275	27648
9	6	6	1	0	29370005	20736
9	6	6	2	0	-128367275	41472
9	6	6	3	0	11595815	6912
9	6	6	4	0	-275275	3072
9	7	6	0	0	14648965	27648
9	7	6	1	0	-17548775	2304
9	7	6	2	0	830030125	41472
9	7	6	3	0	-28576295	2304
9	7	6	4	0	775775	1024
9	8	6	0	0	-9270245	7776
9	8	6	1	0	1125737635	62208
9	8	6	2	0	-1161870455	20736
9	8	6	3	0	93099875	2304
9	8	6	4	0	-725725	256
9	8	8	0	0	-6186175	124416
9	8	8	1	0	7907725	124416
9	8	8	2	0	4843025	41472
9	8	8	3	0	55055	1536
9	9	6	0	0	143735555	93312
9	9	6	1	0	-520687705	20736
9	9	6	2	0	204340375	2304
9	9	6	3	0	-526558505	6912
9	9	6	4	0	1576575	256
9	9	8	0	0	16470175	124416
9	9	8	1	0	-26457785	124416
9	9	8	2	0	-24118985	41472
9	9	8	3	0	-355355	1536
9	9	9	0	0	-8432735	373248
9	9	9	0	1	8432735	186624
9	9	9	1	0	13825955	124416
9	9	9	1	1	-13825955	62208
9	9	9	2	0	-3997565	41472
9	9	9	2	1	3997565	20736
9	9	9	3	0	25025	13824
9	9	9	3	1	-25025	6912
9	10	6	0	0	-460027565	373248
9	10	6	1	0	1405673305	62208
9	10	6	2	0	-900477455	10368
9	10	6	3	0	211267925	2304
9	10	6	4	0	-4379375	512
9	10	8	0	0	-12783155	124416
9	10	8	1	0	6651935	41472
9	10	8	2	0	5093165	4608
9	10	8	3	0	325325	512
9	10	9	0	0	11449375	186624
9	10	9	0	1	-11449375	93312
9	10	9	1	0	-27325045	62208
9	10	9	1	1	27325045	31104
9	10	9	2	0	9811945	20736
9	10	9	2	1	-9811945	10368
9	10	9	3	0	-25025	2304
9	10	9	3	1	25025	1152
9	10	10	0	0	-4088425	746496
9	10	10	1	0	114895	13824
9	10	10	2	0	55055	9216
9	11	6	0	0	77289685	124416
9	11	6	1	0	-285308815	20736
9	11	6	2	0	93307445	1728
9	11	6	3	0	-168726305	2304
9	11	6	4	0	4029025	512
9	11	8	0	0	8935685	373248
9	11	8	1	0	34232935	124416
9	11	8	2	0	-36697265	41472
9	11	8	3	0	-1476475	1536
9	11	9	0	0	-28184585	373248
9	11	9	0	1	28184585	186624
9	11	9	1	0	86096285	124416
9	11	9	1	1	-86096285	62208
9	11	9	2	0	-39445835	41472
9	11	9	2	1	39445835	20736
9	11	9	3	0	125125	4608
9	11	9	3	1	-125125	2304
9	11	10	0	0	11430595	746496
9	11	10	1	0	-1252075	41472
9	11	10	2	0	-245245	9216
9	11	11	0	0	-1928795	746496
9	11	11	0	1	1928795	373248
9	11	11	1	0	-386815	124416
9	11	11	1	1	386815	62208
9	11	11	2	0	-25025	27648
9	11	11	2	1	25025	13824
9	12	6	0	0	-18070085	93312
9	12	6	1	0	353461625	62208
9	12	6	2	0	-434427785	20736
9	12	6	3	0	269130235	6912
9	12	6	4	0	-1226225	256
9	12	8	0	0	-1633885	124416
9	12	8	1	0	-78191905	124416
9	12	8	2	0	1278035	41472
9	12	8	3	0	1326325	1536
9	12	9	0	0	4982065	93312
9	12	9	0	1	-4982065	46656
9	12	9	1	0	-17152795	31104
9	12	9	1	1	17152795	15552
9	12	9	2	0	10373935	10368
9	12	9	2	1	-10373935	5184
9	12	9	3	0	-125125	3456
9	12	9	3	1	125125	1728
9	12	10	0	0	-7969775	373248
9	12	10	1	0	302005	5184
9	12	10	2	0	215215	4608
9	12	11	0	0	833305	186624
9	12	11	0	1	-833305	93312
9	12	11	1	0	137995	15552
9	12	11	1	1	-137995	7776
9	12	11	2	0	25025	6912
9	12	11	2	1	-25025	3456
9	12	12	0	0	-255035	186624
9	12	12	0	1	255035	46656
9	12	12	0	2	-255035	46656
9	12	12	1	0	55055	20736
9	12	12	1	1	-55055	5184
9	12	12	1	2	55055	5184
9	13	6	0	0	820105	23328
9	13	6	1	0	-95160065	62208
9	13	6	2	0	98214545	20736
9	13	6	3	0	-10256675	768
9	13	6	4	0	475475	256
9	13	8	0	0	2252965	124416
9	13	8	1	0	20544095	41472
9	13	8	2	0	6015295	13824
9	13	8	3	0	-235235	512
9	13	9	0	0	-8296145	373248
9	13	9	0	1	8296145	186624
9	13	9	1	0	28879565	124416
9	13	9	1	1	-28879565	62208
9	13	9	2	0	-24087635	41472
9	13	9	2	1	24087635	20736
9	13	9	3	0	125125	4608
9	13	9	3	1	-125125	2304
9	13	10	0	0	1869725	373248
9	13	10	1	0	-256685	3456
9	13	10	2	0	-185185	4608
9	13	11	0	0	-16445	41472
9	13	11	0	1	16445	20736
9	13	11	1	0	-153725	20736
9	13	11	1	1	153725	10368
9	13	11	2	0	-25025	4608
9	13	11	2	1	25025	2304
9	13	12	0	0	119405	62208
9	13	12	0	1	-119405	15552
9	13	12	0	2	119405	15552
9	13	12	1	0	-5005	768
9	13	12	1	1	5005	192
9	13	12	1	2	-5005	192
9	14	6	0	0	-2407405	746496
9	14	6	1	0	3758755	15552
9	14	6	2	0	-21766745	41472
9	14	6	3	0	345345	128
9	14	6	4	0	-425425	1024
9	14	8	0	0	-2877875	373248
9	14	8	1	0	-22006985	124416
9	14	8	2	0	-3838835	13824
9	14	8	3	0	205205	1536
9	14	9	0	0	935935	186624
9	14	9	0	1	-935935	93312
9	14	9	1	0	-3008005	62208
9	14	9	1	1	3008005	31104
9	14	9	2	0	3668665	20736
9	14	9	2	1	-3668665	10368
9	14	9	3	0	-25025	2304
9	14	9	3	1	25025	1152
9	14	10	0	0	3538535	746496
9	14	10	1	0	2197195	41472
9	14	10	2	0	155155	9216
9	14	11	0	0	-275275	186624
9	14	11	0	1	275275	93312
9	14	11	1	0	5005	7776
9	14	11	1	1	-5005	3888
9	14	11	2	0	25025	6912
9	14	11	2	1	-25025	3456
9	14	12	0	0	-55055	62208
9	14	12	0	1	55055	15552
9	14	12	0	2	-55055	15552
9	14	12	1	0	35035	6912
9	14	12	1	1	-35035	1728
9	14	12	1	2	35035	1728
9	15	6	0	0	25025	248832
9	15	6	1	0	-175175	10368
9	15	6	2	0	25025	1536
9	15	6	3	0	-425425	1728
9	15	6	4	0	125125	3072
9	15	8	0	0	125125	124416
9	15	8	1	0	325325	13824
9	15	8	2	0	775775	13824
9	15	8	3	0	-25025	1536
9	15	9	0	0	-175175	373248
9	15	9	0	1	175175	186624
9	15	9	1	0	475475	124416
9	15	9	1	1	-475475	62208
9	15	9	2	0	-925925	41472
9	15	9	2	1	925925	20736
9	15	9	3	0	25025	13824
9	15	9	3	1	-25025	6912
9	15	10	0	0	-125125	82944
9	15	10	1	0	-625625	41472
9	15	10	2	0	-25025	9216
9	15	11	0	0	325325	746496
9	15	11	0	1	-325325	373248
9	15	11	1	0	125125	124416
9	15	11	1	1	-125125	62208
9	15	11	2	0	-25025	27648
9	15	11	2	1	25025	13824
9	15	12	0	0	175175	186624
9	15	12	0	1	-25025	46656
9	15	12	0	2	25025	46656
9	15	12	1	0	-25025	20736
9	15	12	1	1	25025	5184
9	15	12	1	2	-25025	5184
9	15	13	0	0	-25025	93312
9	15	13	0	1	25025	46656
9	15	15	0	0	-5005	248832
9	15	15	0	1	55055	373248
9	15	15	0	2	-5005	15552
9	15	15	0	3	5005	23328
10	6	6	0	0	330595	3072
10	6	6	1	0	-34885	27
10	6	6	2	0	108966965	41472
10	6	6	3	0	-1374835	1152
10	6	6	4	0	175175	3072
10	7	6	0	0	-4479685	9216
10	7	6	1	0	4361255	648
10	7	6	2	0	-227859155	13824
10	7	6	3	0	10058675	1152
10	7	6	4	0	-1476475	3072
10	8	6	0	0	7111045	6912
10	8	6	1	0	-478345565	31104
10	8	6	2	0	231759875	5184
10	8	6	3	0	-32371405	1152
10	8	6	4	0	1376375	768
10	8	8	0	0	603775	13824
10	8	8	1	0	-4797385	124416
10	8	8	2	0	-1060235	13824
10	8	8	3	0	-35035	1536
10	9	6	0	0	-79441205	62208
10	9	6	1	0	634050305	31104
10	9	6	2	0	-354905885	5184
10	9	6	3	0	20052395	384
10	9	6	4	0	-2977975	768
10	9	8	0	0	-14138365	124416
10	9	8	1	0	16294595	124416
10	9	8	2	0	5321305	13824
10	9	8	3	0	75075	512
10	9	9	0	0	2289875	124416
10	9	9	0	1	-2289875	62208
10	9	9	1	0	-10864645	124416
10	9	9	1	1	10864645	62208
10	9	9	2	0	2689115	41472
10	9	9	2	1	-2689115	20736
10	9	9	3	0	-5005	4608
10	9	9	3	1	5005	2304
10	10	6	0	0	367643675	373248
10	10	6	1	0	-542228185	31104
10	10	6	2	0	447693515	6912
10	10	6	3	0	-71200195	1152
10	10	6	4	0	8233225	1536
10	10	8	0	0	10498015	124416
10	10	8	1	0	-11849485	124416
10	10	8	2	0	-10247435	13824
10	10	8	3	0	-205205	512
10	10	9	0	0	-8957275	186624
10	10	9	0	1	8957275	93312
10	10	9	1	0	20683135	62208
10	10	9	1	1	-20683135	31104
10	10	9	2	0	-6534385	20736
10	10	9	2	1	6534385	10368
10	10	9	3	0	5005	768
10	10	9	3	1	-5005	384
10	10	10	0	0	3141985	746496
10	10	10	1	0	-73865	13824
10	10	10	2	0	-35035	9216
10	11	6	0	0	-59348245	124416
10	11	6	1	0	312964465	31104
10	11	6	2	0	-805548865	20736
10	11	6	3	0	55764335	1152
10	11	6	4	0	-7532525	1536
10	11	8	0	0	-6600715	373248
10	11	8	1	0	-23276825	124416
10	11	8	2	0	8515925	13824
10	11	8	3	0	925925	1536
10	11	9	0	0	21124015	373248
10	11	9	0	1	-21124015	186624
10	11	9	1	0	-62535275	124416
10	11	9	1	1	62535275	62208
10	11	9	2	0	2882165	4608
10	11	9	2	1	-2882165	2304
10	11	9	3	0	-25025	1536
10	11	9	3	1	25025	768
10	11	10	0	0	-8033465	746496
10	11	10	1	0	791395	41472
10	11	10	2	0	155155	9216
10	11	11	0	0	1385725	746496
10	11	11	0	1	-1385725	373248
10	11	11	1	0	253825	124416
10	11	11	1	1	-253825	62208
10	11	11	2	0	5005	9216
10	11	11	2	1	-5005	4608
10	12	6	0	0	8847245	62208
10	12	6	1	0	-122535655	31104
10	12	6	2	0	18814675	1296
10	12	6	3	0	-3222175	128
10	12	6	4	0	2277275	768
10	12	8	0	0	961565	124416
10	12	8	1	0	51035765	124416
10	12	8	2	0	-907225	13824
10	12	8	3	0	-275275	512
10	12	9	0	0	-131615	3456
10	12	9	0	1	131615	1728
10	12	9	1	0	11913385	31104
10	12	9	1	1	-11913385	15552
10	12	9	2	0	-6713135	10368
10	12	9	2	1	6713135	5184
10	12	9	3	0	25025	1152
10	12	9	3	1	-25025	576
10	12	10	0	0	1838375	124416
10	12	10	1	0	-751795	20736
10	12	10	2	0	-15015	512
10	12	11	0	0	-193655	62208
10	12	11	0	1	193655	31104
10	12	11	1	0	-179465	31104
10	12	11	1	1	179465	15552
10	12	11	2	0	-5005	2304
10	12	11	2	1	5005	1152
10	12	12	0	0	61325	62208
10	12	12	0	1	-61325	15552
10	12	12	0	2	61325	15552
10	12	12	1	0	-35035	20736
10	12	12	1	1	35035	5184
10	12	12	1	2	-35035	5184
10	13	6	0	0	-4585295	186624
10	13	6	1	0	31346315	31104
10	13	6	2	0	-681395	216
10	13	6	3	0	9707555	1152
10	13	6	4	0	-875875	768
10	13	8	0	0	-1410695	124416
10	13	8	1	0	-39288535	124416
10	13	8	2	0	-3454165	13824
10	13	8	3	0	145145	512
10	13	9	0	0	5597735	373248
10	13	9	0	1	-5597735	186624
10	13	9	1	0	-19128395	124416
10	13	9	1	1	19128395	62208
10	13	9	2	0	15271685	41472
10	13	9	2	1	-15271685	20736
10	13	9	3	0	-25025	1536
10	13	9	3	1	25025	768
10	13	10	0	0	-1243385	373248
10	13	10	1	0	947375	20736
10	13	10	2	0	115115	4608
10	13	11	0	0	30745	124416
10	13	11	0	1	-30745	62208
10	13	11	1	0	299585	62208
10	13	11	1	1	-299585	31104
10	13	11	2	0	5005	1536
10	13	11	2	1	-5005	768
10	13	12	0	0	-80795	62208
10	13	12	0	1	80795	15552
10	13	12	0	2	-80795	15552
10	13	12	1	0	85085	20736
10	13	12	1	1	-85085	5184
10	13	12	1	2	85085	5184
10	14	6	0	0	1586585	746496
10	14	6	1	0	-4719715	31104
10	14	6	2	0	13878865	41472
10	14	6	3	0	-955955	576
10	14	6	4	0	775775	3072
10	14	8	0	0	1776775	373248
10	14	8	1	0	13638625	124416
10	14	8	2	0	85085	512
10	14	8	3	0	-125125	1536
10	14	9	0	0	-595595	186624
10	14	9	0	1	595595	93312
10	14	9	1	0	1896895	62208
10	14	9	1	1	-1896895	31104
10	14	9	2	0	-755755	6912
10	14	9	2	1	755755	3456
10	14	9	3	0	5005	768
10	14	9	3	1	-5005	384
10	14	10	0	0	-2197195	746496
10	14	10	1	0	-445445	13824
10	14	10	2	0	-95095	9216
10	14	11	0	0	175175	186624
10	14	11	0	1	-175175	93312
10	14	11	1	0	-5005	10368
10	14	11	1	1	5005	5184
10	14	11	2	0	-5005	2304
10	14	11	2	1	5005	1152
10	14	12	0	0	35035	62208
10	14	12	0	1	-35035	15552
10	14	12	0	2	35035	15552
10	14	12	1	0	-65065	20736
10	14	12	1	1	65065	5184
10	14	12	1	2	-65065	5184
10	15	6	0	0	-5005	82944
10	15	6	1	0	35035	3456
10	15	6	2	0	-5005	512
10	15	6	3	0	85085	576
10	15	6	4	0	-25025	1024
10	15	8	0	0	-25025	41472
10	15	8	1	0	-65065	4608
10	15	8	2	0	-155155	4608
10	15	8	3	0	5005	512
10	15	9	0	0	35035	124416
10	15	9	0	1	-35035	62208
10	15	9	1	0	-95095	41472
10	15	9	1	1	95095	20736
10	15	9	2	0	185185	13824
10	15	9	2	1	-185185	6912
10	15	9	3	0	-5005	4608
10	15	9	3	1	5005	2304
10	15	10	0	0	25025	27648
10	15	10	1	0	125125	13824
10	15	10	2	0	5005	3072
10	15	11	0	0	-65065	248832
10	15	11	0	1	65065	124416
10	15	11	1	0	-25025	41472
10	15	11	1	1	25025	20736
10	15	11	2	0	5005	9216
10	15	11	2	1	-5005	4608
10	15	12	0	0	-35035	62208
10	15	12	0	1	5005	15552
10	15	12	0	2	-5005	15552
10	15	12	1	0	5005	6912
10	15	12	1	1	-5005	1728
10	15	12	1	2	5005	1728
10	15	13	0	0	5005	31104
10	15	13	0	1	-5005	15552
10	15	15	0	0	1001	82944
10	15	15	0	1	-11011	124416
10	15	15	0	2	1001	5184
10	15	15	0	3	-1001	7776
11	6	6	0	0	-81385	1024
11	6	6	1	0	257365	288
11	6	6	2	0	-7580525	4608
11	6	6	3	0	737275	1152
11	6	6	4	0	-84175	3072
11	7	6	0	0	1009705	3072
11	7	6	1	0	-3877925	864
11	7	6	2	0	417150695	41472
11	7	6	3	0	-1780115	384
11	7	6	4	0	707525	3072
11	8	6	0	0	-4579495	6912
11	8	6	1	0	50975125	5184
11	8	6	2	0	-275154965	10368
11	8	6	3	0	8492815	576
11	8	6	4	0	-657475	768
11	8	8	0	0	-130945	4608
11	8	8	1	0	771155	41472
11	8	8	2	0	537335	13824
11	8	8	3	0	16835	1536
11	9	6	0	0	203145	256
11	9	6	1	0	-386703725	31104
11	9	6	2	0	2130505	54
11	9	6	3	0	-10377095	384
11	9	6	4	0	1417325	768
11	9	8	0	0	3024845	41472
11	9	8	1	0	-2678755	41472
11	9	8	2	0	-2708795	13824
11	9	8	3	0	-35945	512
11	9	9	0	0	-157825	13824
11	9	9	0	1	157825	6912
11	9	9	1	0	6343235	124416
11	9	9	1	1	-6343235	62208
11	9	9	2	0	-454675	13824
11	9	9	2	1	454675	6912
11	9	9	3	0	2275	4608
11	9	9	3	1	-2275	2304
11	10	6	0	0	-73393165	124416
11	10	6	1	0	78569545	7776
11	10	6	2	0	-749902475	20736
11	10	6	3	0	6042025	192
11	10	6	4	0	-3901625	1536
11	10	8	0	0	-6496535	124416
11	10	8	1	0	1985035	41472
11	10	8	2	0	1755545	4608
11	10	8	3	0	97825	512
11	10	9	0	0	590035	20736
11	10	9	0	1	-590035	10368
11	10	9	1	0	-11685605	62208
11	10	9	1	1	11685605	31104
11	10	9	2	0	121615	768
11	10	9	2	1	-121615	384
11	10	9	3	0	-2275	768
11	10	9	3	1	2275	384
11	10	10	0	0	-67715	27648
11	10	10	1	0	4085	1536
11	10	10	2	0	16835	9216
11	11	6	0	0	34106675	124416
11	11	6	1	0	-172128455	31104
11	11	6	2	0	434916575	20736
11	11	6	3	0	-27861025	1152
11	11	6	4	0	3551275	1536
11	11	8	0	0	3819725	373248
11	11	8	1	0	1274935	13824
11	11	8	2	0	-4513715	13824
11	11	8	3	0	-439075	1536
11	11	9	0	0	-11944745	373248
11	11	9	0	1	11944745	186624
11	11	9	1	0	34036565	124416
11	11	9	1	1	-34036565	62208
11	11	9	2	0	-1431235	4608
11	11	9	2	1	1431235	2304
11	11	9	3	0	11375	1536
11	11	9	3	1	-11375	768
11	11	10	0	0	4285135	746496
11	11	10	1	0	-14215	1536
11	11	10	2	0	-74165	9216
11	11	11	0	0	-759755	746496
11	11	11	0	1	759755	373248
11	11	11	1	0	-42185	41472
11	11	11	1	1	42185	20736
11	11	11	2	0	-2275	9216
11	11	11	2	1	2275	4608
11	12	6	0	0	-4860475	62208
11	12	6	1	0	32000575	15552
11	12	6	2	0	-26142235	3456
11	12	6	3	0	2363245	192
11	12	6	4	0	-1066975	768
11	12	8	0	0	-145355	41472
11	12	8	1	0	-25036205	124416
11	12	8	2	0	757685	13824
11	12	8	3	0	129675	512
11	12	9	0	0	636115	31104
11	12	9	0	1	-636115	15552
11	12	9	1	0	-6220315	31104
11	12	9	1	1	6220315	15552
11	12	9	2	0	1094405	3456
11	12	9	2	1	-1094405	1728
11	12	9	3	0	-11375	1152
11	12	9	3	1	11375	576
11	12	10	0	0	-962735	124416
11	12	10	1	0	39505	2304
11	12	10	2	0	21385	1536
11	12	11	0	0	102355	62208
11	12	11	0	1	-102355	31104
11	12	11	1	0	14755	5184
11	12	11	1	1	-14755	2592
11	12	11	2	0	2275	2304
11	12	11	2	1	-2275	1152
11	12	12	0	0	-33185	62208
11	12	12	0	1	33185	15552
11	12	12	0	2	-33185	15552
11	12	12	1	0	16835	20736
11	12	12	1	1	-16835	5184
11	12	12	1	2	16835	5184
11	13	6	0	0	799955	62208
11	13	6	1	0	-15585115	31104
11	13	6	2	0	8205145	5184
11	13	6	3	0	-514995	128
11	13	6	4	0	407225	768
11	13	8	0	0	669565	124416
11	13	8	1	0	18927805	124416
11	13	8	2	0	496925	4608
11	13	8	3	0	-67795	512
11	13	9	0	0	-948415	124416
11	13	9	0	1	948415	62208
11	13	9	1	0	9551165	124416
11	13	9	1	1	-9551165	62208
11	13	9	2	0	-90415	512
11	13	9	2	1	90415	256
11	13	9	3	0	11375	1536
11	13	9	3	1	-11375	768
11	13	10	0	0	208585	124416
11	13	10	1	0	-147095	6912
11	13	10	2	0	-54145	4608
11	13	11	0	0	-14755	124416
11	13	11	0	1	14755	62208
11	13	11	1	0	-49075	20736
11	13	11	1	1	49075	10368
11	13	11	2	0	-2275	1536
11	13	11	2	1	2275	768
11	13	12	0	0	13715	20736
11	13	12	0	1	-13715	5184
11	13	12	0	2	13715	5184
11	13	12	1	0	-40495	20736
11	13	12	1	1	40495	5184
11	13	12	1	2	-40495	5184
11	14	6	0	0	-785785	746496
11	14	6	1	0	560105	7776
11	14	6	2	0	-6680765	41472
11	14	6	3	0	890435	1152
11	14	6	4	0	-357175	3072
11	14	8	0	0	-830375	373248
11	14	8	1	0	-6396845	124416
11	14	8	2	0	-347165	4608
11	14	8	3	0	57785	1536
11	14	9	0	0	286195	186624
11	14	9	0	1	-286195	93312
11	14	9	1	0	-904085	62208
11	14	9	1	1	904085	31104
11	14	9	2	0	117845	2304
11	14	9	2	1	-117845	1152
11	14	9	3	0	-2275	768
11	14	9	3	1	2275	384
11	14	10	0	0	1032395	746496
11	14	10	1	0	205205	13824
11	14	10	2	0	44135	9216
11	14	11	0	0	-84175	186624
11	14	11	0	1	84175	93312
11	14	11	1	0	455	1728
11	14	11	1	1	-455	864
11	14	11	2	0	2275	2304
11	14	11	2	1	-2275	1152
11	14	12	0	0	-16835	62208
11	14	12	0	1	16835	15552
11	14	12	0	2	-16835	15552
11	14	12	1	0	30485	20736
11	14	12	1	1	-30485	5184
11	14	12	1	2	30485	5184
11	15	6	0	0	2275	82944
11	15	6	1	0	-15925	3456
11	15	6	2	0	2275	512
11	15	6	3	0	-38675	576
11	15	6	4	0	11375	1024
11	15	8	0	0	11375	41472
11	15	8	1	0	29575	4608
11	15	8	2	0	70525	4608
11	15	8	3	0	-2275	512
11	15	9	0	0	-15925	124416
11	15	9	0	1	15925	62208
11	15	9	1	0	43225	41472
11	15	9	1	1	-43225	20736
11	15	9	2	0	-84175	13824
11	15	9	2	1	84175	6912
11	15	9	3	0	2275	4608
11	15	9	3	1	-2275	2304
11	15	10	0	0	-11375	27648
11	15	10	1	0	-56875	13824
11	15	10	2	0	-2275	3072
11	15	11	0	0	29575	248832
11	15	11	0	1	-29575	124416
11	15	11	1	0	11375	41472
11	15	11	1	1	-11375	20736
11	15	11	2	0	-2275	9216
11	15	11	2	1	2275	4608
11	15	12	0	0	15925	62208
11	15	12	0	1	-2275	15552
11	15	12	0	2	2275	15552
11	15	12	1	0	-2275	6912
11	15	12	1	1	2275	1728
11	15	12	1	2	-2275	1728
11	15	13	0	0	-2275	31104
11	15	13	0	1	2275	15552
11	15	15	0	0	-455	82944
11	15	15	0	1	5005	124416
11	15	15	0	2	-455	5184
11	15	15	0	3	455	7776
12	6	6	0	0	43045	1024
12	6	6	1	0	-345805	768
12	6	6	2	0	1135345	1536
12	6	6	3	0	-1730225	6912
12	6	6	4	0	29575	3072
12	7	6	0	0	-165005	1024
12	7	6	1	0	1671695	768
12	7	6	2	0	-20365855	4608
12	7	6	3	0	4138205	2304
12	7	6	4	0	-247975	3072
12	8	6	0	0	89555	288
12	8	6	1	0	-31572055	6912
12	8	6	2	0	235929175	20736
12	8	6	3	0	-13016135	2304
12	8	6	4	0	229775	768
12	8	8	0	0	62005	4608
12	8	8	1	0	-96385	13824
12	8	8	2	0	-607745	41472
12	8	8	3	0	-5915	1536
12	9	6	0	0	-1241395	3456
12	9	6	1	0	114223855	20736
12	9	6	2	0	-341417105	20736
12	9	6	3	0	23543605	2304
12	9	6	4	0	-493675	768
12	9	8	0	0	-471785	13824
12	9	8	1	0	1028525	41472
12	9	8	2	0	3067655	41472
12	9	8	3	0	37765	1536
12	9	9	0	0	72035	13824
12	9	9	0	1	-72035	6912
12	9	9	1	0	-890395	41472
12	9	9	1	1	890395	20736
12	9	9	2	0	505115	41472
12	9	9	2	1	-505115	20736
12	9	9	3	0	-2275	13824
12	9	9	3	1	2275	6912
12	10	6	0	0	1183145	4608
12	10	6	1	0	-264882205	62208
12	10	6	2	0	151952875	10368
12	10	6	3	0	-26992825	2304
12	10	6	4	0	1353625	1536
12	10	8	0	0	979685	41472
12	10	8	1	0	-2442005	124416
12	10	8	2	0	-666745	4608
12	10	8	3	0	-34125	512
12	10	9	0	0	-85385	6912
12	10	9	0	1	85385	3456
12	10	9	1	0	4779635	62208
12	10	9	1	1	-4779635	31104
12	10	9	2	0	-1205425	20736
12	10	9	2	1	1205425	10368
12	10	9	3	0	2275	2304
12	10	9	3	1	-2275	1152
12	10	10	0	0	3215	3072
12	10	10	1	0	-13675	13824
12	10	10	2	0	-5915	9216
12	11	6	0	0	-14220695	124416
12	11	6	1	0	137865575	62208
12	11	6	2	0	-42691205	5184
12	11	6	3	0	20369875	2304
12	11	6	4	0	-1226225	1536
12	11	8	0	0	-61525	13824
12	11	8	1	0	-3977485	124416
12	11	8	2	0	5269595	41472
12	11	8	3	0	152425	1536
12	11	9	0	0	1642865	124416
12	11	9	0	1	-1642865	62208
12	11	9	1	0	-4485085	41472
12	11	9	1	1	4485085	20736
12	11	9	2	0	4676425	41472
12	11	9	2	1	-4676425	20736
12	11	9	3	0	-11375	4608
12	11	9	3	1	11375	2304
12	11	10	0	0	-186665	82944
12	11	10	1	0	138145	41472
12	11	10	2	0	8645	3072
12	11	11	0	0	102355	248832
12	11	11	0	1	-102355	124416
12	11	11	1	0	46345	124416
12	11	11	1	1	-46345	62208
12	11	11	2	0	2275	27648
12	11	11	2	1	-2275	13824
12	12	6	0	0	2905025	93312
12	12	6	1	0	-48766565	62208
12	12	6	2	0	59536985	20736
12	12	6	3	0	-3383935	768
12	12	6	4	0	366275	768
12	12	8	0	0	148285	124416
12	12	8	1	0	8941765	124416
12	12	8	2	0	-1153355	41472
12	12	8	3	0	-134225	1536
12	12	9	0	0	-746905	93312
12	12	9	0	1	746905	46656
12	12	9	1	0	2365405	31104
12	12	9	1	1	-2365405	15552
12	12	9	2	0	-391625	3456
12	12	9	2	1	391625	1728
12	12	9	3	0	11375	3456
12	12	9	3	1	-11375	1728
12	12	10	0	0	1107215	373248
12	12	10	1	0	-30925	5184
12	12	10	2	0	-22295	4608
12	12	11	0	0	-118945	186624
12	12	11	0	1	118945	93312
12	12	11	1	0	-32045	31104
12	12	11	1	1	32045	15552
12	12	11	2	0	-2275	6912
12	12	11	2	1	2275	3456
12	12	12	0	0	39155	186624
12	12	12	0	1	-39155	46656
12	12	12	0	2	39155	46656
12	12	12	1	0	-5915	20736
12	12	12	1	1	5915	5184
12	12	12	1	2	-5915	5184
12	13	6	0	0	-57005	11664
12	13	6	1	0	11324495	62208
12	13	6	2	0	-12015575	20736
12	13	6	3	0	3242135	2304
12	13	6	4	0	-138775	768
12	13	8	0	0	-233155	124416
12	13	8	1	0	-2224105	41472
12	13	8	2	0	-467545	13824
12	13	8	3	0	23205	512
12	13	9	0	0	1055015	373248
12	13	9	0	1	-1055015	186624
12	13	9	1	0	-3481855	124416
12	13	9	1	1	3481855	62208
12	13	9	2	0	2571725	41472
12	13	9	2	1	-2571725	20736
12	13	9	3	0	-11375	4608
12	13	9	3	1	11375	2304
12	13	10	0	0	-230555	373248
12	13	10	1	0	75335	10368
12	13	10	2	0	18655	4608
12	13	11	0	0	65	1536
12	13	11	0	1	-65	768
12	13	11	1	0	52975	62208
12	13	11	1	1	-52975	31104
12	13	11	2	0	2275	4608
12	13	11	2	1	-2275	2304
12	13	12	0	0	-15275	62208
12	13	12	0	1	15275	15552
12	13	12	0	2	-15275	15552
12	13	12	1	0	14105	20736
12	13	12	1	1	-14105	5184
12	13	12	1	2	14105	5184
12	14	6	0	0	283465	746496
12	14	6	1	0	-778505	31104
12	14	6	2	0	2350985	41472
12	14	6	3	0	-75985	288
12	14	6	4	0	120575	3072
12	14	8	0	0	284375	373248
12	14	8	1	0	2198105	124416
12	14	8	2	0	346255	13824
12	14	8	3	0	-19565	1536
12	14	9	0	0	-100555	186624
12	14	9	0	1	100555	93312
12	14	9	1	0	35035	6912
12	14	9	1	1	-35035	3456
12	14	9	2	0	-363545	20736
12	14	9	2	1	363545	10368
12	14	9	3	0	2275	2304
12	14	9	3	1	-2275	1152
12	14	10	0	0	-355355	746496
12	14	10	1	0	-207935	41472
12	14	10	2	0	-5005	3072
12	14	11	0	0	29575	186624
12	14	11	0	1	-29575	93312
12	14	11	1	0	-3185	31104
12	14	11	1	1	3185	15552
12	14	11	2	0	-2275	6912
12	14	11	2	1	2275	3456
12	14	12	0	0	5915	62208
12	14	12	0	1	-5915	15552
12	14	12	0	2	5915	15552
12	14	12	1	0	-10465	20736
12	14	12	1	1	10465	5184
12	14	12	1	2	-10465	5184
12	15	6	0	0	-2275	248832
12	15	6	1	0	15925	10368
12	15	6	2	0	-2275	1536
12	15	6	3	0	38675	1728
12	15	6	4	0	-11375	3072
12	15	8	0	0	-11375	124416
12	15	8	1	0	-29575	13824
12	15	8	2	0	-70525	13824
12	15	8	3	0	2275	1536
12	15	9	0	0	15925	373248
12	15	9	0	1	-15925	186624
12	15	9	1	0	-43225	124416
12	15	9	1	1	43225	62208
12	15	9	2	0	84175	41472
12	15	9	2	1	-84175	20736
12	15	9	3	0	-2275	13824
12	15	9	3	1	2275	6912
12	15	10	0	0	11375	82944
12	15	10	1	0	56875	41472
12	15	10	2	0	2275	9216
12	15	11	0	0	-29575	746496
12	15	11	0	1	29575	373248
12	15	11	1	0	-11375	124416
12	15	11	1	1	11375	62208
12	15	11	2	0	2275	27648
12	15	11	2	1	-2275	13824
12	15	12	0	0	-15925	186624
12	15	12	0	1	2275	46656
12	15	12	0	2	-2275	46656
12	15	12	1	0	2275	20736
12	15	12	1	1	-2275	5184
12	15	12	1	2	2275	5184
12	15	13	0	0	2275	93312
12	15	13	0	1	-2275	46656
12	15	15	0	0	455	248832
12	15	15	0	1	-5005	373248
12	15	15	0	2	455	15552
12	15	15	0	3	-455	23328
13	6	6	0	0	-15765	1024
13	6	6	1	0	39755	256
13	6	6	2	0	-346825	1536
13	6	6	3	0	17255	256
13	6	6	4	0	-7175	3072
13	7	6	0	0	56155	1024
13	7	6	1	0	-555035	768
13	7	6	2	0	2033135	1536
13	7	6	3	0	-1104445	2304
13	7	6	4	0	60025	3072
13	8	6	0	0	-12935	128
13	8	6	1	0	1116125	768
13	8	6	2	0	-2559535	768
13	8	6	3	0	3437645	2304
13	8	6	4	0	-55475	768
13	8	8	0	0	-2265	512
13	8	8	1	0	2945	1536
13	8	8	2	0	5935	1536
13	8	8	3	0	1435	1536
13	9	6	0	0	1345	12
13	9	6	1	0	-11564305	6912
13	9	6	2	0	97559545	20736
13	9	6	3	0	-6140945	2304
13	9	6	4	0	118825	768
13	9	8	0	0	50825	4608
13	9	8	1	0	-32015	4608
13	9	8	2	0	-269255	13824
13	9	8	3	0	-3045	512
13	9	9	0	0	-7595	4608
13	9	9	0	1	7595	2304
13	9	9	1	0	85295	13824
13	9	9	1	1	-85295	6912
13	9	9	2	0	-128945	41472
13	9	9	2	1	128945	20736
13	9	9	3	0	175	4608
13	9	9	3	1	-175	2304
13	10	6	0	0	-353725	4608
13	10	6	1	0	25540525	20736
13	10	6	2	0	-3520525	864
13	10	6	3	0	6936875	2304
13	10	6	4	0	-324625	1536
13	10	8	0	0	-101975	13824
13	10	8	1	0	82825	13824
13	10	8	2	0	528275	13824
13	10	8	3	0	8225	512
13	10	9	0	0	25585	6912
13	10	9	0	1	-25585	3456
13	10	9	1	0	-446075	20736
13	10	9	1	1	446075	10368
13	10	9	2	0	305245	20736
13	10	9	2	1	-305245	10368
13	10	9	3	0	-175	768
13	10	9	3	1	175	384
13	10	10	0	0	-8575	27648
13	10	10	1	0	3575	13824
13	10	10	2	0	1435	9216
13	11	6	0	0	150575	4608
13	11	6	1	0	-12654085	20736
13	11	6	2	0	23037175	10368
13	11	6	3	0	-5143795	2304
13	11	6	4	0	292775	1536
13	11	8	0	0	56345	41472
13	11	8	1	0	912635	124416
13	11	8	2	0	-157525	4608
13	11	8	3	0	-36575	1536
13	11	9	0	0	-17285	4608
13	11	9	0	1	17285	2304
13	11	9	1	0	3651145	124416
13	11	9	1	1	-3651145	62208
13	11	9	2	0	-43405	1536
13	11	9	2	1	43405	768
13	11	9	3	0	875	1536
13	11	9	3	1	-875	768
13	11	10	0	0	16925	27648
13	11	10	1	0	-34795	41472
13	11	10	2	0	-6265	9216
13	11	11	0	0	-9575	82944
13	11	11	0	1	9575	41472
13	11	11	1	0	-11755	124416
13	11	11	1	1	11755	62208
13	11	11	2	0	-175	9216
13	11	11	2	1	175	4608
13	12	6	0	0	-132265	15552
13	12	6	1	0	12797735	62208
13	12	6	2	0	-15552235	20736
13	12	6	3	0	2511895	2304
13	12	6	4	0	-86975	768
13	12	8	0	0	-35825	124416
13	12	8	1	0	-2196245	124416
13	12	8	2	0	123125	13824
13	12	8	3	0	10675	512
13	12	9	0	0	67055	31104
13	12	9	0	1	-67055	15552
13	12	9	1	0	-618895	31104
13	12	9	1	1	618895	15552
13	12	9	2	0	290435	10368
13	12	9	2	1	-290435	5184
13	12	9	3	0	-875	1152
13	12	9	3	1	875	576
13	12	10	0	0	-32575	41472
13	12	10	1	0	14945	10368
13	12	10	2	0	595	512
13	12	11	0	0	10615	62208
13	12	11	0	1	-10615	31104
13	12	11	1	0	4015	15552
13	12	11	1	1	-4015	7776
13	12	11	2	0	175	2304
13	12	11	2	1	-175	1152
13	12	12	0	0	-1175	20736
13	12	12	0	1	1175	5184
13	12	12	0	2	-1175	5184
13	12	12	1	0	1435	20736
13	12	12	1	1	-1435	5184
13	12	12	1	2	1435	5184
13	13	6	0	0	118975	93312
13	13	6	1	0	-2838955	62208
13	13	6	2	0	112285	768
13	13	6	3	0	-784195	2304
13	13	6	4	0	32725	768
13	13	8	0	0	56225	124416
13	13	8	1	0	1625065	124416
13	13	8	2	0	100435	13824
13	13	8	3	0	-5495	512
13	13	9	0	0	-269525	373248
13	13	9	0	1	269525	186624
13	13	9	1	0	875225	124416
13	13	9	1	1	-875225	62208
13	13	9	2	0	-624335	41472
13	13	9	2	1	624335	20736
13	13	9	3	0	875	1536
13	13	9	3	1	-875	768
13	13	10	0	0	58685	373248
13	13	10	1	0	-2225	1296
13	13	10	2	0	-4445	4608
13	13	11	0	0	-1315	124416
13	13	11	0	1	1315	62208
13	13	11	1	0	-13175	62208
13	13	11	1	1	13175	31104
13	13	11	2	0	-175	1536
13	13	11	2	1	175	768
13	13	12	0	0	3905	62208
13	13	12	0	1	-3905	15552
13	13	12	0	2	3905	15552
13	13	12	1	0	-3395	20736
13	13	12	1	1	3395	5184
13	13	12	1	2	-3395	5184
13	14	6	0	0	-70385	746496
13	14	6	1	0	93485	15552
13	14	6	2	0	-571165	41472
13	14	6	3	0	71785	1152
13	14	6	4	0	-28175	3072
13	14	8	0	0	-67375	373248
13	14	8	1	0	-522445	124416
13	14	8	2	0	-8855	1536
13	14	8	3	0	4585	1536
13	14	9	0	0	24395	186624
13	14	9	0	1	-24395	93312
13	14	9	1	0	-75985	62208
13	14	9	1	1	75985	31104
13	14	9	2	0	28735	6912
13	14	9	2	1	-28735	3456
13	14	9	3	0	-175	768
13	14	9	3	1	175	384
13	14	10	0	0	84595	746496
13	14	10	1	0	16205	13824
13	14	10	2	0	3535	9216
13	14	11	0	0	-7175	186624
13	14	11	0	1	7175	93312
13	14	11	1	0	35	1296
13	14	11	1	1	-35	648
13	14	11	2	0	175	2304
13	14	11	2	1	-175	1152
13	14	12	0	0	-1435	62208
13	14	12	0	1	1435	15552
13	14	12	0	2	-1435	15552
13	14	12	1	0	2485	20736
13	14	12	1	1	-2485	5184
13	14	12	1	2	2485	5184
13	15	6	0	0	175	82944
13	15	6	1	0	-1225	3456
13	15	6	2	0	175	512
13	15	6	3	0	-2975	576
13	15	6	4	0	875	1024
13	15	8	0	0	875	41472
13	15	8	1	0	2275	4608
13	15	8	2	0	5425	4608
13	15	8	3	0	-175	512
13	15	9	0	0	-1225	124416
13	15	9	0	1	1225	62208
13	15	9	1	0	3325	41472
13	15	9	1	1	-3325	20736
13	15	9	2	0	-6475	13824
13	15	9	2	1	6475	6912
13	15	9	3	0	175	4608
13	15	9	3	1	-175	2304
13	15	10	0	0	-875	27648
13	15	10	1	0	-4375	13824
13	15	10	2	0	-175	3072
13	15	11	0	0	2275	248832
13	15	11	0	1	-2275	124416
13	15	11	1	0	875	41472
13	15	11	1	1	-875	20736
13	15	11	2	0	-175	9216
13	15	11	2	1	175	4608
13	15	12	0	0	1225	62208
13	15	12	0	1	-175	15552
13	15	12	0	2	175	15552
13	15	12	1	0	-175	6912
13	15	12	1	1	175	1728
13	15	12	1	2	-175	1728
13	15	13	0	0	-175	31104
13	15	13	0	1	175	15552
13	15	15	0	0	-35	82944
13	15	15	0	1	385	124416
13	15	15	0	2	-35	5184
13	15	15	0	3	35	7776
14	6	6	0	0	3645	1024
14	6	6	1	0	-4185	128
14	6	6	2	0	21525	512
14	6	6	3	0	-715	64
14	6	6	4	0	1075	3072
14	7	6	0	0	-11985	1024
14	7	6	1	0	18775	128
14	7	6	2	0	-371875	1536
14	7	6	3	0	7565	96
14	7	6	4	0	-8975	3072
14	8	6	0	0	5225	256
14	8	6	1	0	-13585	48
14	8	6	2	0	229385	384
14	8	6	3	0	-34975	144
14	8	6	4	0	8275	768
14	8	8	0	0	465	512
14	8	8	1	0	-175	512
14	8	8	2	0	-325	512
14	8	8	3	0	-215	1536
14	9	6	0	0	-5525	256
14	9	6	1	0	179405	576
14	9	6	2	0	-316475	384
14	9	6	3	0	246995	576
14	9	6	4	0	-17675	768
14	9	8	0	0	-3385	1536
14	9	8	1	0	5765	4608
14	9	8	2	0	14695	4608
14	9	8	3	0	455	512
14	9	9	0	0	165	512
14	9	9	0	1	-165	256
14	9	9	1	0	-555	512
14	9	9	1	1	555	256
14	9	9	2	0	2255	4608
14	9	9	2	1	-2255	2304
14	9	9	3	0	-25	4608
14	9	9	3	1	25	2304
14	10	6	0	0	21665	1536
14	10	6	1	0	-377965	1728
14	10	6	2	0	14424055	20736
14	10	6	3	0	-22925	48
14	10	6	4	0	48125	1536
14	10	8	0	0	6545	4608
14	10	8	1	0	-5395	4608
14	10	8	2	0	-3205	512
14	10	8	3	0	-1225	512
14	10	9	0	0	-175	256
14	10	9	0	1	175	128
14	10	9	1	0	945	256
14	10	9	1	1	-945	128
14	10	9	2	0	-15895	6912
14	10	9	2	1	15895	3456
14	10	9	3	0	25	768
14	10	9	3	1	-25	384
14	10	10	0	0	175	3072
14	10	10	1	0	-65	1536
14	10	10	2	0	-215	9216
14	11	6	0	0	-2935	512
14	11	6	1	0	267865	2592
14	11	6	2	0	-7644295	20736
14	11	6	3	0	200585	576
14	11	6	4	0	-43225	1536
14	11	8	0	0	-3565	13824
14	11	8	1	0	-13645	13824
14	11	8	2	0	26155	4608
14	11	8	3	0	5425	1536
14	11	9	0	0	9065	13824
14	11	9	0	1	-9065	6912
14	11	9	1	0	-202885	41472
14	11	9	1	1	202885	20736
14	11	9	2	0	6715	1536
14	11	9	2	1	-6715	768
14	11	9	3	0	-125	1536
14	11	9	3	1	125	768
14	11	10	0	0	-2855	27648
14	11	10	1	0	1825	13824
14	11	10	2	0	935	9216
14	11	11	0	0	185	9216
14	11	11	0	1	-185	4608
14	11	11	1	0	205	13824
14	11	11	1	1	-205	6912
14	11	11	2	0	25	9216
14	11	11	2	1	-25	4608
14	12	6	0	0	365	256
14	12	6	1	0	-129325	3888
14	12	6	2	0	416905	3456
14	12	6	3	0	-12005	72
14	12	6	4	0	12775	768
14	12	8	0	0	1835	41472
14	12	8	1	0	331865	124416
14	12	8	2	0	-855	512
14	12	8	3	0	-1575	512
14	12	9	0	0	-1235	3456
14	12	9	0	1	1235	1728
14	12	9	1	0	99685	31104
14	12	9	1	1	-99685	15552
14	12	9	2	0	-14785	3456
14	12	9	2	1	14785	1728
14	12	9	3	0	125	1152
14	12	9	3	1	-125	576
14	12	10	0	0	1775	13824
14	12	10	1	0	-1495	6912
14	12	10	2	0	-265	1536
14	12	11	0	0	-65	2304
14	12	11	0	1	65	1152
14	12	11	1	0	-415	10368
14	12	11	1	1	415	5184
14	12	11	2	0	-25	2304
14	12	11	2	1	25	1152
14	12	12	0	0	65	6912
14	12	12	0	1	-65	1728
14	12	12	0	2	65	1728
14	12	12	1	0	-215	20736
14	12	12	1	1	215	5184
14	12	12	1	2	-215	5184
14	13	6	0	0	-12715	62208
14	13	6	1	0	109805	15552
14	13	6	2	0	-235805	10368
14	13	6	3	0	9775	192
14	13	6	4	0	-4775	768
14	13	8	0	0	-8395	124416
14	13	8	1	0	-244555	124416
14	13	8	2	0	-1465	1536
14	13	8	3	0	805	512
14	13	9	0	0	4715	41472
14	13	9	0	1	-4715	20736
14	13	9	1	0	-135695	124416
14	13	9	1	1	135695	62208
14	13	9	2	0	31235	13824
14	13	9	2	1	-31235	6912
14	13	9	3	0	-125	1536
14	13	9	3	1	125	768
14	13	10	0	0	-1025	41472
14	13	10	1	0	1735	6912
14	13	10	2	0	655	4608
14	13	11	0	0	205	124416
14	13	11	0	1	-205	62208
14	13	11	1	0	25	768
14	13	11	1	1	-25	384
14	13	11	2	0	25	1536
14	13	11	2	1	-25	768
14	13	12	0	0	-205	20736
14	13	12	0	1	205	5184
14	13	12	0	2	-205	5184
14	13	12	1	0	505	20736
14	13	12	1	1	-505	5184
14	13	12	1	2	505	5184
14	14	6	0	0	10765	746496
14	14	6	1	0	-27755	31104
14	14	6	2	0	85685	41472
14	14	6	3	0	-5245	576
14	14	6	4	0	4075	3072
14	14	8	0	0	9875	373248
14	14	8	1	0	76805	124416
14	14	8	2	0	3785	4608
14	14	8	3	0	-665	1536
14	14	9	0	0	-3655	186624
14	14	9	0	1	3655	93312
14	14	9	1	0	11315	62208
14	14	9	1	1	-11315	31104
14	14	9	2	0	-1405	2304
14	14	9	2	1	1405	1152
14	14	9	3	0	25	768
14	14	9	3	1	-25	384
14	14	10	0	0	-12455	746496
14	14	10	1	0	-2345	13824
14	14	10	2	0	-515	9216
14	14	11	0	0	1075	186624
14	14	11	0	1	-1075	93312
14	14	11	1	0	-5	1152
14	14	11	1	1	5	576
14	14	11	2	0	-25	2304
14	14	11	2	1	25	1152
14	14	12	0	0	215	62208
14	14	12	0	1	-215	15552
14	14	12	0	2	215	15552
14	14	12	1	0	-365	20736
14	14	12	1	1	365	5184
14	14	12	1	2	-365	5184
14	15	6	0	0	-25	82944
14	15	6	1	0	175	3456
14	15	6	2	0	-25	512
14	15	6	3	0	425	576
14	15	6	4	0	-125	1024
14	15	8	0	0	-125	41472
14	15	8	1	0	-325	4608
14	15	8	2	0	-775	4608
14	15	8	3	0	25	512
14	15	9	0	0	175	124416
14	15	9	0	1	-175	62208
14	15	9	1	0	-475	41472
14	15	9	1	1	475	20736
14	15	9	2	0	925	13824
14	15	9	2	1	-925	6912
14	15	9	3	0	-25	4608
14	15	9	3	1	25	2304
14	15	10	0	0	125	27648
14	15	10	1	0	625	13824
14	15	10	2	0	25	3072
14	15	11	0	0	-325	248832
14	15	11	0	1	325	124416
14	15	11	1	0	-125	41472
14	15	11	1	1	125	20736
14	15	11	2	0	25	9216
14	15	11	2	1	-25	4608
14	15	12	0	0	-175	62208
14	15	12	0	1	25	15552
14	15	12	0	2	-25	15552
14	15	12	1	0	25	6912
14	15	12	1	1	-25	1728
14	15	12	1	2	25	1728
14	15	13	0	0	25	31104
14	15	13	0	1	-25	15552
14	15	15	0	0	5	82944
14	15	15	0	1	-55	124416
14	15	15	0	2	5	5184
14	15	15	0	3	-5	7776
15	6	6	0	0	-405	1024
15	6	6	1	0	405	128
15	6	6	2	0	-1845	512
15	6	6	3	0	55	64
15	6	6	4	0	-25	1024
15	7	6	0	0	1215	1024
15	7	6	1	0	-1755	128
15	7	6	2	0	10455	512
15	7	6	3	0	-385	64
15	7	6	4	0	625	3072
15	8	6	0	0	-495	256
15	8	6	1	0	3255	128
15	8	6	2	0	-3165	64
15	8	6	3	0	7055	384
15	8	6	4	0	-575	768
15	8	8	0	0	-45	512
15	8	8	1	0	15	512
15	8	8	2	0	25	512
15	8	8	3	0	5	512
15	9	6	0	0	495	256
15	9	6	1	0	-1715	64
15	9	6	2	0	25645	384
15	9	6	3	0	-55435	1728
15	9	6	4	0	1225	768
15	9	8	0	0	105	512
15	9	8	1	0	-55	512
15	9	8	2	0	-125	512
15	9	8	3	0	-95	1536
15	9	9	0	0	-15	512
15	9	9	0	1	15	256
15	9	9	1	0	45	512
15	9	9	1	1	-45	256
15	9	9	2	0	-55	1536
15	9	9	2	1	55	768
15	9	9	3	0	5	13824
15	9	9	3	1	-5	6912
15	10	6	0	0	-615	512
15	10	6	1	0	6905	384
15	10	6	2	0	-126745	2304
15	10	6	3	0	40615	1152
15	10	6	4	0	-3325	1536
15	10	8	0	0	-65	512
15	10	8	1	0	55	512
15	10	8	2	0	245	512
15	10	8	3	0	85	512
15	10	9	0	0	15	256
15	10	9	0	1	-15	128
15	10	9	1	0	-75	256
15	10	9	1	1	75	128
15	10	9	2	0	385	2304
15	10	9	2	1	-385	1152
15	10	9	3	0	-5	2304
15	10	9	3	1	5	1152
15	10	10	0	0	-5	1024
15	10	10	1	0	5	1536
15	10	10	2	0	5	3072
15	11	6	0	0	715	1536
15	11	6	1	0	-4675	576
15	11	6	2	0	65365	2304
15	11	6	3	0	-7285	288
15	11	6	4	0	2975	1536
15	11	8	0	0	35	1536
15	11	8	1	0	265	4608
15	11	8	2	0	-6055	13824
15	11	8	3	0	-125	512
15	11	9	0	0	-245	4608
15	11	9	0	1	245	2304
15	11	9	1	0	5225	13824
15	11	9	1	1	-5225	6912
15	11	9	2	0	-13055	41472
15	11	9	2	1	13055	20736
15	11	9	3	0	25	4608
15	11	9	3	1	-25	2304
15	11	10	0	0	25	3072
15	11	10	1	0	-5	512
15	11	10	2	0	-65	9216
15	11	11	0	0	-5	3072
15	11	11	0	1	5	1536
15	11	11	1	0	-5	4608
15	11	11	1	1	5	2304
15	11	11	2	0	-5	27648
15	11	11	2	1	5	13824
15	12	6	0	0	-85	768
15	12	6	1	0	8635	3456
15	12	6	2	0	-865	96
15	12	6	3	0	41065	3456
15	12	6	4	0	-875	768
15	12	8	0	0	-5	1536
15	12	8	1	0	-2585	13824
15	12	8	2	0	1945	13824
15	12	8	3	0	325	1536
15	12	9	0	0	95	3456
15	12	9	0	1	-95	1728
15	12	9	1	0	-2485	10368
15	12	9	1	1	2485	5184
15	12	9	2	0	3155	10368
15	12	9	2	1	-3155	5184
15	12	9	3	0	-25	3456
15	12	9	3	1	25	1728
15	12	10	0	0	-5	512
15	12	10	1	0	35	2304
15	12	10	2	0	55	4608
15	12	11	0	0	5	2304
15	12	11	0	1	-5	1152
15	12	11	1	0	5	1728
15	12	11	1	1	-5	864
15	12	11	2	0	5	6912
15	12	11	2	1	-5	3456
15	12	12	0	0	-5	6912
15	12	12	0	1	5	1728
15	12	12	0	2	-5	1728
15	12	12	1	0	5	6912
15	12	12	1	1	-5	1728
15	12	12	1	2	5	1728
15	13	6	0	0	35	2304
15	13	6	1	0	-2635	5184
15	13	6	2	0	1895	1152
15	13	6	3	0	-2045	576
15	13	6	4	0	325	768
15	13	8	0	0	65	13824
15	13	8	1	0	635	4608
15	13	8	2	0	265	4608
15	13	8	3	0	-55	512
15	13	9	0	0	-115	13824
15	13	9	0	1	115	6912
15	13	9	1	0	9785	124416
15	13	9	1	1	-9785	62208
15	13	9	2	0	-2185	13824
15	13	9	2	1	2185	6912
15	13	9	3	0	25	4608
15	13	9	3	1	-25	2304
15	13	10	0	0	25	13824
15	13	10	1	0	-355	20736
15	13	10	2	0	-5	512
15	13	11	0	0	-5	41472
15	13	11	0	1	5	20736
15	13	11	1	0	-145	62208
15	13	11	1	1	145	31104
15	13	11	2	0	-5	4608
15	13	11	2	1	5	2304
15	13	12	0	0	5	6912
15	13	12	0	1	-5	1728
15	13	12	0	2	5	1728
15	13	12	1	0	-35	20736
15	13	12	1	1	35	5184
15	13	12	1	2	-35	5184
15	14	6	0	0	-85	82944
15	14	6	1	0	5	81
15	14	6	2	0	-665	4608
15	14	6	3	0	715	1152
15	14	6	4	0	-275	3072
15	14	8	0	0	-25	13824
15	14	8	1	0	-65	1536
15	14	8	2	0	-755	13824
15	14	8	3	0	15	512
15	14	9	0	0	85	62208
15	14	9	0	1	-85	31104
15	14	9	1	0	-785	62208
15	14	9	1	1	785	31104
15	14	9	2	0	865	20736
15	14	9	2	1	-865	10368
15	14	9	3	0	-5	2304
15	14	9	3	1	5	1152
15	14	10	0	0	95	82944
15	14	10	1	0	475	41472
15	14	10	2	0	35	9216
15	14	11	0	0	-25	62208
15	14	11	0	1	25	31104
15	14	11	1	0	5	15552
15	14	11	1	1	-5	7776
15	14	11	2	0	5	6912
15	14	11	2	1	-5	3456
15	14	12	0	0	-5	20736
15	14	12	0	1	5	5184
15	14	12	0	2	-5	5184
15	14	12	1	0	25	20736
15	14	12	1	1	-25	5184
15	14	12	1	2	25	5184
15	15	6	0	0	5	248832
15	15	6	1	0	-35	10368
15	15	6	2	0	5	1536
15	15	6	3	0	-85	1728
15	15	6	4	0	25	3072
15	15	8	0	0	25	124416
15	15	8	1	0	65	13824
15	15	8	2	0	155	13824
15	15	8	3	0	-5	1536
15	15	9	0	0	-35	373248
15	15	9	0	1	35	186624
15	15	9	1	0	95	124416
15	15	9	1	1	-95	62208
15	15	9	2	0	-185	41472
15	15	9	2	1	185	20736
15	15	9	3	0	5	13824
15	15	9	3	1	-5	6912
15	15	10	0	0	-25	82944
15	15	10	1	0	-125	41472
15	15	10	2	0	-5	9216
15	15	11	0	0	65	746496
15	15	11	0	1	-65	373248
15	15	11	1	0	25	124416
15	15	11	1	1	-25	62208
15	15	11	2	0	-5	27648
15	15	11	2	1	5	13824
15	15	12	0	0	35	186624
15	15	12	0	1	-5	46656
15	15	12	0	2	5	46656
15	15	12	1	0	-5	20736
15	15	12	1	1	5	5184
15	15	12	1	2	-5	5184
15	15	13	0	0	-5	93312
15	15	13	0	1	5	46656
15	15	15	0	0	-1	248832
15	15	15	0	1	11	373248
15	15	15	0	2	-1	15552
15	15	15	0	3	1	23328
