z0	z1	z2	z3	z4	numerator	denominator
0	0	0	0	15	16333	16384
0	0	0	1	14	-765	16384
0	0	0	2	13	-5355	16384
0	0	0	3	12	140635	16384
0	0	0	4	11	-69615	16384
0	0	0	5	10	-153153	16384
0	0	0	6	9	400105	16384
0	0	0	7	8	-328185	16384
0	0	0	8	7	-328185	16384
0	0	0	9	6	400105	16384
0	0	0	10	5	-153153	16384
0	0	0	11	4	-69615	16384
0	0	0	12	3	140635	16384
0	0	0	13	2	-5355	16384
0	0	0	14	1	-765	16384
0	0	0	15	0	16333	16384
0	0	3	0	12	11495	1152
0	0	3	1	11	-25	96
0	0	3	2	10	-275	192
0	0	3	3	9	15905	288
0	0	3	4	8	-1375	128
0	0	3	5	7	-275	16
0	0	3	6	6	9595	96
0	0	3	7	5	-275	16
0	0	3	8	4	-1375	128
0	0	3	9	3	15905	288
0	0	3	10	2	-275	192
0	0	3	11	1	-25	96
0	0	3	12	0	11495	1152
0	0	4	0	11	137975	6912
0	0	4	1	10	-2915	6912
0	0	4	2	9	-14575	6912
0	0	4	3	8	146705	2304
0	0	4	4	7	8465	1152
0	0	4	5	6	25675	1152
0	0	4	6	5	25675	1152
0	0	4	7	4	8465	1152
0	0	4	8	3	146705	2304
0	0	4	9	2	-14575	6912
0	0	4	10	1	-2915	6912
0	0	4	11	0	137975	6912
0	0	5	0	10	207005	5184
0	0	5	1	9	-1775	2592
0	0	5	2	8	-1775	576
0	0	5	3	7	19825	216
0	0	5	4	6	30775	864
0	0	5	5	5	395	144
0	0	5	6	4	30775	864
0	0	5	7	3	19825	216
0	0	5	8	2	-1775	576
0	0	5	9	1	-1775	2592
0	0	5	10	0	207005	5184
0	0	6	0	9	2484415	31104
0	0	6	1	8	-3905	3456
0	0	6	2	7	-3905	864
0	0	6	3	6	387385	2592
0	0	6	4	5	41785	1728
0	0	6	5	4	41785	1728
0	0	6	6	3	387385	2592
0	0	6	7	2	-3905	864
0	0	6	8	1	-3905	3456
0	0	6	9	0	2484415	31104
0	0	7	0	8	611465	5832
0	0	7	1	7	-895	729
0	0	7	2	6	-6265	1458
0	0	7	3	5	66635	729
0	0	7	4	4	143635	2916
0	0	7	5	3	66635	729
0	0	7	6	2	-6265	1458
0	0	7	7	1	-895	729
0	0	7	8	0	611465	5832
0	0	8	0	7	611495	5832
0	0	8	1	6	-6055	5832
0	0	8	2	5	-6055	1944
0	0	8	3	4	377965	5832
0	0	8	4	3	377965	5832
0	0	8	5	2	-6055	1944
0	0	8	6	1	-6055	5832
0	0	8	7	0	611495	5832
0	0	9	0	6	232955	2916
0	0	9	1	5	-325	486
0	0	9	2	4	-1625	972
0	0	9	3	3	42115	729
0	0	9	4	2	-1625	972
0	0	9	5	1	-325	486
0	0	9	6	0	232955	2916
0	0	10	0	5	29120	729
0	0	10	1	4	-200	729
0	0	10	2	3	-400	729
0	0	10	3	2	-400	729
0	0	10	4	1	-200	729
0	0	10	5	0	29120	729
0	0	11	0	4	14560	729
0	0	11	1	3	-80	729
0	0	11	2	2	-40	243
0	0	11	3	1	-80	729
0	0	11	4	0	14560	729
0	0	12	0	3	7280	729
0	0	12	1	2	-10	243
0	0	12	2	1	-10	243
0	0	12	3	0	7280	729
0	0	15	0	0	728	729
0	1	2	0	12	-25	384
0	1	2	1	11	-25	32
0	1	2	2	10	685	64
0	1	2	3	9	-1375	96
0	1	2	4	8	995	128
0	1	2	5	7	295	16
0	1	2	6	6	-1925	32
0	1	2	7	5	295	16
0	1	2	8	4	995	128
0	1	2	9	3	-1375	96
0	1	2	10	2	685	64
0	1	2	11	1	-25	32
0	1	2	12	0	-25	384
0	1	3	0	11	-265	1728
0	1	3	1	10	-2915	1728
0	1	3	2	9	71825	1728
0	1	3	3	8	2705	576
0	1	3	4	7	-11695	288
0	1	3	5	6	19915	288
0	1	3	6	5	19915	288
0	1	3	7	4	-11695	288
0	1	3	8	3	2705	576
0	1	3	9	2	71825	1728
0	1	3	10	1	-2915	1728
0	1	3	11	0	-265	1728
0	1	4	0	10	-1775	5184
0	1	4	1	9	-8875	2592
0	1	4	2	8	48725	576
0	1	4	3	7	1925	216
0	1	4	4	6	-1645	864
0	1	4	5	5	19255	144
0	1	4	6	4	-1645	864
0	1	4	7	3	1925	216
0	1	4	8	2	48725	576
0	1	4	9	1	-8875	2592
0	1	4	10	0	-1775	5184
0	1	5	0	9	-3905	5184
0	1	5	1	8	-3905	576
0	1	5	2	7	23455	144
0	1	5	3	6	15865	432
0	1	5	4	5	21625	288
0	1	5	5	4	21625	288
0	1	5	6	3	15865	432
0	1	5	7	2	23455	144
0	1	5	8	1	-3905	576
0	1	5	9	0	-3905	5184
0	1	6	0	8	-6265	5832
0	1	6	1	7	-6265	729
0	1	6	2	6	320645	1458
0	1	6	3	5	80075	729
0	1	6	4	4	-15155	2916
0	1	6	5	3	80075	729
0	1	6	6	2	320645	1458
0	1	6	7	1	-6265	729
0	1	6	8	0	-6265	5832
0	1	7	0	7	-865	729
0	1	7	1	6	-6055	729
0	1	7	2	5	40115	243
0	1	7	3	4	42625	729
0	1	7	4	3	42625	729
0	1	7	5	2	40115	243
0	1	7	6	1	-6055	729
0	1	7	7	0	-865	729
0	1	8	0	6	-325	324
0	1	8	1	5	-325	54
0	1	8	2	4	9175	108
0	1	8	3	3	3235	81
0	1	8	4	2	9175	108
0	1	8	5	1	-325	54
0	1	8	6	0	-325	324
0	1	9	0	5	-400	729
0	1	9	1	4	-2000	729
0	1	9	2	3	32450	729
0	1	9	3	2	32450	729
0	1	9	4	1	-2000	729
0	1	9	5	0	-400	729
0	1	10	0	4	-220	729
0	1	10	1	3	-880	729
0	1	10	2	2	3205	243
0	1	10	3	1	-880	729
0	1	10	4	0	-220	729
0	1	11	0	3	-40	243
0	1	11	1	2	-40	81
0	1	11	2	1	-40	81
0	1	11	3	0	-40	243
0	1	14	0	0	-5	243
0	2	1	0	12	-25	384
0	2	1	1	11	-25	32
0	2	1	2	10	685	64
0	2	1	3	9	-1375	96
0	2	1	4	8	995	128
0	2	1	5	7	295	16
0	2	1	6	6	-1925	32
0	2	1	7	5	295	16
0	2	1	8	4	995	128
0	2	1	9	3	-1375	96
0	2	1	10	2	685	64
0	2	1	11	1	-25	32
0	2	1	12	0	-25	384
0	2	2	0	11	-265	1152
0	2	2	1	10	14365	1152
0	2	2	2	9	-14575	1152
0	2	2	3	8	4625	384
0	2	2	4	7	15185	192
0	2	2	5	6	-12725	192
0	2	2	6	5	-12725	192
0	2	2	7	4	15185	192
0	2	2	8	3	4625	384
0	2	2	9	2	-14575	1152
0	2	2	10	1	14365	1152
0	2	2	11	0	-265	1152
0	2	3	0	10	-1775	2592
0	2	3	1	9	55925	1296
0	2	3	2	8	-1675	288
0	2	3	3	7	4085	108
0	2	3	4	6	41555	432
0	2	3	5	5	-4505	72
0	2	3	6	4	41555	432
0	2	3	7	3	4085	108
0	2	3	8	2	-1675	288
0	2	3	9	1	55925	1296
0	2	3	10	0	-1775	2592
0	2	4	0	9	-19525	10368
0	2	4	1	8	95675	1152
0	2	4	2	7	22235	288
0	2	4	3	6	-54595	864
0	2	4	4	5	131165	576
0	2	4	5	4	131165	576
0	2	4	6	3	-54595	864
0	2	4	7	2	22235	288
0	2	4	8	1	95675	1152
0	2	4	9	0	-19525	10368
0	2	5	0	8	-6265	1944
0	2	5	1	7	39905	243
0	2	5	2	6	12035	486
0	2	5	3	5	4745	243
0	2	5	4	4	378505	972
0	2	5	5	3	4745	243
0	2	5	6	2	12035	486
0	2	5	7	1	39905	243
0	2	5	8	0	-6265	1944
0	2	6	0	7	-6055	1458
0	2	6	1	6	322115	1458
0	2	6	2	5	13505	486
0	2	6	3	4	181735	1458
0	2	6	4	3	181735	1458
0	2	6	5	2	13505	486
0	2	6	6	1	322115	1458
0	2	6	7	0	-6055	1458
0	2	7	0	6	-325	81
0	2	7	1	5	4480	27
0	2	7	2	4	2290	27
0	2	7	3	3	-830	81
0	2	7	4	2	2290	27
0	2	7	5	1	4480	27
0	2	7	6	0	-325	81
0	2	8	0	5	-200	81
0	2	8	1	4	7100	81
0	2	8	2	3	25	81
0	2	8	3	2	25	81
0	2	8	4	1	7100	81
0	2	8	5	0	-200	81
0	2	9	0	4	-1100	729
0	2	9	1	3	32050	729
0	2	9	2	2	-2200	243
0	2	9	3	1	32050	729
0	2	9	4	0	-1100	729
0	2	10	0	3	-220	243
0	2	10	1	2	995	81
0	2	10	2	1	995	81
0	2	10	3	0	-220	243
0	2	13	0	0	-35	243
0	3	0	0	12	11495	1152
0	3	0	1	11	-25	96
0	3	0	2	10	-275	192
0	3	0	3	9	15905	288
0	3	0	4	8	-1375	128
0	3	0	5	7	-275	16
0	3	0	6	6	9595	96
0	3	0	7	5	-275	16
0	3	0	8	4	-1375	128
0	3	0	9	3	15905	288
0	3	0	10	2	-275	192
0	3	0	11	1	-25	96
0	3	0	12	0	11495	1152
0	3	1	0	11	-265	1728
0	3	1	1	10	-2915	1728
0	3	1	2	9	71825	1728
0	3	1	3	8	2705	576
0	3	1	4	7	-11695	288
0	3	1	5	6	19915	288
0	3	1	6	5	19915	288
0	3	1	7	4	-11695	288
0	3	1	8	3	2705	576
0	3	1	9	2	71825	1728
0	3	1	10	1	-2915	1728
0	3	1	11	0	-265	1728
0	3	2	0	10	-1775	2592
0	3	2	1	9	55925	1296
0	3	2	2	8	-1675	288
0	3	2	3	7	4085	108
0	3	2	4	6	41555	432
0	3	2	5	5	-4505	72
0	3	2	6	4	41555	432
0	3	2	7	3	4085	108
0	3	2	8	2	-1675	288
0	3	2	9	1	55925	1296
0	3	2	10	0	-1775	2592
0	3	3	0	9	447035	7776
0	3	3	1	8	32315	864
0	3	3	2	7	-4405	216
0	3	3	3	6	265085	648
0	3	3	4	5	-58915	432
0	3	3	5	4	-58915	432
0	3	3	6	3	265085	648
0	3	3	7	2	-4405	216
0	3	3	8	1	32315	864
0	3	3	9	0	447035	7776
0	3	4	0	8	376915	5832
0	3	4	1	7	41575	729
0	3	4	2	6	174385	1458
0	3	4	3	5	196255	729
0	3	4	4	4	-134095	2916
0	3	4	5	3	196255	729
0	3	4	6	2	174385	1458
0	3	4	7	1	41575	729
0	3	4	8	0	376915	5832
0	3	5	0	7	66845	729
0	3	5	1	6	81545	729
0	3	5	2	5	6215	243
0	3	5	3	4	203605	729
0	3	5	4	3	203605	729
0	3	5	5	2	6215	243
0	3	5	6	1	81545	729
0	3	5	7	0	66845	729
0	3	6	0	6	36605	243
0	3	6	1	5	3550	81
0	3	6	2	4	-3680	81
0	3	6	3	3	105160	243
0	3	6	4	2	-3680	81
0	3	6	5	1	3550	81
0	3	6	6	0	36605	243
0	3	7	0	5	22700	243
0	3	7	1	4	4150	243
0	3	7	2	3	13160	243
0	3	7	3	2	13160	243
0	3	7	4	1	4150	243
0	3	7	5	0	22700	243
0	3	8	0	4	15910	243
0	3	8	1	3	2890	243
0	3	8	2	2	1850	81
0	3	8	3	1	2890	243
0	3	8	4	0	15910	243
0	3	9	0	3	41540	729
0	3	9	1	2	-2200	243
0	3	9	2	1	-2200	243
0	3	9	3	0	41540	729
0	3	12	0	0	6835	729
0	4	0	0	11	137975	6912
0	4	0	1	10	-2915	6912
0	4	0	2	9	-14575	6912
0	4	0	3	8	146705	2304
0	4	0	4	7	8465	1152
0	4	0	5	6	25675	1152
0	4	0	6	5	25675	1152
0	4	0	7	4	8465	1152
0	4	0	8	3	146705	2304
0	4	0	9	2	-14575	6912
0	4	0	10	1	-2915	6912
0	4	0	11	0	137975	6912
0	4	1	0	10	-1775	5184
0	4	1	1	9	-8875	2592
0	4	1	2	8	48725	576
0	4	1	3	7	1925	216
0	4	1	4	6	-1645	864
0	4	1	5	5	19255	144
0	4	1	6	4	-1645	864
0	4	1	7	3	1925	216
0	4	1	8	2	48725	576
0	4	1	9	1	-8875	2592
0	4	1	10	0	-1775	5184
0	4	2	0	9	-19525	10368
0	4	2	1	8	95675	1152
0	4	2	2	7	22235	288
0	4	2	3	6	-54595	864
0	4	2	4	5	131165	576
0	4	2	5	4	131165	576
0	4	2	6	3	-54595	864
0	4	2	7	2	22235	288
0	4	2	8	1	95675	1152
0	4	2	9	0	-19525	10368
0	4	3	0	8	376915	5832
0	4	3	1	7	41575	729
0	4	3	2	6	174385	1458
0	4	3	3	5	196255	729
0	4	3	4	4	-134095	2916
0	4	3	5	3	196255	729
0	4	3	6	2	174385	1458
0	4	3	7	1	41575	729
0	4	3	8	0	376915	5832
0	4	4	0	7	144685	2916
0	4	4	1	6	-7805	2916
0	4	4	2	5	385855	972
0	4	4	3	4	-97345	2916
0	4	4	4	3	-97345	2916
0	4	4	5	2	385855	972
0	4	4	6	1	-7805	2916
0	4	4	7	0	144685	2916
0	4	5	0	6	4205	162
0	4	5	1	5	2315	27
0	4	5	2	4	13735	54
0	4	5	3	3	-8170	81
0	4	5	4	2	13735	54
0	4	5	5	1	2315	27
0	4	5	6	0	4205	162
0	4	6	0	5	9350	243
0	4	6	1	4	3010	243
0	4	6	2	3	30320	243
0	4	6	3	2	30320	243
0	4	6	4	1	3010	243
0	4	6	5	0	9350	243
0	4	7	0	4	2660	243
0	4	7	1	3	-6370	243
0	4	7	2	2	8155	81
0	4	7	3	1	-6370	243
0	4	7	4	0	2660	243
0	4	8	0	3	-550	81
0	4	8	1	2	530	27
0	4	8	2	1	530	27
0	4	8	3	0	-550	81
0	4	11	0	0	-455	243
0	5	0	0	10	207005	5184
0	5	0	1	9	-1775	2592
0	5	0	2	8	-1775	576
0	5	0	3	7	19825	216
0	5	0	4	6	30775	864
0	5	0	5	5	395	144
0	5	0	6	4	30775	864
0	5	0	7	3	19825	216
0	5	0	8	2	-1775	576
0	5	0	9	1	-1775	2592
0	5	0	10	0	207005	5184
0	5	1	0	9	-3905	5184
0	5	1	1	8	-3905	576
0	5	1	2	7	23455	144
0	5	1	3	6	15865	432
0	5	1	4	5	21625	288
0	5	1	5	4	21625	288
0	5	1	6	3	15865	432
0	5	1	7	2	23455	144
0	5	1	8	1	-3905	576
0	5	1	9	0	-3905	5184
0	5	2	0	8	-6265	1944
0	5	2	1	7	39905	243
0	5	2	2	6	12035	486
0	5	2	3	5	4745	243
0	5	2	4	4	378505	972
0	5	2	5	3	4745	243
0	5	2	6	2	12035	486
0	5	2	7	1	39905	243
0	5	2	8	0	-6265	1944
0	5	3	0	7	66845	729
0	5	3	1	6	81545	729
0	5	3	2	5	6215	243
0	5	3	3	4	203605	729
0	5	3	4	3	203605	729
0	5	3	5	2	6215	243
0	5	3	6	1	81545	729
0	5	3	7	0	66845	729
0	5	4	0	6	4205	162
0	5	4	1	5	2315	27
0	5	4	2	4	13735	54
0	5	4	3	3	-8170	81
0	5	4	4	2	13735	54
0	5	4	5	1	2315	27
0	5	4	6	0	4205	162
0	5	5	0	5	500	81
0	5	5	1	4	12220	81
0	5	5	2	3	-2290	81
0	5	5	3	2	-2290	81
0	5	5	4	1	12220	81
0	5	5	5	0	500	81
0	5	6	0	4	6640	243
0	5	6	1	3	21700	243
0	5	6	2	2	-2920	81
0	5	6	3	1	21700	243
0	5	6	4	0	6640	243
0	5	7	0	3	-880	81
0	5	7	1	2	1010	27
0	5	7	2	1	1010	27
0	5	7	3	0	-880	81
0	5	10	0	0	-1001	243
0	6	0	0	9	2484415	31104
0	6	0	1	8	-3905	3456
0	6	0	2	7	-3905	864
0	6	0	3	6	387385	2592
0	6	0	4	5	41785	1728
0	6	0	5	4	41785	1728
0	6	0	6	3	387385	2592
0	6	0	7	2	-3905	864
0	6	0	8	1	-3905	3456
0	6	0	9	0	2484415	31104
0	6	1	0	8	-6265	5832
0	6	1	1	7	-6265	729
0	6	1	2	6	320645	1458
0	6	1	3	5	80075	729
0	6	1	4	4	-15155	2916
0	6	1	5	3	80075	729
0	6	1	6	2	320645	1458
0	6	1	7	1	-6265	729
0	6	1	8	0	-6265	5832
0	6	2	0	7	-6055	1458
0	6	2	1	6	322115	1458
0	6	2	2	5	13505	486
0	6	2	3	4	181735	1458
0	6	2	4	3	181735	1458
0	6	2	5	2	13505	486
0	6	2	6	1	322115	1458
0	6	2	7	0	-6055	1458
0	6	3	0	6	36605	243
0	6	3	1	5	3550	81
0	6	3	2	4	-3680	81
0	6	3	3	3	105160	243
0	6	3	4	2	-3680	81
0	6	3	5	1	3550	81
0	6	3	6	0	36605	243
0	6	4	0	5	9350	243
0	6	4	1	4	3010	243
0	6	4	2	3	30320	243
0	6	4	3	2	30320	243
0	6	4	4	1	3010	243
0	6	4	5	0	9350	243
0	6	5	0	4	6640	243
0	6	5	1	3	21700	243
0	6	5	2	2	-2920	81
0	6	5	3	1	21700	243
0	6	5	4	0	6640	243
0	6	6	0	3	26080	243
0	6	6	1	2	-3080	81
0	6	6	2	1	-3080	81
0	6	6	3	0	26080	243
0	6	9	0	0	24155	729
0	7	0	0	8	611465	5832
0	7	0	1	7	-895	729
0	7	0	2	6	-6265	1458
0	7	0	3	5	66635	729
0	7	0	4	4	143635	2916
0	7	0	5	3	66635	729
0	7	0	6	2	-6265	1458
0	7	0	7	1	-895	729
0	7	0	8	0	611465	5832
0	7	1	0	7	-865	729
0	7	1	1	6	-6055	729
0	7	1	2	5	40115	243
0	7	1	3	4	42625	729
0	7	1	4	3	42625	729
0	7	1	5	2	40115	243
0	7	1	6	1	-6055	729
0	7	1	7	0	-865	729
0	7	2	0	6	-325	81
0	7	2	1	5	4480	27
0	7	2	2	4	2290	27
0	7	2	3	3	-830	81
0	7	2	4	2	2290	27
0	7	2	5	1	4480	27
0	7	2	6	0	-325	81
0	7	3	0	5	22700	243
0	7	3	1	4	4150	243
0	7	3	2	3	13160	243
0	7	3	3	2	13160	243
0	7	3	4	1	4150	243
0	7	3	5	0	22700	243
0	7	4	0	4	2660	243
0	7	4	1	3	-6370	243
0	7	4	2	2	8155	81
0	7	4	3	1	-6370	243
0	7	4	4	0	2660	243
0	7	5	0	3	-880	81
0	7	5	1	2	1010	27
0	7	5	2	1	1010	27
0	7	5	3	0	-880	81
0	7	8	0	0	-715	81
0	8	0	0	7	611495	5832
0	8	0	1	6	-6055	5832
0	8	0	2	5	-6055	1944
0	8	0	3	4	377965	5832
0	8	0	4	3	377965	5832
0	8	0	5	2	-6055	1944
0	8	0	6	1	-6055	5832
0	8	0	7	0	611495	5832
0	8	1	0	6	-325	324
0	8	1	1	5	-325	54
0	8	1	2	4	9175	108
0	8	1	3	3	3235	81
0	8	1	4	2	9175	108
0	8	1	5	1	-325	54
0	8	1	6	0	-325	324
0	8	2	0	5	-200	81
0	8	2	1	4	7100	81
0	8	2	2	3	25	81
0	8	2	3	2	25	81
0	8	2	4	1	7100	81
0	8	2	5	0	-200	81
0	8	3	0	4	15910	243
0	8	3	1	3	2890	243
0	8	3	2	2	1850	81
0	8	3	3	1	2890	243
0	8	3	4	0	15910	243
0	8	4	0	3	-550	81
0	8	4	1	2	530	27
0	8	4	2	1	530	27
0	8	4	3	0	-550	81
0	8	7	0	0	-715	81
0	9	0	0	6	232955	2916
0	9	0	1	5	-325	486
0	9	0	2	4	-1625	972
0	9	0	3	3	42115	729
0	9	0	4	2	-1625	972
0	9	0	5	1	-325	486
0	9	0	6	0	232955	2916
0	9	1	0	5	-400	729
0	9	1	1	4	-2000	729
0	9	1	2	3	32450	729
0	9	1	3	2	32450	729
0	9	1	4	1	-2000	729
0	9	1	5	0	-400	729
0	9	2	0	4	-1100	729
0	9	2	1	3	32050	729
0	9	2	2	2	-2200	243
0	9	2	3	1	32050	729
0	9	2	4	0	-1100	729
0	9	3	0	3	41540	729
0	9	3	1	2	-2200	243
0	9	3	2	1	-2200	243
0	9	3	3	0	41540	729
0	9	6	0	0	24155	729
0	10	0	0	5	29120	729
0	10	0	1	4	-200	729
0	10	0	2	3	-400	729
0	10	0	3	2	-400	729
0	10	0	4	1	-200	729
0	10	0	5	0	29120	729
0	10	1	0	4	-220	729
0	10	1	1	3	-880	729
0	10	1	2	2	3205	243
0	10	1	3	1	-880	729
0	10	1	4	0	-220	729
0	10	2	0	3	-220	243
0	10	2	1	2	995	81
0	10	2	2	1	995	81
0	10	2	3	0	-220	243
0	10	5	0	0	-1001	243
0	11	0	0	4	14560	729
0	11	0	1	3	-80	729
0	11	0	2	2	-40	243
0	11	0	3	1	-80	729
0	11	0	4	0	14560	729
0	11	1	0	3	-40	243
0	11	1	1	2	-40	81
0	11	1	2	1	-40	81
0	11	1	3	0	-40	243
0	11	4	0	0	-455	243
0	12	0	0	3	7280	729
0	12	0	1	2	-10	243
0	12	0	2	1	-10	243
0	12	0	3	0	7280	729
0	12	3	0	0	6835	729
0	13	2	0	0	-35	243
0	14	1	0	0	-5	243
0	15	0	0	0	728	729
1	0	0	0	14	-155	8192
1	0	0	1	13	-1085	4096
1	0	0	2	12	-14105	8192
1	0	0	3	11	-14105	2048
1	0	0	4	10	295405	8192
1	0	0	5	9	-155155	4096
1	0	0	6	8	-465465	8192
1	0	0	7	7	138305	1024
1	0	0	8	6	-465465	8192
1	0	0	9	5	-155155	4096
1	0	0	10	4	295405	8192
1	0	0	11	3	-14105	2048
1	0	0	12	2	-14105	8192
1	0	0	13	1	-1085	4096
1	0	0	14	0	-155	8192
1	0	3	0	11	-335	2304
1	0	3	1	10	-3685	2304
1	0	3	2	9	-18425	2304
1	0	3	3	8	-18425	768
1	0	3	4	7	43015	384
1	0	3	5	6	-25795	384
1	0	3	6	5	-25795	384
1	0	3	7	4	43015	384
1	0	3	8	3	-18425	768
1	0	3	9	2	-18425	2304
1	0	3	10	1	-3685	2304
1	0	3	11	0	-335	2304
1	0	4	0	10	-3815	13824
1	0	4	1	9	-19075	6912
1	0	4	2	8	-19075	1536
1	0	4	3	7	-7555	576
1	0	4	4	6	108395	2304
1	0	4	5	5	-11345	384
1	0	4	6	4	108395	2304
1	0	4	7	3	-7555	576
1	0	4	8	2	-19075	1536
1	0	4	9	1	-19075	6912
1	0	4	10	0	-3815	13824
1	0	5	0	9	-1325	2592
1	0	5	1	8	-1325	288
1	0	5	2	7	-1325	72
1	0	5	3	6	-4955	216
1	0	5	4	5	2245	144
1	0	5	5	4	2245	144
1	0	5	6	3	-4955	216
1	0	5	7	2	-1325	72
1	0	5	8	1	-1325	288
1	0	5	9	0	-1325	2592
1	0	6	0	8	-14425	15552
1	0	6	1	7	-14425	1944
1	0	6	2	6	-100975	3888
1	0	6	3	5	-62095	1944
1	0	6	4	4	272725	7776
1	0	6	5	3	-62095	1944
1	0	6	6	2	-100975	3888
1	0	6	7	1	-14425	1944
1	0	6	8	0	-14425	15552
1	0	7	0	7	-3235	2916
1	0	7	1	6	-22645	2916
1	0	7	2	5	-22645	972
1	0	7	3	4	-54905	2916
1	0	7	4	3	-54905	2916
1	0	7	5	2	-22645	972
1	0	7	6	1	-22645	2916
1	0	7	7	0	-3235	2916
1	0	8	0	6	-5755	5832
1	0	8	1	5	-5755	972
1	0	8	2	4	-28775	1944
1	0	8	3	3	-28775	1458
1	0	8	4	2	-28775	1944
1	0	8	5	1	-5755	972
1	0	8	6	0	-5755	5832
1	0	9	0	5	-35	54
1	0	9	1	4	-175	54
1	0	9	2	3	-175	27
1	0	9	3	2	-175	27
1	0	9	4	1	-175	54
1	0	9	5	0	-35	54
1	0	10	0	4	-200	729
1	0	10	1	3	-800	729
1	0	10	2	2	-400	243
1	0	10	3	1	-800	729
1	0	10	4	0	-200	729
1	0	11	0	3	-80	729
1	0	11	1	2	-80	243
1	0	11	2	1	-80	243
1	0	11	3	0	-80	729
1	0	12	0	2	-10	243
1	0	12	1	1	-20	243
1	0	12	2	0	-10	243
1	1	2	0	11	-335	768
1	1	2	1	10	-3685	768
1	1	2	2	9	19975	768
1	1	2	3	8	4615	256
1	1	2	4	7	-18425	128
1	1	2	5	6	15165	128
1	1	2	6	5	15165	128
1	1	2	7	4	-18425	128
1	1	2	8	3	4615	256
1	1	2	9	2	19975	768
1	1	2	10	1	-3685	768
1	1	2	11	0	-335	768
1	1	3	0	10	-3815	3456
1	1	3	1	9	-19075	1728
1	1	3	2	8	3965	384
1	1	3	3	7	6845	144
1	1	3	4	6	-29845	576
1	1	3	5	5	-3665	96
1	1	3	6	4	-29845	576
1	1	3	7	3	6845	144
1	1	3	8	2	3965	384
1	1	3	9	1	-19075	1728
1	1	3	10	0	-3815	3456
1	1	4	0	9	-6625	2592
1	1	4	1	8	-6625	288
1	1	4	2	7	3455	72
1	1	4	3	6	1145	216
1	1	4	4	5	-7495	144
1	1	4	5	4	-7495	144
1	1	4	6	3	1145	216
1	1	4	7	2	3455	72
1	1	4	8	1	-6625	288
1	1	4	9	0	-6625	2592
1	1	5	0	8	-14425	2592
1	1	5	1	7	-14425	324
1	1	5	2	6	35105	648
1	1	5	3	5	-3775	324
1	1	5	4	4	-141995	1296
1	1	5	5	3	-3775	324
1	1	5	6	2	35105	648
1	1	5	7	1	-14425	324
1	1	5	8	0	-14425	2592
1	1	6	0	7	-22645	2916
1	1	6	1	6	-158515	2916
1	1	6	2	5	-22435	972
1	1	6	3	4	-92735	2916
1	1	6	4	3	-92735	2916
1	1	6	5	2	-22435	972
1	1	6	6	1	-158515	2916
1	1	6	7	0	-22645	2916
1	1	7	0	6	-5755	729
1	1	7	1	5	-11510	243
1	1	7	2	4	-6905	243
1	1	7	3	3	-42200	729
1	1	7	4	2	-6905	243
1	1	7	5	1	-11510	243
1	1	7	6	0	-5755	729
1	1	8	0	5	-35	6
1	1	8	1	4	-175	6
1	1	8	2	3	-85	3
1	1	8	3	2	-85	3
1	1	8	4	1	-175	6
1	1	8	5	0	-35	6
1	1	9	0	4	-2000	729
1	1	9	1	3	-8000	729
1	1	9	2	2	-4000	243
1	1	9	3	1	-8000	729
1	1	9	4	0	-2000	729
1	1	10	0	3	-880	729
1	1	10	1	2	-880	243
1	1	10	2	1	-880	243
1	1	10	3	0	-880	729
1	1	11	0	2	-40	81
1	1	11	1	1	-80	81
1	1	11	2	0	-40	81
1	2	1	0	11	-335	768
1	2	1	1	10	-3685	768
1	2	1	2	9	19975	768
1	2	1	3	8	4615	256
1	2	1	4	7	-18425	128
1	2	1	5	6	15165	128
1	2	1	6	5	15165	128
1	2	1	7	4	-18425	128
1	2	1	8	3	4615	256
1	2	1	9	2	19975	768
1	2	1	10	1	-3685	768
1	2	1	11	0	-335	768
1	2	2	0	10	30745	2304
1	2	2	1	9	84605	1152
1	2	2	2	8	-12675	256
1	2	2	3	7	-10435	96
1	2	2	4	6	43115	384
1	2	2	5	5	175	64
1	2	2	6	4	43115	384
1	2	2	7	3	-10435	96
1	2	2	8	2	-12675	256
1	2	2	9	1	84605	1152
1	2	2	10	0	30745	2304
1	2	3	0	9	58175	1296
1	2	3	1	8	7775	144
1	2	3	2	7	-1585	36
1	2	3	3	6	-8575	108
1	2	3	4	5	3305	72
1	2	3	5	4	3305	72
1	2	3	6	3	-8575	108
1	2	3	7	2	-1585	36
1	2	3	8	1	7775	144
1	2	3	9	0	58175	1296
1	2	4	0	8	446275	5184
1	2	4	1	7	76915	648
1	2	4	2	6	-12395	1296
1	2	4	3	5	-18875	648
1	2	4	4	4	-684055	2592
1	2	4	5	3	-18875	648
1	2	4	6	2	-12395	1296
1	2	4	7	1	76915	648
1	2	4	8	0	446275	5184
1	2	5	0	7	162035	972
1	2	5	1	6	230285	972
1	2	5	2	5	-67795	324
1	2	5	3	4	-121895	972
1	2	5	4	3	-121895	972
1	2	5	5	2	-67795	324
1	2	5	6	1	230285	972
1	2	5	7	0	162035	972
1	2	6	0	6	324215	1458
1	2	6	1	5	15605	243
1	2	6	2	4	-104225	486
1	2	6	3	3	-52930	729
1	2	6	4	2	-104225	486
1	2	6	5	1	15605	243
1	2	6	6	0	324215	1458
1	2	7	0	5	500	3
1	2	7	1	4	-50	3
1	2	7	2	3	-250	3
1	2	7	3	2	-250	3
1	2	7	4	1	-50	3
1	2	7	5	0	500	3
1	2	8	0	4	7100	81
1	2	8	1	3	50	81
1	2	8	2	2	-2000	27
1	2	8	3	1	50	81
1	2	8	4	0	7100	81
1	2	9	0	3	32050	729
1	2	9	1	2	-4400	243
1	2	9	2	1	-4400	243
1	2	9	3	0	32050	729
1	2	10	0	2	995	81
1	2	10	1	1	-440	81
1	2	10	2	0	995	81
1	3	0	0	11	-335	2304
1	3	0	1	10	-3685	2304
1	3	0	2	9	-18425	2304
1	3	0	3	8	-18425	768
1	3	0	4	7	43015	384
1	3	0	5	6	-25795	384
1	3	0	6	5	-25795	384
1	3	0	7	4	43015	384
1	3	0	8	3	-18425	768
1	3	0	9	2	-18425	2304
1	3	0	10	1	-3685	2304
1	3	0	11	0	-335	2304
1	3	1	0	10	-3815	3456
1	3	1	1	9	-19075	1728
1	3	1	2	8	3965	384
1	3	1	3	7	6845	144
1	3	1	4	6	-29845	576
1	3	1	5	5	-3665	96
1	3	1	6	4	-29845	576
1	3	1	7	3	6845	144
1	3	1	8	2	3965	384
1	3	1	9	1	-19075	1728
1	3	1	10	0	-3815	3456
1	3	2	0	9	58175	1296
1	3	2	1	8	7775	144
1	3	2	2	7	-1585	36
1	3	2	3	6	-8575	108
1	3	2	4	5	3305	72
1	3	2	5	4	3305	72
1	3	2	6	3	-8575	108
1	3	2	7	2	-1585	36
1	3	2	8	1	7775	144
1	3	2	9	0	58175	1296
1	3	3	0	8	161155	3888
1	3	3	1	7	-4085	486
1	3	3	2	6	-222995	972
1	3	3	3	5	-38315	486
1	3	3	4	4	1208105	1944
1	3	3	5	3	-38315	486
1	3	3	6	2	-222995	972
1	3	3	7	1	-4085	486
1	3	3	8	0	161155	3888
1	3	4	0	7	178375	2916
1	3	4	1	6	-413495	2916
1	3	4	2	5	82225	972
1	3	4	3	4	-259555	2916
1	3	4	4	3	-259555	2916
1	3	4	5	2	82225	972
1	3	4	6	1	-413495	2916
1	3	4	7	0	178375	2916
1	3	5	0	6	83645	729
1	3	5	1	5	-22250	243
1	3	5	2	4	-41045	243
1	3	5	3	3	-3800	729
1	3	5	4	2	-41045	243
1	3	5	5	1	-22250	243
1	3	5	6	0	83645	729
1	3	6	0	5	410	9
1	3	6	1	4	-1100	9
1	3	6	2	3	-1750	9
1	3	6	3	2	-1750	9
1	3	6	4	1	-1100	9
1	3	6	5	0	410	9
1	3	7	0	4	4150	243
1	3	7	1	3	-32000	243
1	3	7	2	2	1820	81
1	3	7	3	1	-32000	243
1	3	7	4	0	4150	243
1	3	8	0	3	2890	243
1	3	8	1	2	-4400	81
1	3	8	2	1	-4400	81
1	3	8	3	0	2890	243
1	3	9	0	2	-2200	243
1	3	9	1	1	-4400	243
1	3	9	2	0	-2200	243
1	4	0	0	10	-3815	13824
1	4	0	1	9	-19075	6912
1	4	0	2	8	-19075	1536
1	4	0	3	7	-7555	576
1	4	0	4	6	108395	2304
1	4	0	5	5	-11345	384
1	4	0	6	4	108395	2304
1	4	0	7	3	-7555	576
1	4	0	8	2	-19075	1536
1	4	0	9	1	-19075	6912
1	4	0	10	0	-3815	13824
1	4	1	0	9	-6625	2592
1	4	1	1	8	-6625	288
1	4	1	2	7	3455	72
1	4	1	3	6	1145	216
1	4	1	4	5	-7495	144
1	4	1	5	4	-7495	144
1	4	1	6	3	1145	216
1	4	1	7	2	3455	72
1	4	1	8	1	-6625	288
1	4	1	9	0	-6625	2592
1	4	2	0	8	446275	5184
1	4	2	1	7	76915	648
1	4	2	2	6	-12395	1296
1	4	2	3	5	-18875	648
1	4	2	4	4	-684055	2592
1	4	2	5	3	-18875	648
1	4	2	6	2	-12395	1296
1	4	2	7	1	76915	648
1	4	2	8	0	446275	5184
1	4	3	0	7	178375	2916
1	4	3	1	6	-413495	2916
1	4	3	2	5	82225	972
1	4	3	3	4	-259555	2916
1	4	3	4	3	-259555	2916
1	4	3	5	2	82225	972
1	4	3	6	1	-413495	2916
1	4	3	7	0	178375	2916
1	4	4	0	6	2695	2916
1	4	4	1	5	22135	486
1	4	4	2	4	154415	972
1	4	4	3	3	-321865	729
1	4	4	4	2	154415	972
1	4	4	5	1	22135	486
1	4	4	6	0	2695	2916
1	4	5	0	5	265	3
1	4	5	1	4	65	3
1	4	5	2	3	-80	3
1	4	5	3	2	-80	3
1	4	5	4	1	65	3
1	4	5	5	0	265	3
1	4	6	0	4	3010	243
1	4	6	1	3	-26840	243
1	4	6	2	2	-4510	81
1	4	6	3	1	-26840	243
1	4	6	4	0	3010	243
1	4	7	0	3	-6370	243
1	4	7	1	2	110	81
1	4	7	2	1	110	81
1	4	7	3	0	-6370	243
1	4	8	0	2	530	27
1	4	8	1	1	-1100	27
1	4	8	2	0	530	27
1	5	0	0	9	-1325	2592
1	5	0	1	8	-1325	288
1	5	0	2	7	-1325	72
1	5	0	3	6	-4955	216
1	5	0	4	5	2245	144
1	5	0	5	4	2245	144
1	5	0	6	3	-4955	216
1	5	0	7	2	-1325	72
1	5	0	8	1	-1325	288
1	5	0	9	0	-1325	2592
1	5	1	0	8	-14425	2592
1	5	1	1	7	-14425	324
1	5	1	2	6	35105	648
1	5	1	3	5	-3775	324
1	5	1	4	4	-141995	1296
1	5	1	5	3	-3775	324
1	5	1	6	2	35105	648
1	5	1	7	1	-14425	324
1	5	1	8	0	-14425	2592
1	5	2	0	7	162035	972
1	5	2	1	6	230285	972
1	5	2	2	5	-67795	324
1	5	2	3	4	-121895	972
1	5	2	4	3	-121895	972
1	5	2	5	2	-67795	324
1	5	2	6	1	230285	972
1	5	2	7	0	162035	972
1	5	3	0	6	83645	729
1	5	3	1	5	-22250	243
1	5	3	2	4	-41045	243
1	5	3	3	3	-3800	729
1	5	3	4	2	-41045	243
1	5	3	5	1	-22250	243
1	5	3	6	0	83645	729
1	5	4	0	5	265	3
1	5	4	1	4	65	3
1	5	4	2	3	-80	3
1	5	4	3	2	-80	3
1	5	4	4	1	65	3
1	5	4	5	0	265	3
1	5	5	0	4	12220	81
1	5	5	1	3	18100	81
1	5	5	2	2	-7420	27
1	5	5	3	1	18100	81
1	5	5	4	0	12220	81
1	5	6	0	3	21700	243
1	5	6	1	2	-5840	81
1	5	6	2	1	-5840	81
1	5	6	3	0	21700	243
1	5	7	0	2	1010	27
1	5	7	1	1	-1760	27
1	5	7	2	0	1010	27
1	6	0	0	8	-14425	15552
1	6	0	1	7	-14425	1944
1	6	0	2	6	-100975	3888
1	6	0	3	5	-62095	1944
1	6	0	4	4	272725	7776
1	6	0	5	3	-62095	1944
1	6	0	6	2	-100975	3888
1	6	0	7	1	-14425	1944
1	6	0	8	0	-14425	15552
1	6	1	0	7	-22645	2916
1	6	1	1	6	-158515	2916
1	6	1	2	5	-22435	972
1	6	1	3	4	-92735	2916
1	6	1	4	3	-92735	2916
1	6	1	5	2	-22435	972
1	6	1	6	1	-158515	2916
1	6	1	7	0	-22645	2916
1	6	2	0	6	324215	1458
1	6	2	1	5	15605	243
1	6	2	2	4	-104225	486
1	6	2	3	3	-52930	729
1	6	2	4	2	-104225	486
1	6	2	5	1	15605	243
1	6	2	6	0	324215	1458
1	6	3	0	5	410	9
1	6	3	1	4	-1100	9
1	6	3	2	3	-1750	9
1	6	3	3	2	-1750	9
1	6	3	4	1	-1100	9
1	6	3	5	0	410	9
1	6	4	0	4	3010	243
1	6	4	1	3	-26840	243
1	6	4	2	2	-4510	81
1	6	4	3	1	-26840	243
1	6	4	4	0	3010	243
1	6	5	0	3	21700	243
1	6	5	1	2	-5840	81
1	6	5	2	1	-5840	81
1	6	5	3	0	21700	243
1	6	6	0	2	-3080	81
1	6	6	1	1	3560	81
1	6	6	2	0	-3080	81
1	7	0	0	7	-3235	2916
1	7	0	1	6	-22645	2916
1	7	0	2	5	-22645	972
1	7	0	3	4	-54905	2916
1	7	0	4	3	-54905	2916
1	7	0	5	2	-22645	972
1	7	0	6	1	-22645	2916
1	7	0	7	0	-3235	2916
1	7	1	0	6	-5755	729
1	7	1	1	5	-11510	243
1	7	1	2	4	-6905	243
1	7	1	3	3	-42200	729
1	7	1	4	2	-6905	243
1	7	1	5	1	-11510	243
1	7	1	6	0	-5755	729
1	7	2	0	5	500	3
1	7	2	1	4	-50	3
1	7	2	2	3	-250	3
1	7	2	3	2	-250	3
1	7	2	4	1	-50	3
1	7	2	5	0	500	3
1	7	3	0	4	4150	243
1	7	3	1	3	-32000	243
1	7	3	2	2	1820	81
1	7	3	3	1	-32000	243
1	7	3	4	0	4150	243
1	7	4	0	3	-6370	243
1	7	4	1	2	110	81
1	7	4	2	1	110	81
1	7	4	3	0	-6370	243
1	7	5	0	2	1010	27
1	7	5	1	1	-1760	27
1	7	5	2	0	1010	27
1	8	0	0	6	-5755	5832
1	8	0	1	5	-5755	972
1	8	0	2	4	-28775	1944
1	8	0	3	3	-28775	1458
1	8	0	4	2	-28775	1944
1	8	0	5	1	-5755	972
1	8	0	6	0	-5755	5832
1	8	1	0	5	-35	6
1	8	1	1	4	-175	6
1	8	1	2	3	-85	3
1	8	1	3	2	-85	3
1	8	1	4	1	-175	6
1	8	1	5	0	-35	6
1	8	2	0	4	7100	81
1	8	2	1	3	50	81
1	8	2	2	2	-2000	27
1	8	2	3	1	50	81
1	8	2	4	0	7100	81
1	8	3	0	3	2890	243
1	8	3	1	2	-4400	81
1	8	3	2	1	-4400	81
1	8	3	3	0	2890	243
1	8	4	0	2	530	27
1	8	4	1	1	-1100	27
1	8	4	2	0	530	27
1	9	0	0	5	-35	54
1	9	0	1	4	-175	54
1	9	0	2	3	-175	27
1	9	0	3	2	-175	27
1	9	0	4	1	-175	54
1	9	0	5	0	-35	54
1	9	1	0	4	-2000	729
1	9	1	1	3	-8000	729
1	9	1	2	2	-4000	243
1	9	1	3	1	-8000	729
1	9	1	4	0	-2000	729
1	9	2	0	3	32050	729
1	9	2	1	2	-4400	243
1	9	2	2	1	-4400	243
1	9	2	3	0	32050	729
1	9	3	0	2	-2200	243
1	9	3	1	1	-4400	243
1	9	3	2	0	-2200	243
1	10	0	0	4	-200	729
1	10	0	1	3	-800	729
1	10	0	2	2	-400	243
1	10	0	3	1	-800	729
1	10	0	4	0	-200	729
1	10	1	0	3	-880	729
1	10	1	1	2	-880	243
1	10	1	2	1	-880	243
1	10	1	3	0	-880	729
1	10	2	0	2	995	81
1	10	2	1	1	-440	81
1	10	2	2	0	995	81
1	11	0	0	3	-80	729
1	11	0	1	2	-80	243
1	11	0	2	1	-80	243
1	11	0	3	0	-80	729
1	11	1	0	2	-40	81
1	11	1	1	1	-80	81
1	11	1	2	0	-40	81
1	12	0	0	2	-10	243
1	12	0	1	1	-20	243
1	12	0	2	0	-10	243
2	0	0	0	13	-275	2048
2	0	0	1	12	-3575	2048
2	0	0	2	11	30235	1024
2	0	0	3	10	-39325	1024
2	0	0	4	9	-196625	2048
2	0	0	5	8	690555	2048
2	0	0	6	7	-117975	512
2	0	0	7	6	-117975	512
2	0	0	8	5	690555	2048
2	0	0	9	4	-196625	2048
2	0	0	10	3	-39325	1024
2	0	0	11	2	30235	1024
2	0	0	12	1	-3575	2048
2	0	0	13	0	-275	2048
2	0	3	0	10	-2005	2304
2	0	3	1	9	-10025	1152
2	0	3	2	8	25815	256
2	0	3	3	7	-10025	96
2	0	3	4	6	-70175	384
2	0	3	5	5	23085	64
2	0	3	6	4	-70175	384
2	0	3	7	3	-10025	96
2	0	3	8	2	25815	256
2	0	3	9	1	-10025	1152
2	0	3	10	0	-2005	2304
2	0	4	0	9	-625	432
2	0	4	1	8	-625	48
2	0	4	2	7	1055	12
2	0	4	3	6	-3295	36
2	0	4	4	5	-1495	24
2	0	4	5	4	-1495	24
2	0	4	6	3	-3295	36
2	0	4	7	2	1055	12
2	0	4	8	1	-625	48
2	0	4	9	0	-625	432
2	0	5	0	8	-4145	1728
2	0	5	1	7	-4145	216
2	0	5	2	6	14185	432
2	0	5	3	5	-16055	216
2	0	5	4	4	-75955	864
2	0	5	5	3	-16055	216
2	0	5	6	2	14185	432
2	0	5	7	1	-4145	216
2	0	5	8	0	-4145	1728
2	0	6	0	7	-30535	7776
2	0	6	1	6	-213745	7776
2	0	6	2	5	97295	2592
2	0	6	3	4	-835445	7776
2	0	6	4	3	-835445	7776
2	0	6	5	2	97295	2592
2	0	6	6	1	-213745	7776
2	0	6	7	0	-30535	7776
2	0	7	0	6	-23605	5832
2	0	7	1	5	-23605	972
2	0	7	2	4	-1385	1944
2	0	7	3	3	-118025	1458
2	0	7	4	2	-1385	1944
2	0	7	5	1	-23605	972
2	0	7	6	0	-23605	5832
2	0	8	0	5	-5905	1944
2	0	8	1	4	-29525	1944
2	0	8	2	3	-29525	972
2	0	8	3	2	-29525	972
2	0	8	4	1	-29525	1944
2	0	8	5	0	-5905	1944
2	0	9	0	4	-1615	972
2	0	9	1	3	-1615	243
2	0	9	2	2	-1615	162
2	0	9	3	1	-1615	243
2	0	9	4	0	-1615	972
2	0	10	0	3	-400	729
2	0	10	1	2	-400	243
2	0	10	2	1	-400	243
2	0	10	3	0	-400	729
2	0	11	0	2	-40	243
2	0	11	1	1	-80	243
2	0	11	2	0	-40	243
2	0	12	0	1	-10	243
2	0	12	1	0	-10	243
2	1	2	0	10	9515	768
2	1	2	1	9	9175	384
2	1	2	2	8	-30075	256
2	1	2	3	7	4375	32
2	1	2	4	6	36065	128
2	1	2	5	5	-42105	64
2	1	2	6	4	36065	128
2	1	2	7	3	4375	32
2	1	2	8	2	-30075	256
2	1	2	9	1	9175	384
2	1	2	10	0	9515	768
2	1	3	0	9	4775	108
2	1	3	1	8	95	12
2	1	3	2	7	-265	3
2	1	3	3	6	485	9
2	1	3	4	5	305	6
2	1	3	5	4	305	6
2	1	3	6	3	485	9
2	1	3	7	2	-265	3
2	1	3	8	1	95	12
2	1	3	9	0	4775	108
2	1	4	0	8	152075	1728
2	1	4	1	7	9515	216
2	1	4	2	6	-37075	432
2	1	4	3	5	6125	216
2	1	4	4	4	-111935	864
2	1	4	5	3	6125	216
2	1	4	6	2	-37075	432
2	1	4	7	1	9515	216
2	1	4	8	0	152075	1728
2	1	5	0	7	215705	1296
2	1	5	1	6	58415	1296
2	1	5	2	5	-118705	432
2	1	5	3	4	19915	1296
2	1	5	4	3	19915	1296
2	1	5	5	2	-118705	432
2	1	5	6	1	58415	1296
2	1	5	7	0	215705	1296
2	1	6	0	6	1292765	5832
2	1	6	1	5	-29155	972
2	1	6	2	4	-408215	1944
2	1	6	3	3	-140915	1458
2	1	6	4	2	-408215	1944
2	1	6	5	1	-29155	972
2	1	6	6	0	1292765	5832
2	1	7	0	5	40265	243
2	1	7	1	4	-7655	243
2	1	7	2	3	-25030	243
2	1	7	3	2	-25030	243
2	1	7	4	1	-7655	243
2	1	7	5	0	40265	243
2	1	8	0	4	9185	108
2	1	8	1	3	-805	27
2	1	8	2	2	-1615	18
2	1	8	3	1	-805	27
2	1	8	4	0	9185	108
2	1	9	0	3	32450	729
2	1	9	1	2	-4000	243
2	1	9	2	1	-4000	243
2	1	9	3	0	32450	729
2	1	10	0	2	3205	243
2	1	10	1	1	-880	243
2	1	10	2	0	3205	243
2	1	11	0	1	-40	81
2	1	11	1	0	-40	81
2	2	1	0	10	9515	768
2	2	1	1	9	9175	384
2	2	1	2	8	-30075	256
2	2	1	3	7	4375	32
2	2	1	4	6	36065	128
2	2	1	5	5	-42105	64
2	2	1	6	4	36065	128
2	2	1	7	3	4375	32
2	2	1	8	2	-30075	256
2	2	1	9	1	9175	384
2	2	1	10	0	9515	768
2	2	2	0	9	-625	72
2	2	2	1	8	-425	8
2	2	2	2	7	395	2
2	2	2	3	6	-1315	6
2	2	2	4	5	-35	4
2	2	2	5	4	-35	4
2	2	2	6	3	-1315	6
2	2	2	7	2	395	2
2	2	2	8	1	-425	8
2	2	2	9	0	-625	72
2	2	3	0	8	875	864
2	2	3	1	7	-5605	108
2	2	3	2	6	-355	216
2	2	3	3	5	-6835	108
2	2	3	4	4	17665	432
2	2	3	5	3	-6835	108
2	2	3	6	2	-355	216
2	2	3	7	1	-5605	108
2	2	3	8	0	875	864
2	2	4	0	7	223165	2592
2	2	4	1	6	-83765	2592
2	2	4	2	5	-152885	864
2	2	4	3	4	-81865	2592
2	2	4	4	3	-81865	2592
2	2	4	5	2	-152885	864
2	2	4	6	1	-83765	2592
2	2	4	7	0	223165	2592
2	2	5	0	6	58325	1944
2	2	5	1	5	-74515	324
2	2	5	2	4	-119855	648
2	2	5	3	3	-68015	486
2	2	5	4	2	-119855	648
2	2	5	5	1	-74515	324
2	2	5	6	0	58325	1944
2	2	6	0	5	14555	486
2	2	6	1	4	-109475	486
2	2	6	2	3	-36575	243
2	2	6	3	2	-36575	243
2	2	6	4	1	-109475	486
2	2	6	5	0	14555	486
2	2	7	0	4	2300	27
2	2	7	1	3	-2410	27
2	2	7	2	2	-260	9
2	2	7	3	1	-2410	27
2	2	7	4	0	2300	27
2	2	8	0	3	25	81
2	2	8	1	2	-2000	27
2	2	8	2	1	-2000	27
2	2	8	3	0	25	81
2	2	9	0	2	-2200	243
2	2	9	1	1	-4400	243
2	2	9	2	0	-2200	243
2	2	10	0	1	995	81
2	2	10	1	0	995	81
2	3	0	0	10	-2005	2304
2	3	0	1	9	-10025	1152
2	3	0	2	8	25815	256
2	3	0	3	7	-10025	96
2	3	0	4	6	-70175	384
2	3	0	5	5	23085	64
2	3	0	6	4	-70175	384
2	3	0	7	3	-10025	96
2	3	0	8	2	25815	256
2	3	0	9	1	-10025	1152
2	3	0	10	0	-2005	2304
2	3	1	0	9	4775	108
2	3	1	1	8	95	12
2	3	1	2	7	-265	3
2	3	1	3	6	485	9
2	3	1	4	5	305	6
2	3	1	5	4	305	6
2	3	1	6	3	485	9
2	3	1	7	2	-265	3
2	3	1	8	1	95	12
2	3	1	9	0	4775	108
2	3	2	0	8	875	864
2	3	2	1	7	-5605	108
2	3	2	2	6	-355	216
2	3	2	3	5	-6835	108
2	3	2	4	4	17665	432
2	3	2	5	3	-6835	108
2	3	2	6	2	-355	216
2	3	2	7	1	-5605	108
2	3	2	8	0	875	864
2	3	3	0	7	-16595	1944
2	3	3	1	6	-504965	1944
2	3	3	2	5	408715	648
2	3	3	3	4	-1202905	1944
2	3	3	4	3	-1202905	1944
2	3	3	5	2	408715	648
2	3	3	6	1	-504965	1944
2	3	3	7	0	-16595	1944
2	3	4	0	6	748465	5832
2	3	4	1	5	48625	972
2	3	4	2	4	-369235	1944
2	3	4	3	3	-281755	1458
2	3	4	4	2	-369235	1944
2	3	4	5	1	48625	972
2	3	4	6	0	748465	5832
2	3	5	0	5	7265	243
2	3	5	1	4	-46295	243
2	3	5	2	3	-43990	243
2	3	5	3	2	-43990	243
2	3	5	4	1	-46295	243
2	3	5	5	0	7265	243
2	3	6	0	4	-3610	81
2	3	6	1	3	-16870	81
2	3	6	2	2	5740	27
2	3	6	3	1	-16870	81
2	3	6	4	0	-3610	81
2	3	7	0	3	13160	243
2	3	7	1	2	1820	81
2	3	7	2	1	1820	81
2	3	7	3	0	13160	243
2	3	8	0	2	1850	81
2	3	8	1	1	-4400	81
2	3	8	2	0	1850	81
2	3	9	0	1	-2200	243
2	3	9	1	0	-2200	243
2	4	0	0	9	-625	432
2	4	0	1	8	-625	48
2	4	0	2	7	1055	12
2	4	0	3	6	-3295	36
2	4	0	4	5	-1495	24
2	4	0	5	4	-1495	24
2	4	0	6	3	-3295	36
2	4	0	7	2	1055	12
2	4	0	8	1	-625	48
2	4	0	9	0	-625	432
2	4	1	0	8	152075	1728
2	4	1	1	7	9515	216
2	4	1	2	6	-37075	432
2	4	1	3	5	6125	216
2	4	1	4	4	-111935	864
2	4	1	5	3	6125	216
2	4	1	6	2	-37075	432
2	4	1	7	1	9515	216
2	4	1	8	0	152075	1728
2	4	2	0	7	223165	2592
2	4	2	1	6	-83765	2592
2	4	2	2	5	-152885	864
2	4	2	3	4	-81865	2592
2	4	2	4	3	-81865	2592
2	4	2	5	2	-152885	864
2	4	2	6	1	-83765	2592
2	4	2	7	0	223165	2592
2	4	3	0	6	748465	5832
2	4	3	1	5	48625	972
2	4	3	2	4	-369235	1944
2	4	3	3	3	-281755	1458
2	4	3	4	2	-369235	1944
2	4	3	5	1	48625	972
2	4	3	6	0	748465	5832
2	4	4	0	5	391105	972
2	4	4	1	4	128165	972
2	4	4	2	3	-163435	486
2	4	4	3	2	-163435	486
2	4	4	4	1	128165	972
2	4	4	5	0	391105	972
2	4	5	0	4	13805	54
2	4	5	1	3	-1280	27
2	4	5	2	2	-5095	9
2	4	5	3	1	-1280	27
2	4	5	4	0	13805	54
2	4	6	0	3	30320	243
2	4	6	1	2	-4510	81
2	4	6	2	1	-4510	81
2	4	6	3	0	30320	243
2	4	7	0	2	8155	81
2	4	7	1	1	110	81
2	4	7	2	0	8155	81
2	4	8	0	1	530	27
2	4	8	1	0	530	27
2	5	0	0	8	-4145	1728
2	5	0	1	7	-4145	216
2	5	0	2	6	14185	432
2	5	0	3	5	-16055	216
2	5	0	4	4	-75955	864
2	5	0	5	3	-16055	216
2	5	0	6	2	14185	432
2	5	0	7	1	-4145	216
2	5	0	8	0	-4145	1728
2	5	1	0	7	215705	1296
2	5	1	1	6	58415	1296
2	5	1	2	5	-118705	432
2	5	1	3	4	19915	1296
2	5	1	4	3	19915	1296
2	5	1	5	2	-118705	432
2	5	1	6	1	58415	1296
2	5	1	7	0	215705	1296
2	5	2	0	6	58325	1944
2	5	2	1	5	-74515	324
2	5	2	2	4	-119855	648
2	5	2	3	3	-68015	486
2	5	2	4	2	-119855	648
2	5	2	5	1	-74515	324
2	5	2	6	0	58325	1944
2	5	3	0	5	7265	243
2	5	3	1	4	-46295	243
2	5	3	2	3	-43990	243
2	5	3	3	2	-43990	243
2	5	3	4	1	-46295	243
2	5	3	5	0	7265	243
2	5	4	0	4	13805	54
2	5	4	1	3	-1280	27
2	5	4	2	2	-5095	9
2	5	4	3	1	-1280	27
2	5	4	4	0	13805	54
2	5	5	0	3	-2290	81
2	5	5	1	2	-7420	27
2	5	5	2	1	-7420	27
2	5	5	3	0	-2290	81
2	5	6	0	2	-2920	81
2	5	6	1	1	-5840	81
2	5	6	2	0	-2920	81
2	5	7	0	1	1010	27
2	5	7	1	0	1010	27
2	6	0	0	7	-30535	7776
2	6	0	1	6	-213745	7776
2	6	0	2	5	97295	2592
2	6	0	3	4	-835445	7776
2	6	0	4	3	-835445	7776
2	6	0	5	2	97295	2592
2	6	0	6	1	-213745	7776
2	6	0	7	0	-30535	7776
2	6	1	0	6	1292765	5832
2	6	1	1	5	-29155	972
2	6	1	2	4	-408215	1944
2	6	1	3	3	-140915	1458
2	6	1	4	2	-408215	1944
2	6	1	5	1	-29155	972
2	6	1	6	0	1292765	5832
2	6	2	0	5	14555	486
2	6	2	1	4	-109475	486
2	6	2	2	3	-36575	243
2	6	2	3	2	-36575	243
2	6	2	4	1	-109475	486
2	6	2	5	0	14555	486
2	6	3	0	4	-3610	81
2	6	3	1	3	-16870	81
2	6	3	2	2	5740	27
2	6	3	3	1	-16870	81
2	6	3	4	0	-3610	81
2	6	4	0	3	30320	243
2	6	4	1	2	-4510	81
2	6	4	2	1	-4510	81
2	6	4	3	0	30320	243
2	6	5	0	2	-2920	81
2	6	5	1	1	-5840	81
2	6	5	2	0	-2920	81
2	6	6	0	1	-3080	81
2	6	6	1	0	-3080	81
2	7	0	0	6	-23605	5832
2	7	0	1	5	-23605	972
2	7	0	2	4	-1385	1944
2	7	0	3	3	-118025	1458
2	7	0	4	2	-1385	1944
2	7	0	5	1	-23605	972
2	7	0	6	0	-23605	5832
2	7	1	0	5	40265	243
2	7	1	1	4	-7655	243
2	7	1	2	3	-25030	243
2	7	1	3	2	-25030	243
2	7	1	4	1	-7655	243
2	7	1	5	0	40265	243
2	7	2	0	4	2300	27
2	7	2	1	3	-2410	27
2	7	2	2	2	-260	9
2	7	2	3	1	-2410	27
2	7	2	4	0	2300	27
2	7	3	0	3	13160	243
2	7	3	1	2	1820	81
2	7	3	2	1	1820	81
2	7	3	3	0	13160	243
2	7	4	0	2	8155	81
2	7	4	1	1	110	81
2	7	4	2	0	8155	81
2	7	5	0	1	1010	27
2	7	5	1	0	1010	27
2	8	0	0	5	-5905	1944
2	8	0	1	4	-29525	1944
2	8	0	2	3	-29525	972
2	8	0	3	2	-29525	972
2	8	0	4	1	-29525	1944
2	8	0	5	0	-5905	1944
2	8	1	0	4	9185	108
2	8	1	1	3	-805	27
2	8	1	2	2	-1615	18
2	8	1	3	1	-805	27
2	8	1	4	0	9185	108
2	8	2	0	3	25	81
2	8	2	1	2	-2000	27
2	8	2	2	1	-2000	27
2	8	2	3	0	25	81
2	8	3	0	2	1850	81
2	8	3	1	1	-4400	81
2	8	3	2	0	1850	81
2	8	4	0	1	530	27
2	8	4	1	0	530	27
2	9	0	0	4	-1615	972
2	9	0	1	3	-1615	243
2	9	0	2	2	-1615	162
2	9	0	3	1	-1615	243
2	9	0	4	0	-1615	972
2	9	1	0	3	32450	729
2	9	1	1	2	-4000	243
2	9	1	2	1	-4000	243
2	9	1	3	0	32450	729
2	9	2	0	2	-2200	243
2	9	2	1	1	-4400	243
2	9	2	2	0	-2200	243
2	9	3	0	1	-2200	243
2	9	3	1	0	-2200	243
2	10	0	0	3	-400	729
2	10	0	1	2	-400	243
2	10	0	2	1	-400	243
2	10	0	3	0	-400	729
2	10	1	0	2	3205	243
2	10	1	1	1	-880	243
2	10	1	2	0	3205	243
2	10	2	0	1	995	81
2	10	2	1	0	995	81
2	11	0	0	2	-40	243
2	11	0	1	1	-80	243
2	11	0	2	0	-40	243
2	11	1	0	1	-40	81
2	11	1	1	0	-40	81
2	12	0	0	1	-10	243
2	12	0	1	0	-10	243
3	0	0	0	12	19215	2048
3	0	0	1	11	-3795	512
3	0	0	2	10	-41745	1024
3	0	0	3	9	119865	512
3	0	0	4	8	-626175	2048
3	0	0	5	7	-125235	256
3	0	0	6	6	614025	512
3	0	0	7	5	-125235	256
3	0	0	8	4	-626175	2048
3	0	0	9	3	119865	512
3	0	0	10	2	-41745	1024
3	0	0	11	1	-3795	512
3	0	0	12	0	19215	2048
3	0	3	0	9	3645	64
3	0	3	1	8	-1755	64
3	0	3	2	7	-1755	16
3	0	3	3	6	7745	16
3	0	3	4	5	-12285	32
3	0	3	5	4	-12285	32
3	0	3	6	3	7745	16
3	0	3	7	2	-1755	16
3	0	3	8	1	-1755	64
3	0	3	9	0	3645	64
3	0	4	0	8	113015	1728
3	0	4	1	7	-3625	216
3	0	4	2	6	-42655	432
3	0	4	3	5	28625	216
3	0	4	4	4	-87995	864
3	0	4	5	3	28625	216
3	0	4	6	2	-42655	432
3	0	4	7	1	-3625	216
3	0	4	8	0	113015	1728
3	0	5	0	7	13435	144
3	0	5	1	6	-3875	144
3	0	5	2	5	-3875	48
3	0	5	3	4	-2095	144
3	0	5	4	3	-2095	144
3	0	5	5	2	-3875	48
3	0	5	6	1	-3875	144
3	0	5	7	0	13435	144
3	0	6	0	6	36590	243
3	0	6	1	5	-2960	81
3	0	6	2	4	-9020	81
3	0	6	3	3	27100	243
3	0	6	4	2	-9020	81
3	0	6	5	1	-2960	81
3	0	6	6	0	36590	243
3	0	7	0	5	133855	1458
3	0	7	1	4	-30565	1458
3	0	7	2	3	-59725	729
3	0	7	3	2	-59725	729
3	0	7	4	1	-30565	1458
3	0	7	5	0	133855	1458
3	0	8	0	4	378415	5832
3	0	8	1	3	-29825	1458
3	0	8	2	2	-29825	972
3	0	8	3	1	-29825	1458
3	0	8	4	0	378415	5832
3	0	9	0	3	42130	729
3	0	9	1	2	-1610	243
3	0	9	2	1	-1610	243
3	0	9	3	0	42130	729
3	0	10	0	2	-400	729
3	0	10	1	1	-800	729
3	0	10	2	0	-400	729
3	0	11	0	1	-80	729
3	0	11	1	0	-80	729
3	0	12	0	0	7280	729
3	1	2	0	9	-585	64
3	1	2	1	8	495	64
3	1	2	2	7	1935	16
3	1	2	3	6	-12285	16
3	1	2	4	5	20105	32
3	1	2	5	4	20105	32
3	1	2	6	3	-12285	16
3	1	2	7	2	1935	16
3	1	2	8	1	495	64
3	1	2	9	0	-585	64
3	1	3	0	8	5015	432
3	1	3	1	7	1775	54
3	1	3	2	6	2705	108
3	1	3	3	5	-8095	54
3	1	3	4	4	2725	216
3	1	3	5	3	-8095	54
3	1	3	6	2	2705	108
3	1	3	7	1	1775	54
3	1	3	8	0	5015	432
3	1	4	0	7	2375	144
3	1	4	1	6	-2095	144
3	1	4	2	5	-175	48
3	1	4	3	4	-7595	144
3	1	4	4	3	-7595	144
3	1	4	5	2	-175	48
3	1	4	6	1	-2095	144
3	1	4	7	0	2375	144
3	1	5	0	6	3520	81
3	1	5	1	5	-1060	27
3	1	5	2	4	-220	27
3	1	5	3	3	-43000	81
3	1	5	4	2	-220	27
3	1	5	5	1	-1060	27
3	1	5	6	0	3520	81
3	1	6	0	5	164245	1458
3	1	6	1	4	-68155	1458
3	1	6	2	3	-75445	729
3	1	6	3	2	-75445	729
3	1	6	4	1	-68155	1458
3	1	6	5	0	164245	1458
3	1	7	0	4	43075	729
3	1	7	1	3	-46400	729
3	1	7	2	2	-25630	243
3	1	7	3	1	-46400	729
3	1	7	4	0	43075	729
3	1	8	0	3	3250	81
3	1	8	1	2	-800	27
3	1	8	2	1	-800	27
3	1	8	3	0	3250	81
3	1	9	0	2	32450	729
3	1	9	1	1	-8000	729
3	1	9	2	0	32450	729
3	1	10	0	1	-880	729
3	1	10	1	0	-880	729
3	1	11	0	0	-40	243
3	2	1	0	9	-585	64
3	2	1	1	8	495	64
3	2	1	2	7	1935	16
3	2	1	3	6	-12285	16
3	2	1	4	5	20105	32
3	2	1	5	4	20105	32
3	2	1	6	3	-12285	16
3	2	1	7	2	1935	16
3	2	1	8	1	495	64
3	2	1	9	0	-585	64
3	2	2	0	8	6455	288
3	2	2	1	7	-4705	36
3	2	2	2	6	-18895	72
3	2	2	3	5	11345	36
3	2	2	4	4	7045	144
3	2	2	5	3	11345	36
3	2	2	6	2	-18895	72
3	2	2	7	1	-4705	36
3	2	2	8	0	6455	288
3	2	3	0	7	3815	72
3	2	3	1	6	-8575	72
3	2	3	2	5	-3055	24
3	2	3	3	4	4645	72
3	2	3	4	3	4645	72
3	2	3	5	2	-3055	24
3	2	3	6	1	-8575	72
3	2	3	7	0	3815	72
3	2	4	0	6	-3755	81
3	2	4	1	5	-2650	27
3	2	4	2	4	-2440	27
3	2	4	3	3	-17590	81
3	2	4	4	2	-2440	27
3	2	4	5	1	-2650	27
3	2	4	6	0	-3755	81
3	2	5	0	5	13585	486
3	2	5	1	4	-82735	486
3	2	5	2	3	-38995	243
3	2	5	3	2	-38995	243
3	2	5	4	1	-82735	486
3	2	5	5	0	13585	486
3	2	6	0	4	184885	1458
3	2	6	1	3	-67630	729
3	2	6	2	2	-38675	243
3	2	6	3	1	-67630	729
3	2	6	4	0	184885	1458
3	2	7	0	3	-770	81
3	2	7	1	2	-2390	27
3	2	7	2	1	-2390	27
3	2	7	3	0	-770	81
3	2	8	0	2	25	81
3	2	8	1	1	50	81
3	2	8	2	0	25	81
3	2	9	0	1	32050	729
3	2	9	1	0	32050	729
3	2	10	0	0	-220	243
3	3	0	0	9	3645	64
3	3	0	1	8	-1755	64
3	3	0	2	7	-1755	16
3	3	0	3	6	7745	16
3	3	0	4	5	-12285	32
3	3	0	5	4	-12285	32
3	3	0	6	3	7745	16
3	3	0	7	2	-1755	16
3	3	0	8	1	-1755	64
3	3	0	9	0	3645	64
3	3	1	0	8	5015	432
3	3	1	1	7	1775	54
3	3	1	2	6	2705	108
3	3	1	3	5	-8095	54
3	3	1	4	4	2725	216
3	3	1	5	3	-8095	54
3	3	1	6	2	2705	108
3	3	1	7	1	1775	54
3	3	1	8	0	5015	432
3	3	2	0	7	3815	72
3	3	2	1	6	-8575	72
3	3	2	2	5	-3055	24
3	3	2	3	4	4645	72
3	3	2	4	3	4645	72
3	3	2	5	2	-3055	24
3	3	2	6	1	-8575	72
3	3	2	7	0	3815	72
3	3	3	0	6	104860	243
3	3	3	1	5	-13840	81
3	3	3	2	4	-56470	81
3	3	3	3	3	352460	243
3	3	3	4	2	-56470	81
3	3	3	5	1	-13840	81
3	3	3	6	0	104860	243
3	3	4	0	5	412985	1458
3	3	4	1	4	-238715	1458
3	3	4	2	3	-165815	729
3	3	4	3	2	-165815	729
3	3	4	4	1	-238715	1458
3	3	4	5	0	412985	1458
3	3	5	0	4	206755	729
3	3	5	1	3	-33200	729
3	3	5	2	2	-48190	243
3	3	5	3	1	-33200	729
3	3	5	4	0	206755	729
3	3	6	0	3	105580	243
3	3	6	1	2	-16730	81
3	3	6	2	1	-16730	81
3	3	6	3	0	105580	243
3	3	7	0	2	13160	243
3	3	7	1	1	-32000	243
3	3	7	2	0	13160	243
3	3	8	0	1	2890	243
3	3	8	1	0	2890	243
3	3	9	0	0	41540	729
3	4	0	0	8	113015	1728
3	4	0	1	7	-3625	216
3	4	0	2	6	-42655	432
3	4	0	3	5	28625	216
3	4	0	4	4	-87995	864
3	4	0	5	3	28625	216
3	4	0	6	2	-42655	432
3	4	0	7	1	-3625	216
3	4	0	8	0	113015	1728
3	4	1	0	7	2375	144
3	4	1	1	6	-2095	144
3	4	1	2	5	-175	48
3	4	1	3	4	-7595	144
3	4	1	4	3	-7595	144
3	4	1	5	2	-175	48
3	4	1	6	1	-2095	144
3	4	1	7	0	2375	144
3	4	2	0	6	-3755	81
3	4	2	1	5	-2650	27
3	4	2	2	4	-2440	27
3	4	2	3	3	-17590	81
3	4	2	4	2	-2440	27
3	4	2	5	1	-2650	27
3	4	2	6	0	-3755	81
3	4	3	0	5	412985	1458
3	4	3	1	4	-238715	1458
3	4	3	2	3	-165815	729
3	4	3	3	2	-165815	729
3	4	3	4	1	-238715	1458
3	4	3	5	0	412985	1458
3	4	4	0	4	-81595	2916
3	4	4	1	3	-358615	729
3	4	4	2	2	-173935	486
3	4	4	3	1	-358615	729
3	4	4	4	0	-81595	2916
3	4	5	0	3	-7960	81
3	4	5	1	2	-1210	27
3	4	5	2	1	-1210	27
3	4	5	3	0	-7960	81
3	4	6	0	2	30320	243
3	4	6	1	1	-26840	243
3	4	6	2	0	30320	243
3	4	7	0	1	-6370	243
3	4	7	1	0	-6370	243
3	4	8	0	0	-550	81
3	5	0	0	7	13435	144
3	5	0	1	6	-3875	144
3	5	0	2	5	-3875	48
3	5	0	3	4	-2095	144
3	5	0	4	3	-2095	144
3	5	0	5	2	-3875	48
3	5	0	6	1	-3875	144
3	5	0	7	0	13435	144
3	5	1	0	6	3520	81
3	5	1	1	5	-1060	27
3	5	1	2	4	-220	27
3	5	1	3	3	-43000	81
3	5	1	4	2	-220	27
3	5	1	5	1	-1060	27
3	5	1	6	0	3520	81
3	5	2	0	5	13585	486
3	5	2	1	4	-82735	486
3	5	2	2	3	-38995	243
3	5	2	3	2	-38995	243
3	5	2	4	1	-82735	486
3	5	2	5	0	13585	486
3	5	3	0	4	206755	729
3	5	3	1	3	-33200	729
3	5	3	2	2	-48190	243
3	5	3	3	1	-33200	729
3	5	3	4	0	206755	729
3	5	4	0	3	-7960	81
3	5	4	1	2	-1210	27
3	5	4	2	1	-1210	27
3	5	4	3	0	-7960	81
3	5	5	0	2	-2290	81
3	5	5	1	1	18100	81
3	5	5	2	0	-2290	81
3	5	6	0	1	21700	243
3	5	6	1	0	21700	243
3	5	7	0	0	-880	81
3	6	0	0	6	36590	243
3	6	0	1	5	-2960	81
3	6	0	2	4	-9020	81
3	6	0	3	3	27100	243
3	6	0	4	2	-9020	81
3	6	0	5	1	-2960	81
3	6	0	6	0	36590	243
3	6	1	0	5	164245	1458
3	6	1	1	4	-68155	1458
3	6	1	2	3	-75445	729
3	6	1	3	2	-75445	729
3	6	1	4	1	-68155	1458
3	6	1	5	0	164245	1458
3	6	2	0	4	184885	1458
3	6	2	1	3	-67630	729
3	6	2	2	2	-38675	243
3	6	2	3	1	-67630	729
3	6	2	4	0	184885	1458
3	6	3	0	3	105580	243
3	6	3	1	2	-16730	81
3	6	3	2	1	-16730	81
3	6	3	3	0	105580	243
3	6	4	0	2	30320	243
3	6	4	1	1	-26840	243
3	6	4	2	0	30320	243
3	6	5	0	1	21700	243
3	6	5	1	0	21700	243
3	6	6	0	0	26080	243
3	7	0	0	5	133855	1458
3	7	0	1	4	-30565	1458
3	7	0	2	3	-59725	729
3	7	0	3	2	-59725	729
3	7	0	4	1	-30565	1458
3	7	0	5	0	133855	1458
3	7	1	0	4	43075	729
3	7	1	1	3	-46400	729
3	7	1	2	2	-25630	243
3	7	1	3	1	-46400	729
3	7	1	4	0	43075	729
3	7	2	0	3	-770	81
3	7	2	1	2	-2390	27
3	7	2	2	1	-2390	27
3	7	2	3	0	-770	81
3	7	3	0	2	13160	243
3	7	3	1	1	-32000	243
3	7	3	2	0	13160	243
3	7	4	0	1	-6370	243
3	7	4	1	0	-6370	243
3	7	5	0	0	-880	81
3	8	0	0	4	378415	5832
3	8	0	1	3	-29825	1458
3	8	0	2	2	-29825	972
3	8	0	3	1	-29825	1458
3	8	0	4	0	378415	5832
3	8	1	0	3	3250	81
3	8	1	1	2	-800	27
3	8	1	2	1	-800	27
3	8	1	3	0	3250	81
3	8	2	0	2	25	81
3	8	2	1	1	50	81
3	8	2	2	0	25	81
3	8	3	0	1	2890	243
3	8	3	1	0	2890	243
3	8	4	0	0	-550	81
3	9	0	0	3	42130	729
3	9	0	1	2	-1610	243
3	9	0	2	1	-1610	243
3	9	0	3	0	42130	729
3	9	1	0	2	32450	729
3	9	1	1	1	-8000	729
3	9	1	2	0	32450	729
3	9	2	0	1	32050	729
3	9	2	1	0	32050	729
3	9	3	0	0	41540	729
3	10	0	0	2	-400	729
3	10	0	1	1	-800	729
3	10	0	2	0	-400	729
3	10	1	0	1	-880	729
3	10	1	1	0	-880	729
3	10	2	0	0	-220	243
3	11	0	0	1	-80	729
3	11	0	1	0	-80	729
3	11	1	0	0	-40	243
3	12	0	0	0	7280	729
4	0	0	0	11	-1905	1024
4	0	0	1	10	35365	1024
4	0	0	2	9	-104775	1024
4	0	0	3	8	-314325	1024
4	0	0	4	7	632875	512
4	0	0	5	6	-440055	512
4	0	0	6	5	-440055	512
4	0	0	7	4	632875	512
4	0	0	8	3	-314325	1024
4	0	0	9	2	-104775	1024
4	0	0	10	1	35365	1024
4	0	0	11	0	-1905	1024
4	0	3	0	8	-3985	576
4	0	3	1	7	7535	72
4	0	3	2	6	-27895	144
4	0	3	3	5	-27895	72
4	0	3	4	4	206125	288
4	0	3	5	3	-27895	72
4	0	3	6	2	-27895	144
4	0	3	7	1	7535	72
4	0	3	8	0	-3985	576
4	0	4	0	7	18505	1728
4	0	4	1	6	69055	1728
4	0	4	2	5	-43265	576
4	0	4	3	4	-181765	1728
4	0	4	4	3	-181765	1728
4	0	4	5	2	-43265	576
4	0	4	6	1	69055	1728
4	0	4	7	0	18505	1728
4	0	5	0	6	8215	216
4	0	5	1	5	295	36
4	0	5	2	4	-7165	72
4	0	5	3	3	-1045	54
4	0	5	4	2	-7165	72
4	0	5	5	1	295	36
4	0	5	6	0	8215	216
4	0	6	0	5	50585	1944
4	0	6	1	4	58525	1944
4	0	6	2	3	-106715	972
4	0	6	3	2	-106715	972
4	0	6	4	1	58525	1944
4	0	6	5	0	50585	1944
4	0	7	0	4	145585	2916
4	0	7	1	3	-14795	729
4	0	7	2	2	-215	486
4	0	7	3	1	-14795	729
4	0	7	4	0	145585	2916
4	0	8	0	3	47405	729
4	0	8	1	2	-3625	243
4	0	8	2	1	-3625	243
4	0	8	3	0	47405	729
4	0	9	0	2	-130	81
4	0	9	1	1	-260	81
4	0	9	2	0	-130	81
4	0	10	0	1	-200	729
4	0	10	1	0	-200	729
4	0	11	0	0	14560	729
4	1	2	0	8	3695	192
4	1	2	1	7	-3985	24
4	1	2	2	6	11945	48
4	1	2	3	5	14825	24
4	1	2	4	4	-139475	96
4	1	2	5	3	14825	24
4	1	2	6	2	11945	48
4	1	2	7	1	-3985	24
4	1	2	8	0	3695	192
4	1	3	0	7	-11735	432
4	1	3	1	6	-34625	432
4	1	3	2	5	-65	144
4	1	3	3	4	-325	432
4	1	3	4	3	-325	432
4	1	3	5	2	-65	144
4	1	3	6	1	-34625	432
4	1	3	7	0	-11735	432
4	1	4	0	6	2195	216
4	1	4	1	5	-3205	36
4	1	4	2	4	-13505	72
4	1	4	3	3	-4145	54
4	1	4	4	2	-13505	72
4	1	4	5	1	-3205	36
4	1	4	6	0	2195	216
4	1	5	0	5	27905	324
4	1	5	1	4	-45155	324
4	1	5	2	3	205	162
4	1	5	3	2	205	162
4	1	5	4	1	-45155	324
4	1	5	5	0	27905	324
4	1	6	0	4	-1505	2916
4	1	6	1	3	-30665	729
4	1	6	2	2	-101135	486
4	1	6	3	1	-30665	729
4	1	6	4	0	-1505	2916
4	1	7	0	3	43900	729
4	1	7	1	2	-7130	243
4	1	7	2	1	-7130	243
4	1	7	3	0	43900	729
4	1	8	0	2	770	9
4	1	8	1	1	-260	9
4	1	8	2	0	770	9
4	1	9	0	1	-2000	729
4	1	9	1	0	-2000	729
4	1	10	0	0	-220	729
4	2	1	0	8	3695	192
4	2	1	1	7	-3985	24
4	2	1	2	6	11945	48
4	2	1	3	5	14825	24
4	2	1	4	4	-139475	96
4	2	1	5	3	14825	24
4	2	1	6	2	11945	48
4	2	1	7	1	-3985	24
4	2	1	8	0	3695	192
4	2	2	0	7	28585	288
4	2	2	1	6	20095	288
4	2	2	2	5	-8225	96
4	2	2	3	4	8315	288
4	2	2	4	3	8315	288
4	2	2	5	2	-8225	96
4	2	2	6	1	20095	288
4	2	2	7	0	28585	288
4	2	3	0	6	12995	108
4	2	3	1	5	-505	18
4	2	3	2	4	-2705	36
4	2	3	3	3	445	27
4	2	3	4	2	-2705	36
4	2	3	5	1	-505	18
4	2	3	6	0	12995	108
4	2	4	0	5	165445	648
4	2	4	1	4	-219295	648
4	2	4	2	3	-21655	324
4	2	4	3	2	-21655	324
4	2	4	4	1	-219295	648
4	2	4	5	0	165445	648
4	2	5	0	4	392155	972
4	2	5	1	3	-37955	243
4	2	5	2	2	-29045	162
4	2	5	3	1	-37955	243
4	2	5	4	0	392155	972
4	2	6	0	3	95330	729
4	2	6	1	2	-52900	243
4	2	6	2	1	-52900	243
4	2	6	3	0	95330	729
4	2	7	0	2	785	9
4	2	7	1	1	-140	9
4	2	7	2	0	785	9
4	2	8	0	1	7100	81
4	2	8	1	0	7100	81
4	2	9	0	0	-1100	729
4	3	0	0	8	-3985	576
4	3	0	1	7	7535	72
4	3	0	2	6	-27895	144
4	3	0	3	5	-27895	72
4	3	0	4	4	206125	288
4	3	0	5	3	-27895	72
4	3	0	6	2	-27895	144
4	3	0	7	1	7535	72
4	3	0	8	0	-3985	576
4	3	1	0	7	-11735	432
4	3	1	1	6	-34625	432
4	3	1	2	5	-65	144
4	3	1	3	4	-325	432
4	3	1	4	3	-325	432
4	3	1	5	2	-65	144
4	3	1	6	1	-34625	432
4	3	1	7	0	-11735	432
4	3	2	0	6	12995	108
4	3	2	1	5	-505	18
4	3	2	2	4	-2705	36
4	3	2	3	3	445	27
4	3	2	4	2	-2705	36
4	3	2	5	1	-505	18
4	3	2	6	0	12995	108
4	3	3	0	5	-48395	486
4	3	3	1	4	253745	486
4	3	3	2	3	-161785	243
4	3	3	3	2	-161785	243
4	3	3	4	1	253745	486
4	3	3	5	0	-48395	486
4	3	4	0	4	-65845	2916
4	3	4	1	3	-102295	729
4	3	4	2	2	-87715	486
4	3	4	3	1	-102295	729
4	3	4	4	0	-65845	2916
4	3	5	0	3	212530	729
4	3	5	1	2	-42620	243
4	3	5	2	1	-42620	243
4	3	5	3	0	212530	729
4	3	6	0	2	-1075	27
4	3	6	1	1	-3230	27
4	3	6	2	0	-1075	27
4	3	7	0	1	4150	243
4	3	7	1	0	4150	243
4	3	8	0	0	15910	243
4	4	0	0	7	18505	1728
4	4	0	1	6	69055	1728
4	4	0	2	5	-43265	576
4	4	0	3	4	-181765	1728
4	4	0	4	3	-181765	1728
4	4	0	5	2	-43265	576
4	4	0	6	1	69055	1728
4	4	0	7	0	18505	1728
4	4	1	0	6	2195	216
4	4	1	1	5	-3205	36
4	4	1	2	4	-13505	72
4	4	1	3	3	-4145	54
4	4	1	4	2	-13505	72
4	4	1	5	1	-3205	36
4	4	1	6	0	2195	216
4	4	2	0	5	165445	648
4	4	2	1	4	-219295	648
4	4	2	2	3	-21655	324
4	4	2	3	2	-21655	324
4	4	2	4	1	-219295	648
4	4	2	5	0	165445	648
4	4	3	0	4	-65845	2916
4	4	3	1	3	-102295	729
4	4	3	2	2	-87715	486
4	4	3	3	1	-102295	729
4	4	3	4	0	-65845	2916
4	4	4	0	3	-13180	729
4	4	4	1	2	36635	243
4	4	4	2	1	36635	243
4	4	4	3	0	-13180	729
4	4	5	0	2	2365	9
4	4	5	1	1	230	9
4	4	5	2	0	2365	9
4	4	6	0	1	3010	243
4	4	6	1	0	3010	243
4	4	7	0	0	2660	243
4	5	0	0	6	8215	216
4	5	0	1	5	295	36
4	5	0	2	4	-7165	72
4	5	0	3	3	-1045	54
4	5	0	4	2	-7165	72
4	5	0	5	1	295	36
4	5	0	6	0	8215	216
4	5	1	0	5	27905	324
4	5	1	1	4	-45155	324
4	5	1	2	3	205	162
4	5	1	3	2	205	162
4	5	1	4	1	-45155	324
4	5	1	5	0	27905	324
4	5	2	0	4	392155	972
4	5	2	1	3	-37955	243
4	5	2	2	2	-29045	162
4	5	2	3	1	-37955	243
4	5	2	4	0	392155	972
4	5	3	0	3	212530	729
4	5	3	1	2	-42620	243
4	5	3	2	1	-42620	243
4	5	3	3	0	212530	729
4	5	4	0	2	2365	9
4	5	4	1	1	230	9
4	5	4	2	0	2365	9
4	5	5	0	1	12220	81
4	5	5	1	0	12220	81
4	5	6	0	0	6640	243
4	6	0	0	5	50585	1944
4	6	0	1	4	58525	1944
4	6	0	2	3	-106715	972
4	6	0	3	2	-106715	972
4	6	0	4	1	58525	1944
4	6	0	5	0	50585	1944
4	6	1	0	4	-1505	2916
4	6	1	1	3	-30665	729
4	6	1	2	2	-101135	486
4	6	1	3	1	-30665	729
4	6	1	4	0	-1505	2916
4	6	2	0	3	95330	729
4	6	2	1	2	-52900	243
4	6	2	2	1	-52900	243
4	6	2	3	0	95330	729
4	6	3	0	2	-1075	27
4	6	3	1	1	-3230	27
4	6	3	2	0	-1075	27
4	6	4	0	1	3010	243
4	6	4	1	0	3010	243
4	6	5	0	0	6640	243
4	7	0	0	4	145585	2916
4	7	0	1	3	-14795	729
4	7	0	2	2	-215	486
4	7	0	3	1	-14795	729
4	7	0	4	0	145585	2916
4	7	1	0	3	43900	729
4	7	1	1	2	-7130	243
4	7	1	2	1	-7130	243
4	7	1	3	0	43900	729
4	7	2	0	2	785	9
4	7	2	1	1	-140	9
4	7	2	2	0	785	9
4	7	3	0	1	4150	243
4	7	3	1	0	4150	243
4	7	4	0	0	2660	243
4	8	0	0	3	47405	729
4	8	0	1	2	-3625	243
4	8	0	2	1	-3625	243
4	8	0	3	0	47405	729
4	8	1	0	2	770	9
4	8	1	1	1	-260	9
4	8	1	2	0	770	9
4	8	2	0	1	7100	81
4	8	2	1	0	7100	81
4	8	3	0	0	15910	243
4	9	0	0	2	-130	81
4	9	0	1	1	-260	81
4	9	0	2	0	-130	81
4	9	1	0	1	-2000	729
4	9	1	1	0	-2000	729
4	9	2	0	0	-1100	729
4	10	0	0	1	-200	729
4	10	0	1	0	-200	729
4	10	1	0	0	-220	729
4	11	0	0	0	14560	729
5	0	0	0	10	-135	32
5	0	0	1	9	-675	16
5	0	0	2	8	10245	32
5	0	0	3	7	-2025	4
5	0	0	4	6	-14175	16
5	0	0	5	5	17895	8
5	0	0	6	4	-14175	16
5	0	0	7	3	-2025	4
5	0	0	8	2	10245	32
5	0	0	9	1	-675	16
5	0	0	10	0	-135	32
5	0	3	0	7	-1595	144
5	0	3	1	6	-11165	144
5	0	3	2	5	16675	48
5	0	3	3	4	-55825	144
5	0	3	4	3	-55825	144
5	0	3	5	2	16675	48
5	0	3	6	1	-11165	144
5	0	3	7	0	-1595	144
5	0	4	0	6	2915	108
5	0	4	1	5	-685	18
5	0	4	2	4	-2705	36
5	0	4	3	3	3505	27
5	0	4	4	2	-2705	36
5	0	4	5	1	-685	18
5	0	4	6	0	2915	108
5	0	5	0	5	695	108
5	0	5	1	4	1315	108
5	0	5	2	3	-4085	54
5	0	5	3	2	-4085	54
5	0	5	4	1	1315	108
5	0	5	5	0	695	108
5	0	6	0	4	6425	243
5	0	6	1	3	-8320	243
5	0	6	2	2	3130	81
5	0	6	3	1	-8320	243
5	0	6	4	0	6425	243
5	0	7	0	3	67190	729
5	0	7	1	2	-5710	243
5	0	7	2	1	-5710	243
5	0	7	3	0	67190	729
5	0	8	0	2	-710	243
5	0	8	1	1	-1420	243
5	0	8	2	0	-710	243
5	0	9	0	1	-160	243
5	0	9	1	0	-160	243
5	0	10	0	0	29120	729
5	1	2	0	7	1765	48
5	1	2	1	6	4195	48
5	1	2	2	5	-11165	16
5	1	2	3	4	29615	48
5	1	2	4	3	29615	48
5	1	2	5	2	-11165	16
5	1	2	6	1	4195	48
5	1	2	7	0	1765	48
5	1	3	0	6	2375	27
5	1	3	1	5	-650	9
5	1	3	2	4	-5	9
5	1	3	3	3	-4340	27
5	1	3	4	2	-5	9
5	1	3	5	1	-650	9
5	1	3	6	0	2375	27
5	1	4	0	5	16435	108
5	1	4	1	4	-7465	108
5	1	4	2	3	1175	54
5	1	4	3	2	1175	54
5	1	4	4	1	-7465	108
5	1	4	5	0	16435	108
5	1	5	0	4	7180	81
5	1	5	1	3	-2060	81
5	1	5	2	2	-7240	27
5	1	5	3	1	-2060	81
5	1	5	4	0	7180	81
5	1	6	0	3	83960	729
5	1	6	1	2	-5950	243
5	1	6	2	1	-5950	243
5	1	6	3	0	83960	729
5	1	7	0	2	40490	243
5	1	7	1	1	-11360	243
5	1	7	2	0	40490	243
5	1	8	0	1	-160	27
5	1	8	1	0	-160	27
5	1	9	0	0	-400	729
5	2	1	0	7	1765	48
5	2	1	1	6	4195	48
5	2	1	2	5	-11165	16
5	2	1	3	4	29615	48
5	2	1	4	3	29615	48
5	2	1	5	2	-11165	16
5	2	1	6	1	4195	48
5	2	1	7	0	1765	48
5	2	2	0	6	-685	18
5	2	2	1	5	-145	3
5	2	2	2	4	-515	6
5	2	2	3	3	2690	9
5	2	2	4	2	-515	6
5	2	2	5	1	-145	3
5	2	2	6	0	-685	18
5	2	3	0	5	-1385	54
5	2	3	1	4	635	54
5	2	3	2	3	-2065	27
5	2	3	3	2	-2065	27
5	2	3	4	1	635	54
5	2	3	5	0	-1385	54
5	2	4	0	4	21190	81
5	2	4	1	3	-5150	81
5	2	4	2	2	-4330	27
5	2	4	3	1	-5150	81
5	2	4	4	0	21190	81
5	2	5	0	3	8630	243
5	2	5	1	2	-17290	81
5	2	5	2	1	-17290	81
5	2	5	3	0	8630	243
5	2	6	0	2	8065	243
5	2	6	1	1	16130	243
5	2	6	2	0	8065	243
5	2	7	0	1	4490	27
5	2	7	1	0	4490	27
5	2	8	0	0	-200	81
5	3	0	0	7	-1595	144
5	3	0	1	6	-11165	144
5	3	0	2	5	16675	48
5	3	0	3	4	-55825	144
5	3	0	4	3	-55825	144
5	3	0	5	2	16675	48
5	3	0	6	1	-11165	144
5	3	0	7	0	-1595	144
5	3	1	0	6	2375	27
5	3	1	1	5	-650	9
5	3	1	2	4	-5	9
5	3	1	3	3	-4340	27
5	3	1	4	2	-5	9
5	3	1	5	1	-650	9
5	3	1	6	0	2375	27
5	3	2	0	5	-1385	54
5	3	2	1	4	635	54
5	3	2	2	3	-2065	27
5	3	2	3	2	-2065	27
5	3	2	4	1	635	54
5	3	2	5	0	-1385	54
5	3	3	0	4	-22160	243
5	3	3	1	3	-30320	243
5	3	3	2	2	52880	81
5	3	3	3	1	-30320	243
5	3	3	4	0	-22160	243
5	3	4	0	3	215680	729
5	3	4	1	2	18850	243
5	3	4	2	1	18850	243
5	3	4	3	0	215680	729
5	3	5	0	2	8840	243
5	3	5	1	1	-21200	243
5	3	5	2	0	8840	243
5	3	6	0	1	3620	81
5	3	6	1	0	3620	81
5	3	7	0	0	22700	243
5	4	0	0	6	2915	108
5	4	0	1	5	-685	18
5	4	0	2	4	-2705	36
5	4	0	3	3	3505	27
5	4	0	4	2	-2705	36
5	4	0	5	1	-685	18
5	4	0	6	0	2915	108
5	4	1	0	5	16435	108
5	4	1	1	4	-7465	108
5	4	1	2	3	1175	54
5	4	1	3	2	1175	54
5	4	1	4	1	-7465	108
5	4	1	5	0	16435	108
5	4	2	0	4	21190	81
5	4	2	1	3	-5150	81
5	4	2	2	2	-4330	27
5	4	2	3	1	-5150	81
5	4	2	4	0	21190	81
5	4	3	0	3	215680	729
5	4	3	1	2	18850	243
5	4	3	2	1	18850	243
5	4	3	3	0	215680	729
5	4	4	0	2	99745	243
5	4	4	1	1	12380	243
5	4	4	2	0	99745	243
5	4	5	0	1	2350	27
5	4	5	1	0	2350	27
5	4	6	0	0	9350	243
5	5	0	0	5	695	108
5	5	0	1	4	1315	108
5	5	0	2	3	-4085	54
5	5	0	3	2	-4085	54
5	5	0	4	1	1315	108
5	5	0	5	0	695	108
5	5	1	0	4	7180	81
5	5	1	1	3	-2060	81
5	5	1	2	2	-7240	27
5	5	1	3	1	-2060	81
5	5	1	4	0	7180	81
5	5	2	0	3	8630	243
5	5	2	1	2	-17290	81
5	5	2	2	1	-17290	81
5	5	2	3	0	8630	243
5	5	3	0	2	8840	243
5	5	3	1	1	-21200	243
5	5	3	2	0	8840	243
5	5	4	0	1	2350	27
5	5	4	1	0	2350	27
5	5	5	0	0	500	81
5	6	0	0	4	6425	243
5	6	0	1	3	-8320	243
5	6	0	2	2	3130	81
5	6	0	3	1	-8320	243
5	6	0	4	0	6425	243
5	6	1	0	3	83960	729
5	6	1	1	2	-5950	243
5	6	1	2	1	-5950	243
5	6	1	3	0	83960	729
5	6	2	0	2	8065	243
5	6	2	1	1	16130	243
5	6	2	2	0	8065	243
5	6	3	0	1	3620	81
5	6	3	1	0	3620	81
5	6	4	0	0	9350	243
5	7	0	0	3	67190	729
5	7	0	1	2	-5710	243
5	7	0	2	1	-5710	243
5	7	0	3	0	67190	729
5	7	1	0	2	40490	243
5	7	1	1	1	-11360	243
5	7	1	2	0	40490	243
5	7	2	0	1	4490	27
5	7	2	1	0	4490	27
5	7	3	0	0	22700	243
5	8	0	0	2	-710	243
5	8	0	1	1	-1420	243
5	8	0	2	0	-710	243
5	8	1	0	1	-160	27
5	8	1	1	0	-160	27
5	8	2	0	0	-200	81
5	9	0	0	1	-160	243
5	9	0	1	0	-160	243
5	9	1	0	0	-400	729
5	10	0	0	0	29120	729
6	0	0	0	9	4215	128
6	0	0	1	8	-8145	128
6	0	0	2	7	-8145	32
6	0	0	3	6	37635	32
6	0	0	4	5	-57015	64
6	0	0	5	4	-57015	64
6	0	0	6	3	37635	32
6	0	0	7	2	-8145	32
6	0	0	8	1	-8145	128
6	0	0	9	0	4215	128
6	0	3	0	6	7735	72
6	0	3	1	5	-905	12
6	0	3	2	4	-4525	24
6	0	3	3	3	8795	18
6	0	3	4	2	-4525	24
6	0	3	5	1	-905	12
6	0	3	6	0	7735	72
6	0	4	0	5	12235	432
6	0	4	1	4	20135	432
6	0	4	2	3	-18745	216
6	0	4	3	2	-18745	216
6	0	4	4	1	20135	432
6	0	4	5	0	12235	432
6	0	5	0	4	4255	108
6	0	5	1	3	-605	27
6	0	5	2	2	655	18
6	0	5	3	1	-605	27
6	0	5	4	0	4255	108
6	0	6	0	3	73655	486
6	0	6	1	2	-4105	162
6	0	6	2	1	-4105	162
6	0	6	3	0	73655	486
6	0	7	0	2	-2840	729
6	0	7	1	1	-5680	729
6	0	7	2	0	-2840	729
6	0	8	0	1	-785	729
6	0	8	1	0	-785	729
6	0	9	0	0	58220	729
6	1	2	0	6	-905	24
6	1	2	1	5	375	4
6	1	2	2	4	2115	8
6	1	2	3	3	-4525	6
6	1	2	4	2	2115	8
6	1	2	5	1	375	4
6	1	2	6	0	-905	24
6	1	3	0	5	10075	108
6	1	3	1	4	-5785	108
6	1	3	2	3	3935	54
6	1	3	3	2	3935	54
6	1	3	4	1	-5785	108
6	1	3	5	0	10075	108
6	1	4	0	4	1835	108
6	1	4	1	3	215	27
6	1	4	2	2	-1225	18
6	1	4	3	1	215	27
6	1	4	4	0	1835	108
6	1	5	0	3	3995	81
6	1	5	1	2	1565	27
6	1	5	2	1	1565	27
6	1	5	3	0	3995	81
6	1	6	0	2	162370	729
6	1	6	1	1	-39760	729
6	1	6	2	0	162370	729
6	1	7	0	1	-6280	729
6	1	7	1	0	-6280	729
6	1	8	0	0	-100	81
6	2	1	0	6	-905	24
6	2	1	1	5	375	4
6	2	1	2	4	2115	8
6	2	1	3	3	-4525	6
6	2	1	4	2	2115	8
6	2	1	5	1	375	4
6	2	1	6	0	-905	24
6	2	2	0	5	-2165	72
6	2	2	1	4	7895	72
6	2	2	2	3	-6865	36
6	2	2	3	2	-6865	36
6	2	2	4	1	7895	72
6	2	2	5	0	-2165	72
6	2	3	0	4	7235	54
6	2	3	1	3	-2000	27
6	2	3	2	2	305	9
6	2	3	3	1	-2000	27
6	2	3	4	0	7235	54
6	2	4	0	3	-5135	162
6	2	4	1	2	-5	54
6	2	4	2	1	-5	54
6	2	4	3	0	-5135	162
6	2	5	0	2	8065	243
6	2	5	1	1	57440	243
6	2	5	2	0	8065	243
6	2	6	0	1	160270	729
6	2	6	1	0	160270	729
6	2	7	0	0	-400	81
6	3	0	0	6	7735	72
6	3	0	1	5	-905	12
6	3	0	2	4	-4525	24
6	3	0	3	3	8795	18
6	3	0	4	2	-4525	24
6	3	0	5	1	-905	12
6	3	0	6	0	7735	72
6	3	1	0	5	10075	108
6	3	1	1	4	-5785	108
6	3	1	2	3	3935	54
6	3	1	3	2	3935	54
6	3	1	4	1	-5785	108
6	3	1	5	0	10075	108
6	3	2	0	4	7235	54
6	3	2	1	3	-2000	27
6	3	2	2	2	305	9
6	3	2	3	1	-2000	27
6	3	2	4	0	7235	54
6	3	3	0	3	109610	243
6	3	3	1	2	-17560	81
6	3	3	2	1	-17560	81
6	3	3	3	0	109610	243
6	3	4	0	2	97430	729
6	3	4	1	1	-104030	729
6	3	4	2	0	97430	729
6	3	5	0	1	79970	729
6	3	5	1	0	79970	729
6	3	6	0	0	36080	243
6	4	0	0	5	12235	432
6	4	0	1	4	20135	432
6	4	0	2	3	-18745	216
6	4	0	3	2	-18745	216
6	4	0	4	1	20135	432
6	4	0	5	0	12235	432
6	4	1	0	4	1835	108
6	4	1	1	3	215	27
6	4	1	2	2	-1225	18
6	4	1	3	1	215	27
6	4	1	4	0	1835	108
6	4	2	0	3	-5135	162
6	4	2	1	2	-5	54
6	4	2	2	1	-5	54
6	4	2	3	0	-5135	162
6	4	3	0	2	97430	729
6	4	3	1	1	-104030	729
6	4	3	2	0	97430	729
6	4	4	0	1	-3920	729
6	4	4	1	0	-3920	729
6	4	5	0	0	1840	81
6	5	0	0	4	4255	108
6	5	0	1	3	-605	27
6	5	0	2	2	655	18
6	5	0	3	1	-605	27
6	5	0	4	0	4255	108
6	5	1	0	3	3995	81
6	5	1	1	2	1565	27
6	5	1	2	1	1565	27
6	5	1	3	0	3995	81
6	5	2	0	2	8065	243
6	5	2	1	1	57440	243
6	5	2	2	0	8065	243
6	5	3	0	1	79970	729
6	5	3	1	0	79970	729
6	5	4	0	0	1840	81
6	6	0	0	3	73655	486
6	6	0	1	2	-4105	162
6	6	0	2	1	-4105	162
6	6	0	3	0	73655	486
6	6	1	0	2	162370	729
6	6	1	1	1	-39760	729
6	6	1	2	0	162370	729
6	6	2	0	1	160270	729
6	6	2	1	0	160270	729
6	6	3	0	0	36080	243
6	7	0	0	2	-2840	729
6	7	0	1	1	-5680	729
6	7	0	2	0	-2840	729
6	7	1	0	1	-6280	729
6	7	1	1	0	-6280	729
6	7	2	0	0	-400	81
6	8	0	0	1	-785	729
6	8	0	1	0	-785	729
6	8	1	0	0	-100	81
6	9	0	0	0	58220	729
7	0	0	0	8	-1125	128
7	0	0	1	7	2075	16
7	0	0	2	6	-7875	32
7	0	0	3	5	-7875	16
7	0	0	4	4	79025	64
7	0	0	5	3	-7875	16
7	0	0	6	2	-7875	32
7	0	0	7	1	2075	16
7	0	0	8	0	-1125	128
7	0	3	0	5	-365	36
7	0	3	1	4	3935	36
7	0	3	2	3	-1825	18
7	0	3	3	2	-1825	18
7	0	3	4	1	3935	36
7	0	3	5	0	-365	36
7	0	4	0	4	1235	108
7	0	4	1	3	-385	27
7	0	4	2	2	1595	18
7	0	4	3	1	-385	27
7	0	4	4	0	1235	108
7	0	5	0	3	2525	27
7	0	5	1	2	-175	9
7	0	5	2	1	-175	9
7	0	5	3	0	2525	27
7	0	6	0	2	-1060	243
7	0	6	1	1	-2120	243
7	0	6	2	0	-1060	243
7	0	7	0	1	-1000	729
7	0	7	1	0	-1000	729
7	0	8	0	0	76390	729
7	1	2	0	5	475	12
7	1	2	1	4	-1825	12
7	1	2	2	3	875	6
7	1	2	3	2	875	6
7	1	2	4	1	-1825	12
7	1	2	5	0	475	12
7	1	3	0	4	-655	27
7	1	3	1	3	1160	27
7	1	3	2	2	-770	9
7	1	3	3	1	1160	27
7	1	3	4	0	-655	27
7	1	4	0	3	475	27
7	1	4	1	2	385	9
7	1	4	2	1	385	9
7	1	4	3	0	475	27
7	1	5	0	2	13270	81
7	1	5	1	1	-4240	81
7	1	5	2	0	13270	81
7	1	6	0	1	-7000	729
7	1	6	1	0	-7000	729
7	1	7	0	0	-1240	729
7	2	1	0	5	475	12
7	2	1	1	4	-1825	12
7	2	1	2	3	875	6
7	2	1	3	2	875	6
7	2	1	4	1	-1825	12
7	2	1	5	0	475	12
7	2	2	0	4	1865	18
7	2	2	1	3	-1040	9
7	2	2	2	2	605	3
7	2	2	3	1	-1040	9
7	2	2	4	0	1865	18
7	2	3	0	3	1490	27
7	2	3	1	2	-490	9
7	2	3	2	1	-490	9
7	2	3	3	0	1490	27
7	2	4	0	2	6445	81
7	2	4	1	1	8030	81
7	2	4	2	0	6445	81
7	2	5	0	1	39170	243
7	2	5	1	0	39170	243
7	2	6	0	0	-4340	729
7	3	0	0	5	-365	36
7	3	0	1	4	3935	36
7	3	0	2	3	-1825	18
7	3	0	3	2	-1825	18
7	3	0	4	1	3935	36
7	3	0	5	0	-365	36
7	3	1	0	4	-655	27
7	3	1	1	3	1160	27
7	3	1	2	2	-770	9
7	3	1	3	1	1160	27
7	3	1	4	0	-655	27
7	3	2	0	3	1490	27
7	3	2	1	2	-490	9
7	3	2	2	1	-490	9
7	3	2	3	0	1490	27
7	3	3	0	2	-4190	243
7	3	3	1	1	-8380	243
7	3	3	2	0	-4190	243
7	3	4	0	1	37900	729
7	3	4	1	0	37900	729
7	3	5	0	0	64220	729
7	4	0	0	4	1235	108
7	4	0	1	3	-385	27
7	4	0	2	2	1595	18
7	4	0	3	1	-385	27
7	4	0	4	0	1235	108
7	4	1	0	3	475	27
7	4	1	1	2	385	9
7	4	1	2	1	385	9
7	4	1	3	0	475	27
7	4	2	0	2	6445	81
7	4	2	1	1	8030	81
7	4	2	2	0	6445	81
7	4	3	0	1	37900	729
7	4	3	1	0	37900	729
7	4	4	0	0	32890	729
7	5	0	0	3	2525	27
7	5	0	1	2	-175	9
7	5	0	2	1	-175	9
7	5	0	3	0	2525	27
7	5	1	0	2	13270	81
7	5	1	1	1	-4240	81
7	5	1	2	0	13270	81
7	5	2	0	1	39170	243
7	5	2	1	0	39170	243
7	5	3	0	0	64220	729
7	6	0	0	2	-1060	243
7	6	0	1	1	-2120	243
7	6	0	2	0	-1060	243
7	6	1	0	1	-7000	729
7	6	1	1	0	-7000	729
7	6	2	0	0	-4340	729
7	7	0	0	1	-1000	729
7	7	0	1	0	-1000	729
7	7	1	0	0	-1240	729
7	8	0	0	0	76390	729
8	0	0	0	7	-255	32
8	0	0	1	6	-1785	32
8	0	0	2	5	10965	32
8	0	0	3	4	-8925	32
8	0	0	4	3	-8925	32
8	0	0	5	2	10965	32
8	0	0	6	1	-1785	32
8	0	0	7	0	-255	32
8	0	3	0	4	-205	36
8	0	3	1	3	-205	9
8	0	3	2	2	635	6
8	0	3	3	1	-205	9
8	0	3	4	0	-205	36
8	0	4	0	3	7075	108
8	0	4	1	2	-485	36
8	0	4	2	1	-485	36
8	0	4	3	0	7075	108
8	0	5	0	2	-80	27
8	0	5	1	1	-160	27
8	0	5	2	0	-80	27
8	0	6	0	1	-320	243
8	0	6	1	0	-320	243
8	0	7	0	0	76300	729
8	1	2	0	4	275	12
8	1	2	1	3	65	3
8	1	2	2	2	-205	2
8	1	2	3	1	65	3
8	1	2	4	0	275	12
8	1	3	0	3	325	27
8	1	3	1	2	55	9
8	1	3	2	1	55	9
8	1	3	3	0	325	27
8	1	4	0	2	2300	27
8	1	4	1	1	-800	27
8	1	4	2	0	2300	27
8	1	5	0	1	-640	81
8	1	5	1	0	-640	81
8	1	6	0	0	-1715	729
8	2	1	0	4	275	12
8	2	1	1	3	65	3
8	2	1	2	2	-205	2
8	2	1	3	1	65	3
8	2	1	4	0	275	12
8	2	2	0	3	415	18
8	2	2	1	2	-335	6
8	2	2	2	1	-335	6
8	2	2	3	0	415	18
8	2	3	0	2	-125	27
8	2	3	1	1	1100	27
8	2	3	2	0	-125	27
8	2	4	0	1	6500	81
8	2	4	1	0	6500	81
8	2	5	0	0	-1715	243
8	3	0	0	4	-205	36
8	3	0	1	3	-205	9
8	3	0	2	2	635	6
8	3	0	3	1	-205	9
8	3	0	4	0	-205	36
8	3	1	0	3	325	27
8	3	1	1	2	55	9
8	3	1	2	1	55	9
8	3	1	3	0	325	27
8	3	2	0	2	-125	27
8	3	2	1	1	1100	27
8	3	2	2	0	-125	27
8	3	3	0	1	8180	243
8	3	3	1	0	8180	243
8	3	4	0	0	42455	729
8	4	0	0	3	7075	108
8	4	0	1	2	-485	36
8	4	0	2	1	-485	36
8	4	0	3	0	7075	108
8	4	1	0	2	2300	27
8	4	1	1	1	-800	27
8	4	1	2	0	2300	27
8	4	2	0	1	6500	81
8	4	2	1	0	6500	81
8	4	3	0	0	42455	729
8	5	0	0	2	-80	27
8	5	0	1	1	-160	27
8	5	0	2	0	-80	27
8	5	1	0	1	-640	81
8	5	1	1	0	-640	81
8	5	2	0	0	-1715	243
8	6	0	0	1	-320	243
8	6	0	1	0	-320	243
8	6	1	0	0	-1715	729
8	7	0	0	0	76300	729
9	0	0	0	6	1055	32
9	0	0	1	5	-675	16
9	0	0	2	4	-3375	32
9	0	0	3	3	1835	8
9	0	0	4	2	-3375	32
9	0	0	5	1	-675	16
9	0	0	6	0	1055	32
9	0	3	0	3	500	9
9	0	3	1	2	-40	3
9	0	3	2	1	-40	3
9	0	3	3	0	500	9
9	0	4	0	2	-145	54
9	0	4	1	1	-145	27
9	0	4	2	0	-145	54
9	0	5	0	1	-100	81
9	0	5	1	0	-100	81
9	0	6	0	0	19300	243
9	1	2	0	3	-40	3
9	1	2	1	2	10	1
9	1	2	2	1	10	1
9	1	2	3	0	-40	3
9	1	3	0	2	1060	27
9	1	3	1	1	-580	27
9	1	3	2	0	1060	27
9	1	4	0	1	-500	81
9	1	4	1	0	-500	81
9	1	5	0	0	-280	81
9	2	1	0	3	-40	3
9	2	1	1	2	10	1
9	2	1	2	1	10	1
9	2	1	3	0	-40	3
9	2	2	0	2	-145	9
9	2	2	1	1	520	9
9	2	2	2	0	-145	9
9	2	3	0	1	3050	81
9	2	3	1	0	3050	81
9	2	4	0	0	-700	81
9	3	0	0	3	500	9
9	3	0	1	2	-40	3
9	3	0	2	1	-40	3
9	3	0	3	0	500	9
9	3	1	0	2	1060	27
9	3	1	1	1	-580	27
9	3	1	2	0	1060	27
9	3	2	0	1	3050	81
9	3	2	1	0	3050	81
9	3	3	0	0	11780	243
9	4	0	0	2	-145	54
9	4	0	1	1	-145	27
9	4	0	2	0	-145	54
9	4	1	0	1	-500	81
9	4	1	1	0	-500	81
9	4	2	0	0	-700	81
9	5	0	0	1	-100	81
9	5	0	1	0	-100	81
9	5	1	0	0	-280	81
9	6	0	0	0	19300	243
10	0	0	0	5	-55	16
10	0	0	1	4	605	16
10	0	0	2	3	-275	8
10	0	0	3	2	-275	8
10	0	0	4	1	605	16
10	0	0	5	0	-55	16
10	0	3	0	2	-5	3
10	0	3	1	1	-10	3
10	0	3	2	0	-5	3
10	0	4	0	1	-5	9
10	0	4	1	0	-5	9
10	0	5	0	0	3200	81
10	1	2	0	2	10	1
10	1	2	1	1	-10	1
10	1	2	2	0	10	1
10	1	3	0	1	-20	9
10	1	3	1	0	-20	9
10	1	4	0	0	-200	81
10	2	1	0	2	10	1
10	2	1	1	1	-10	1
10	2	1	2	0	10	1
10	2	2	0	1	35	3
10	2	2	1	0	35	3
10	2	3	0	0	-400	81
10	3	0	0	2	-5	3
10	3	0	1	1	-10	3
10	3	0	2	0	-5	3
10	3	1	0	1	-20	9
10	3	1	1	0	-20	9
10	3	2	0	0	-400	81
10	4	0	0	1	-5	9
10	4	0	1	0	-5	9
10	4	1	0	0	-200	81
10	5	0	0	0	3200	81
11	0	0	0	4	-5	2
11	0	0	1	3	-10	1
11	0	0	2	2	25	1
11	0	0	3	1	-10	1
11	0	0	4	0	-5	2
11	0	4	0	0	520	27
11	1	3	0	0	-80	27
11	2	2	0	0	-40	9
11	3	1	0	0	-80	27
11	4	0	0	0	520	27
12	0	0	0	3	15	2
12	0	0	1	2	-15	2
12	0	0	2	1	-15	2
12	0	0	3	0	15	2
12	0	3	0	0	80	9
12	1	2	0	0	-10	3
12	2	1	0	0	-10	3
12	3	0	0	0	80	9
