direction	degree	e	t	c	coefficient
standard_axis	2	12	1	0	60
standard_axis	2	11	2	0	240
standard_axis	2	10	3	0	800
standard_axis	2	9	4	0	2580
standard_axis	2	8	5	0	5250
standard_axis	2	7	6	0	8280
standard_axis	2	6	7	0	11340
standard_axis	2	5	8	0	9720
standard_axis	2	4	9	0	8910
standard_axis	2	3	10	0	9720
standard_axis	2	9	3	1	400
standard_axis	2	8	4	1	2400
standard_axis	2	7	5	1	9240
standard_axis	2	6	6	1	22140
standard_axis	2	5	7	1	28080
standard_axis	2	4	8	1	22680
standard_axis	2	3	9	1	12960
standard_axis	2	9	2	2	600
standard_axis	2	8	3	2	3060
standard_axis	2	7	4	2	12360
standard_axis	2	6	5	2	30060
standard_axis	2	5	6	2	39420
standard_axis	2	4	7	2	32940
standard_axis	2	3	8	2	1620
standard_axis	2	2	9	2	-19440
standard_axis	2	1	10	2	-29160
standard_axis	2	9	1	3	720
standard_axis	2	8	2	3	1800
standard_axis	2	7	3	3	5400
standard_axis	2	6	4	3	18180
standard_axis	2	5	5	3	24960
standard_axis	2	4	6	3	10440
standard_axis	2	3	7	3	-36720
standard_axis	2	2	8	3	-48600
standard_axis	2	1	9	3	-35640
standard_axis	2	0	10	3	19440
standard_axis	2	8	1	4	360
standard_axis	2	7	2	4	1200
standard_axis	2	6	3	4	4500
standard_axis	2	5	4	4	5640
standard_axis	2	4	5	4	-21630
standard_axis	2	3	6	4	-75060
standard_axis	2	2	7	4	-86400
standard_axis	2	1	8	4	-46980
standard_axis	2	0	9	4	33210
standard_axis	2	7	1	5	360
standard_axis	2	6	2	5	1680
standard_axis	2	4	4	5	-27780
standard_axis	2	3	5	5	-69480
standard_axis	2	2	6	5	-81540
standard_axis	2	1	7	5	-57240
standard_axis	2	0	8	5	61560
standard_axis	2	6	1	6	900
standard_axis	2	5	2	6	-2340
standard_axis	2	4	3	6	-16800
standard_axis	2	3	4	6	-37980
standard_axis	2	2	5	6	-47220
standard_axis	2	1	6	6	-41400
standard_axis	2	0	7	6	108000
standard_axis	2	5	1	7	-1800
standard_axis	2	4	2	7	-5820
standard_axis	2	3	3	7	-7320
standard_axis	2	2	4	7	-16140
standard_axis	2	1	5	7	-22440
standard_axis	2	0	6	7	117720
standard_axis	2	4	1	8	-2340
standard_axis	2	3	2	8	-1020
standard_axis	2	2	3	8	-4680
standard_axis	2	1	4	8	-8880
standard_axis	2	0	5	8	91260
standard_axis	2	3	1	9	120
standard_axis	2	2	2	9	-1320
standard_axis	2	1	3	9	-2360
standard_axis	2	0	4	9	49620
standard_axis	2	2	1	10	-180
standard_axis	2	1	2	10	-240
standard_axis	2	0	3	10	17000
standard_axis	2	1	1	11	360
standard_axis	2	0	2	11	5220
standard_axis	2	0	1	12	1440
standard_generic	2	12	1	0	420
standard_generic	2	11	2	0	1680
standard_generic	2	10	3	0	5600
standard_generic	2	9	4	0	18060
standard_generic	2	8	5	0	36750
standard_generic	2	7	6	0	57960
standard_generic	2	6	7	0	79380
standard_generic	2	5	8	0	68040
standard_generic	2	4	9	0	62370
standard_generic	2	3	10	0	68040
standard_generic	2	9	3	1	2800
standard_generic	2	8	4	1	16800
standard_generic	2	7	5	1	64680
standard_generic	2	6	6	1	154980
standard_generic	2	5	7	1	196560
standard_generic	2	4	8	1	158760
standard_generic	2	3	9	1	90720
standard_generic	2	9	2	2	4200
standard_generic	2	8	3	2	21420
standard_generic	2	7	4	2	86520
standard_generic	2	6	5	2	210420
standard_generic	2	5	6	2	275940
standard_generic	2	4	7	2	230580
standard_generic	2	3	8	2	11340
standard_generic	2	2	9	2	-136080
standard_generic	2	1	10	2	-204120
standard_generic	2	9	1	3	5040
standard_generic	2	8	2	3	12600
standard_generic	2	7	3	3	37800
standard_generic	2	6	4	3	127260
standard_generic	2	5	5	3	174720
standard_generic	2	4	6	3	73080
standard_generic	2	3	7	3	-257040
standard_generic	2	2	8	3	-340200
standard_generic	2	1	9	3	-249480
standard_generic	2	0	10	3	136080
standard_generic	2	8	1	4	2520
standard_generic	2	7	2	4	8400
standard_generic	2	6	3	4	31500
standard_generic	2	5	4	4	39480
standard_generic	2	4	5	4	-151410
standard_generic	2	3	6	4	-525420
standard_generic	2	2	7	4	-604800
standard_generic	2	1	8	4	-328860
standard_generic	2	0	9	4	232470
standard_generic	2	7	1	5	2520
standard_generic	2	6	2	5	11760
standard_generic	2	4	4	5	-194460
standard_generic	2	3	5	5	-486360
standard_generic	2	2	6	5	-570780
standard_generic	2	1	7	5	-400680
standard_generic	2	0	8	5	430920
standard_generic	2	6	1	6	6300
standard_generic	2	5	2	6	-16380
standard_generic	2	4	3	6	-117600
standard_generic	2	3	4	6	-265860
standard_generic	2	2	5	6	-330540
standard_generic	2	1	6	6	-289800
standard_generic	2	0	7	6	756000
standard_generic	2	5	1	7	-12600
standard_generic	2	4	2	7	-40740
standard_generic	2	3	3	7	-51240
standard_generic	2	2	4	7	-112980
standard_generic	2	1	5	7	-157080
standard_generic	2	0	6	7	824040
standard_generic	2	4	1	8	-16380
standard_generic	2	3	2	8	-7140
standard_generic	2	2	3	8	-32760
standard_generic	2	1	4	8	-62160
standard_generic	2	0	5	8	638820
standard_generic	2	3	1	9	840
standard_generic	2	2	2	9	-9240
standard_generic	2	1	3	9	-16520
standard_generic	2	0	4	9	347340
standard_generic	2	2	1	10	-1260
standard_generic	2	1	2	10	-1680
standard_generic	2	0	3	10	119000
standard_generic	2	1	1	11	2520
standard_generic	2	0	2	11	36540
standard_generic	2	0	1	12	10080
standard_generic	3	12	0	0	180
standard_generic	3	11	1	0	1440
standard_generic	3	10	2	0	7200
standard_generic	3	9	3	0	21240
standard_generic	3	8	4	0	40950
standard_generic	3	7	5	0	47520
standard_generic	3	6	6	0	30780
standard_generic	3	5	7	0	9720
standard_generic	3	4	8	0	7290
standard_generic	3	10	1	1	-1080
standard_generic	3	9	2	1	-12600
standard_generic	3	8	3	1	-42840
standard_generic	3	7	4	1	-96480
standard_generic	3	6	5	1	-118800
standard_generic	3	5	6	1	-87480
standard_generic	3	4	7	1	-19440
standard_generic	3	3	8	1	-29160
standard_generic	3	10	0	2	-540
standard_generic	3	9	1	2	-5040
standard_generic	3	8	2	2	-7020
standard_generic	3	7	3	2	360
standard_generic	3	6	4	2	60120
standard_generic	3	5	5	2	64800
standard_generic	3	4	6	2	77760
standard_generic	3	3	7	2	-19440
standard_generic	3	2	8	2	43740
standard_generic	3	9	0	3	360
standard_generic	3	8	1	3	7200
standard_generic	3	7	2	3	23760
standard_generic	3	6	3	3	51120
standard_generic	3	5	4	3	-25200
standard_generic	3	4	5	3	28080
standard_generic	3	3	6	3	-51840
standard_generic	3	2	7	3	77760
standard_generic	3	1	8	3	-29160
standard_generic	3	8	0	4	720
standard_generic	3	7	1	4	-2520
standard_generic	3	6	2	4	-13500
standard_generic	3	5	3	4	-47160
standard_generic	3	4	4	4	47970
standard_generic	3	3	5	4	-47520
standard_generic	3	2	6	4	102060
standard_generic	3	1	7	4	-68040
standard_generic	3	0	8	4	7290
standard_generic	3	7	0	5	-3600
standard_generic	3	6	1	5	-1440
standard_generic	3	5	2	5	10800
standard_generic	3	4	3	5	12240
standard_generic	3	3	4	5	-58680
standard_generic	3	2	5	5	110160
standard_generic	3	1	6	5	-106920
standard_generic	3	0	7	5	19440
standard_generic	3	6	0	6	6120
standard_generic	3	5	1	6	7200
standard_generic	3	4	2	6	-28620
standard_generic	3	3	3	6	2520
standard_generic	3	2	4	6	117900
standard_generic	3	1	5	6	-133920
standard_generic	3	0	6	6	35640
standard_generic	3	5	0	7	-4680
standard_generic	3	4	1	7	-14400
standard_generic	3	3	2	7	32400
standard_generic	3	2	3	7	51120
standard_generic	3	1	4	7	-138600
standard_generic	3	0	5	7	49680
standard_generic	3	4	0	8	720
standard_generic	3	3	1	8	14760
standard_generic	3	2	2	8	-3780
standard_generic	3	1	3	8	-80640
standard_generic	3	0	4	8	52020
standard_generic	3	3	0	9	2160
standard_generic	3	2	1	9	-6120
standard_generic	3	1	2	9	-16920
standard_generic	3	0	3	9	32040
standard_generic	3	2	0	10	-900
standard_generic	3	1	1	10	-1440
standard_generic	3	0	2	10	8280
standard_generic	3	1	0	11	-1440
standard_generic	3	0	1	11	1440
standard_generic	3	0	0	12	900
sign	2	10	3	0	180
sign	2	9	4	0	330
sign	2	8	5	0	720
sign	2	7	6	0	2280
sign	2	6	7	0	2880
sign	2	5	8	0	2700
sign	2	4	9	0	3240
sign	2	12	0	1	60
sign	2	9	3	1	480
sign	2	8	4	1	1410
sign	2	7	5	1	3240
sign	2	6	6	1	7620
sign	2	5	7	1	10800
sign	2	4	8	1	10800
sign	2	3	9	1	6480
sign	2	11	0	2	-80
sign	2	8	3	2	1080
sign	2	7	4	2	3120
sign	2	6	5	2	9000
sign	2	5	6	2	16560
sign	2	4	7	2	9720
sign	2	3	8	2	2700
sign	2	2	9	2	-9720
sign	2	10	0	3	220
sign	2	7	3	3	2640
sign	2	6	4	3	6540
sign	2	5	5	3	13680
sign	2	4	6	3	6600
sign	2	3	7	3	-10080
sign	2	2	8	3	-27000
sign	2	1	9	3	-12960
sign	2	9	0	4	90
sign	2	6	3	4	2760
sign	2	5	4	4	6900
sign	2	4	5	4	-7560
sign	2	3	6	4	-35400
sign	2	2	7	4	-33480
sign	2	1	8	4	-10800
sign	2	0	9	4	12960
sign	2	8	0	5	1020
sign	2	5	3	5	360
sign	2	4	4	5	-15150
sign	2	3	5	5	-32040
sign	2	2	6	5	-27900
sign	2	1	7	5	-12960
sign	2	0	8	5	21600
sign	2	7	0	6	-1800
sign	2	4	3	6	-8160
sign	2	3	4	6	-14880
sign	2	2	5	6	-14400
sign	2	1	6	6	-8880
sign	2	0	7	6	33120
sign	2	6	0	7	2880
sign	2	3	3	7	-7680
sign	2	2	4	7	-2640
sign	2	1	5	7	4320
sign	2	0	6	7	39120
sign	2	5	0	8	-3240
sign	2	2	3	8	3420
sign	2	1	4	8	690
sign	2	0	5	8	23040
sign	2	4	0	9	150
sign	2	1	3	9	-2760
sign	2	0	4	9	13680
sign	2	3	0	10	-420
sign	2	0	3	10	7680
sign	2	2	0	11	680
sign	2	1	0	12	-190
sign	2	0	0	13	630
