original_clause	status	remaining_clauses	seconds
0	RETAIN_SAT	302	0.007084
1	RETAIN_SAT	302	0.008006
2	RETAIN_SAT	302	0.005888
3	RETAIN_SAT	302	0.005193
4	RETAIN_SAT	302	0.005487
5	RETAIN_SAT	302	0.005490
6	RETAIN_SAT	302	0.005490
7	RETAIN_SAT	302	0.005197
8	RETAIN_SAT	302	0.005164
9	RETAIN_SAT	302	0.005449
10	RETAIN_SAT	302	0.005277
11	RETAIN_SAT	302	0.005115
12	RETAIN_SAT	302	0.005054
13	RETAIN_SAT	302	0.005060
14	RETAIN_SAT	302	0.005670
15	RETAIN_SAT	302	0.005563
16	RETAIN_SAT	302	0.005620
17	RETAIN_SAT	302	0.005489
18	RETAIN_SAT	302	0.005762
19	RETAIN_SAT	302	0.005664
20	RETAIN_SAT	302	0.005214
21	RETAIN_SAT	302	0.005000
22	RETAIN_SAT	302	0.005424
23	RETAIN_SAT	302	0.005131
24	RETAIN_SAT	302	0.005140
25	RETAIN_SAT	302	0.005112
26	RETAIN_SAT	302	0.005227
27	RETAIN_SAT	302	0.005118
28	RETAIN_SAT	302	0.005136
29	RETAIN_SAT	302	0.005183
30	RETAIN_SAT	302	0.005020
31	RETAIN_SAT	302	0.005210
32	RETAIN_SAT	302	0.005134
33	RETAIN_SAT	302	0.005094
34	RETAIN_SAT	302	0.005237
35	RETAIN_SAT	302	0.005201
36	RETAIN_SAT	302	0.005274
37	RETAIN_SAT	302	0.005172
38	RETAIN_SAT	302	0.005270
39	RETAIN_SAT	302	0.005379
40	RETAIN_SAT	302	0.005115
41	RETAIN_SAT	302	0.005118
42	RETAIN_SAT	302	0.005197
43	RETAIN_SAT	302	0.005435
44	RETAIN_SAT	302	0.005216
45	RETAIN_SAT	302	0.005215
46	RETAIN_SAT	302	0.005361
47	RETAIN_SAT	302	0.005446
48	RETAIN_SAT	302	0.005606
49	RETAIN_SAT	302	0.005273
50	RETAIN_SAT	302	0.005350
51	RETAIN_SAT	302	0.005536
52	RETAIN_SAT	302	0.005403
53	RETAIN_SAT	302	0.005199
54	RETAIN_SAT	302	0.005657
55	RETAIN_SAT	302	0.005237
56	RETAIN_SAT	302	0.005714
57	RETAIN_SAT	302	0.005160
58	RETAIN_SAT	302	0.005443
59	RETAIN_SAT	302	0.005098
60	RETAIN_SAT	302	0.005065
61	RETAIN_SAT	302	0.005015
62	RETAIN_SAT	302	0.005445
63	RETAIN_SAT	302	0.005168
64	RETAIN_SAT	302	0.005182
65	RETAIN_SAT	302	0.005336
66	RETAIN_SAT	302	0.005360
67	RETAIN_SAT	302	0.005233
68	RETAIN_SAT	302	0.005428
69	RETAIN_SAT	302	0.005400
70	RETAIN_SAT	302	0.005323
71	RETAIN_SAT	302	0.005461
72	RETAIN_SAT	302	0.005317
73	RETAIN_SAT	302	0.005258
74	RETAIN_SAT	302	0.005171
75	RETAIN_SAT	302	0.005232
76	RETAIN_SAT	302	0.005235
77	RETAIN_SAT	302	0.005234
78	RETAIN_SAT	302	0.005329
79	RETAIN_SAT	302	0.005277
80	RETAIN_SAT	302	0.005220
81	RETAIN_SAT	302	0.005252
82	RETAIN_SAT	302	0.005468
83	RETAIN_SAT	302	0.005289
84	RETAIN_SAT	302	0.005543
85	RETAIN_SAT	302	0.005515
86	RETAIN_SAT	302	0.005180
87	RETAIN_SAT	302	0.005387
88	RETAIN_SAT	302	0.005266
89	RETAIN_SAT	302	0.005266
90	RETAIN_SAT	302	0.005295
91	RETAIN_SAT	302	0.005164
92	RETAIN_SAT	302	0.005202
93	RETAIN_SAT	302	0.005110
94	RETAIN_SAT	302	0.005182
95	RETAIN_SAT	302	0.005173
96	RETAIN_SAT	302	0.005334
97	RETAIN_SAT	302	0.005169
98	RETAIN_SAT	302	0.005072
99	RETAIN_SAT	302	0.005084
100	RETAIN_SAT	302	0.005304
101	RETAIN_SAT	302	0.005590
102	RETAIN_SAT	302	0.005394
103	RETAIN_SAT	302	0.005519
104	RETAIN_SAT	302	0.005229
105	RETAIN_SAT	302	0.005068
106	RETAIN_SAT	302	0.005036
107	RETAIN_SAT	302	0.005275
108	RETAIN_SAT	302	0.005034
109	RETAIN_SAT	302	0.005079
110	RETAIN_SAT	302	0.005045
111	RETAIN_SAT	302	0.005079
112	RETAIN_SAT	302	0.005214
113	RETAIN_SAT	302	0.005410
114	RETAIN_SAT	302	0.005191
115	RETAIN_SAT	302	0.005259
116	RETAIN_SAT	302	0.005124
117	RETAIN_SAT	302	0.005270
118	RETAIN_SAT	302	0.005272
119	RETAIN_SAT	302	0.005262
120	RETAIN_SAT	302	0.005397
121	RETAIN_SAT	302	0.005304
122	RETAIN_SAT	302	0.005465
123	RETAIN_SAT	302	0.005076
124	RETAIN_SAT	302	0.005048
125	RETAIN_SAT	302	0.005548
126	RETAIN_SAT	302	0.005527
127	RETAIN_SAT	302	0.005460
128	RETAIN_SAT	302	0.005358
129	RETAIN_SAT	302	0.005217
130	RETAIN_SAT	302	0.005516
131	RETAIN_SAT	302	0.005468
132	RETAIN_SAT	302	0.005291
133	RETAIN_SAT	302	0.005084
134	RETAIN_SAT	302	0.005107
135	RETAIN_SAT	302	0.005236
136	RETAIN_SAT	302	0.005391
137	RETAIN_SAT	302	0.005358
138	RETAIN_SAT	302	0.005550
139	RETAIN_SAT	302	0.005430
140	RETAIN_SAT	302	0.005226
141	RETAIN_SAT	302	0.005434
142	RETAIN_SAT	302	0.005471
143	RETAIN_SAT	302	0.005487
144	RETAIN_SAT	302	0.005648
145	RETAIN_SAT	302	0.005368
146	RETAIN_SAT	302	0.005440
147	RETAIN_SAT	302	0.005547
148	RETAIN_SAT	302	0.005658
149	RETAIN_SAT	302	0.005765
150	RETAIN_SAT	302	0.005994
151	RETAIN_SAT	302	0.005367
152	RETAIN_SAT	302	0.006108
153	RETAIN_SAT	302	0.005317
154	RETAIN_SAT	302	0.005214
155	RETAIN_SAT	302	0.005165
156	RETAIN_SAT	302	0.005149
157	RETAIN_SAT	302	0.006174
158	RETAIN_SAT	302	0.005349
159	RETAIN_SAT	302	0.006210
160	RETAIN_SAT	302	0.006036
161	RETAIN_SAT	302	0.005377
162	RETAIN_SAT	302	0.005077
163	RETAIN_SAT	302	0.005048
164	RETAIN_SAT	302	0.005101
165	RETAIN_SAT	302	0.004974
166	RETAIN_SAT	302	0.005018
167	RETAIN_SAT	302	0.005025
168	RETAIN_SAT	302	0.005009
169	RETAIN_SAT	302	0.005000
170	RETAIN_SAT	302	0.004999
171	RETAIN_SAT	302	0.004985
172	RETAIN_SAT	302	0.004973
173	RETAIN_SAT	302	0.004946
174	RETAIN_SAT	302	0.005069
175	RETAIN_SAT	302	0.005174
176	RETAIN_SAT	302	0.005448
177	RETAIN_SAT	302	0.005182
178	RETAIN_SAT	302	0.005169
179	RETAIN_SAT	302	0.005177
180	RETAIN_SAT	302	0.005186
181	RETAIN_SAT	302	0.005161
182	RETAIN_SAT	302	0.004130
183	RETAIN_SAT	302	0.005075
184	RETAIN_SAT	302	0.005220
185	RETAIN_SAT	302	0.005201
186	RETAIN_SAT	302	0.005168
187	RETAIN_SAT	302	0.005298
188	RETAIN_SAT	302	0.005714
189	RETAIN_SAT	302	0.005205
190	RETAIN_SAT	302	0.004097
191	RETAIN_SAT	302	0.005081
192	RETAIN_SAT	302	0.005257
193	RETAIN_SAT	302	0.005115
194	RETAIN_SAT	302	0.005065
195	RETAIN_SAT	302	0.005064
196	RETAIN_SAT	302	0.005176
197	RETAIN_SAT	302	0.005162
198	RETAIN_SAT	302	0.005063
199	RETAIN_SAT	302	0.004984
200	RETAIN_SAT	302	0.005165
201	RETAIN_SAT	302	0.005168
202	RETAIN_SAT	302	0.005121
203	RETAIN_SAT	302	0.005276
204	RETAIN_SAT	302	0.005275
205	RETAIN_SAT	302	0.005188
206	RETAIN_SAT	302	0.005028
207	RETAIN_SAT	302	0.005183
208	RETAIN_SAT	302	0.005007
209	RETAIN_SAT	302	0.004981
210	RETAIN_SAT	302	0.004880
211	RETAIN_SAT	302	0.004954
212	RETAIN_SAT	302	0.004929
213	RETAIN_SAT	302	0.004974
214	RETAIN_SAT	302	0.004912
215	RETAIN_SAT	302	0.005152
216	RETAIN_SAT	302	0.005243
217	RETAIN_SAT	302	0.005092
218	RETAIN_SAT	302	0.005095
219	RETAIN_SAT	302	0.004898
220	RETAIN_SAT	302	0.005093
221	RETAIN_SAT	302	0.005159
222	DELETE_CERTIFIED	301	0.082056
223	RETAIN_SAT	301	0.005758
224	RETAIN_SAT	301	0.005218
225	RETAIN_SAT	301	0.005110
226	RETAIN_SAT	301	0.005043
227	RETAIN_SAT	301	0.004045
228	RETAIN_SAT	301	0.005184
229	RETAIN_SAT	301	0.005127
230	RETAIN_SAT	301	0.005111
231	RETAIN_SAT	301	0.004913
232	RETAIN_SAT	301	0.004902
233	RETAIN_SAT	301	0.004282
234	RETAIN_SAT	301	0.003939
235	RETAIN_SAT	301	0.003913
236	RETAIN_SAT	301	0.005265
237	RETAIN_SAT	301	0.004938
238	RETAIN_SAT	301	0.004883
239	RETAIN_SAT	301	0.004925
240	RETAIN_SAT	301	0.004997
241	RETAIN_SAT	301	0.005035
242	RETAIN_SAT	301	0.004900
243	RETAIN_SAT	301	0.005022
244	RETAIN_SAT	301	0.005038
245	RETAIN_SAT	301	0.005119
246	RETAIN_SAT	301	0.005091
247	RETAIN_SAT	301	0.005143
248	RETAIN_SAT	301	0.005207
249	RETAIN_SAT	301	0.005132
250	RETAIN_SAT	301	0.004958
251	DELETE_CERTIFIED	300	0.080510
252	RETAIN_SAT	300	0.005898
253	RETAIN_SAT	300	0.005336
254	RETAIN_SAT	300	0.005063
255	RETAIN_SAT	300	0.005337
256	RETAIN_SAT	300	0.005275
257	RETAIN_SAT	300	0.005184
258	RETAIN_SAT	300	0.005347
259	RETAIN_SAT	300	0.005070
260	RETAIN_SAT	300	0.005425
261	RETAIN_SAT	300	0.005217
262	RETAIN_SAT	300	0.005447
263	RETAIN_SAT	300	0.005843
264	RETAIN_SAT	300	0.005310
265	RETAIN_SAT	300	0.005412
266	DELETE_CERTIFIED	299	0.084053
267	RETAIN_SAT	299	0.005887
268	RETAIN_SAT	299	0.005157
269	RETAIN_SAT	299	0.005139
270	RETAIN_SAT	299	0.005262
271	RETAIN_SAT	299	0.005257
272	RETAIN_SAT	299	0.005308
273	RETAIN_SAT	299	0.005231
274	RETAIN_SAT	299	0.005273
275	RETAIN_SAT	299	0.005144
276	RETAIN_SAT	299	0.005143
277	RETAIN_SAT	299	0.005246
278	RETAIN_SAT	299	0.005646
279	RETAIN_SAT	299	0.005208
280	RETAIN_SAT	299	0.005122
281	DELETE_CERTIFIED	298	0.080212
282	RETAIN_SAT	298	0.005980
283	RETAIN_SAT	298	0.005213
284	RETAIN_SAT	298	0.005164
285	RETAIN_SAT	298	0.005172
286	RETAIN_SAT	298	0.005149
287	RETAIN_SAT	298	0.005102
288	RETAIN_SAT	298	0.005109
289	RETAIN_SAT	298	0.005097
290	RETAIN_SAT	298	0.005270
291	RETAIN_SAT	298	0.005073
292	RETAIN_SAT	298	0.005058
293	RETAIN_SAT	298	0.005112
294	RETAIN_SAT	298	0.005324
295	RETAIN_SAT	298	0.005235
296	RETAIN_SAT	298	0.005140
297	DELETE_CERTIFIED	297	0.080775
298	DELETE_CERTIFIED	296	0.083374
299	DELETE_CERTIFIED	295	0.089536
300	DELETE_CERTIFIED	294	0.085483
301	DELETE_CERTIFIED	293	0.093628
