source	row	p_num	q_num	w01_num	w10_num	w11_num	denominator	sign	cleared_deficit
candidates-650651.tsv	0	3368	999992371	999841153	999999983	999999991	1000000000	1	18969709731206929206278845425522682847394904155913233220039163658373289417570239753068413884381126920651459838927690467619538510381447504747850119300091872741177041401346318524285004151891517319983615204671031509443812040642947509469365368149450204597153683129038090070504486994666493039901101117059248067301948138224676743176901495328343566835712448940914967863231512576000000000000000
candidates-650651.tsv	1	3304	999985024	999720308	999999988	999999974	1000000000	1	53056887589304324525299277229168921205927493834715855126255305644453311950446195830663193390849005835115012881118906380657889120906589405868897365263531483480557503507168578690327807154905545708522512544814666271022135162361756350108538130613298039679990423209892274978420672727480226950964387907012870993188524913571288910819927163662995348837886509477665991234592161378097324378554368
candidates-650651.tsv	2	7607	999967949	999977020	999999984	999999995	1000000000	1	82917645016233000033945923265278087972374271806158747099345922289986318922431799009644446102175075173722343031129363579761871853880310669734184382999645368737398783481381567578364323986309174367908011691010110304516159584995857770751241555394786370052338491496967752123751232942266152144842236007104729530057891628909476687931467402138784611524091852062894204488388744493845193812748243
candidates-650651.tsv	3	10458	999989812	998715665	999999975	999999986	1000000000	1	23174102133944203695901811642088505011175154752305330533501968262384706187443898038197464981709402744920905579928712462416912682169051428030484723652917104001973870771540498290641882569181106514982099131874574400608645299592611853764458235719724510868127323506072551614192270908385233243072774898621406391016104416920640652654515947273132505419754114872527642717437270256942728844673024
candidates-650651.tsv	4	2368	999981265	999873820	999999972	999999985	1000000000	1	68677472691356795487780602497526037193944194168062627990339006184903634720141492856718831644767559163201043529572573446843532074967991052444908084396045199425699721006061010426384329941977640133321942792400798972325344709632772932823371992560422089982395500271018552308816556410526039212449081443307428633952593063458491225861290018632258604482064030871079400378910900224000000000000000
candidates-650651.tsv	5	11159	999996268	998615993	999999984	999999996	1000000000	1	20313822079893572777060508871281353879943626100832447124032621645224252721248030678640198429370551490455641782628133969985661865218067075602495812963249305287350493174226463038073939103861964884682476262610180695283569660510308559135548441939203441419185352118152999365353383645026359935472733442531086108338044384084843128168317278159634624725543299149615853196288877785342145848147968
candidates-650651.tsv	6	2357	999987623	998341019	999999973	999999976	1000000000	1	1632319036008371373987247900667189330747339011043261875767907083601746428727355725468989270272571103034483877556064292521534803821518748508487597110362287236888447139610657045610860039535154673638542709392033411029240612725594103149393496809295719085583470864926694261386556334672868277530361699291134326619091257127876298238467752771094039872463687667467354522327144448582733713637376
candidates-650651.tsv	7	11762	999959782	999756752	999999987	999999979	1000000000	1	72985798541690916960384708391580221580949086319353604531768589265530779243276994532148138399394790155165178287219561658803618881274160314686112021237781839415293419067223428069611624813238935870862877060588490320356734859892715615410123053273274881218403277076916213966887454850266285504212895769827278409536311848576475192086284507396740846155799856276872089594729857024000000000000000
candidates-650651.tsv	8	12352	999996064	998511734	999999991	999999982	1000000000	1	46098894588020931722641660086802779293751814085349920692461197795441641996490207667376021065384689436469591239601065935259204717016292329722500659111965207815861320771568427554522785570834153235105538354874508000451872286932715192485739154681390744636325206731052058988001432335566977126310573152214041548103249005079690919226073180249122518068182900160568905747438116997208780857933824
candidates-650651.tsv	9	5683	999999018	998713921	999999987	999999964	1000000000	1	25274405450890464818771732176087481475542184887058799883977947318631553723971108787376763632383370728172375786665797739508203292898415773142123224159125199697078617948813842588626769671579250080936743006024476737273981784732640225762983210894671284699404272577326761450870390018592079056572275834378926058752668545465808044279004708208225990631172139528310335734111777835884940441419776
candidates-650651.tsv	10	28391	999978359	998983155	999999987	999999987	1000000000	1	305075645243179933494557245479870473846507720087492508450207770350021153897920017622886103702260800312666801235768275991393986392279978493373410575603618722074126656278174578373373148527976763255947300213128767744354348441182347517365269075608025039613418554058540053481869762392877952971857203541149116596973957401598206490394856525593472905091270094350537858963332703867633026123046875
candidates-650651.tsv	11	2842	999985519	997900394	999999986	999999987	1000000000	1	16830926662921000159711123133099332847369191630815371168500458738527427701967835819566565979888544372426287851871947911041742954824670990650022362887483748315705042841172619131094386387987508849989537972723082631660156785940696693701809325768525676232460092344120304507213299864483518841950028471076565355860732551431458713407959812552226730579204897573045338304603081553903960176820224
candidates-650651.tsv	12	42474	999981718	999891317	999999996	999999995	1000000000	1	11231158765118307211536408687326234172035030390879377246610921377053401756805732235428730228271831359168008510887805757440131045350185824436011697448768528827021795124601934507852171986060085375060995321691560921649672872587009560407299609857150935313393726683933223885650048052244294461551952783739166763318158998353936564018809256344465640712601318303770747365300796017276834992357376
candidates-650651.tsv	13	7298	999998741	999173389	999999982	999999998	1000000000	1	33361360474428325072782773785079164364234350170599403235542332113183864325151231709111622949043888410282380874258489253150533691259512791107387648867206858530884377650963990799268667464241976134164643723157058251225002511661800954393287266373950956549687605161879344868158774261666721386640995807896363786312717708811718101814598743599183369547775444551014657494518469089554594011316224
candidates-650651.tsv	14	4786	999964319	998302067	999999983	999999994	1000000000	1	140790763031909472110815903901042327053441654080899132412144943499907555522362603115524555721181595564617430926581819845831774423502400397282479595531254306869726562078984328782901725401514005023024192729727630314840802041532728127607127780676923353084958309043200101759732744113202428982949446620492877447271559027009879261151491359203590774973369890915680899428234044725207074103885824
candidates-650651.tsv	15	7089	999966599	999856465	999999996	999999986	1000000000	1	60880274870514911760953645856645361167605856594245074858946657258294747491680398217882074792391332961801345630141306168842524399146791770414729737484777050193607753774568284638103845826536465387857102769346549035162076487105727740976622091014983027323638090699938416625066036753886833092612905114643694479519098197788235514316896267319471628222980585889131851522949524223804473876953125
candidates-650651.tsv	16	13468	999987742	999785065	999999992	999999991	1000000000	1	8604519923175563383140296885489609997228821344042387034633337840166468223705100333216485238415620638645308912949272188314169406290893431291387609124179104919342400184426038886696306053510224302333781906528567583180988696454528250686674985208576320659872130112066145044560121534943904281180717016773285804159964780903822380264600876207830199707374648434713703921702486998730727726514176
candidates-650651.tsv	17	2334	999974739	999040380	999999997	999999999	1000000000	1	15817574806658053195652915235637098102399269816906386304425202214537432271488874888521681666124120652788273040743921175657541278713171561831450401722640344303508402598792914118582929462976614304059944107553651382370914449687154280290880106562087324938218659804872992594351271390879870601728473642637062795622337324969585295257337740583200211464850396245938917816945594024060081806508032
candidates-650651.tsv	18	37734	999977458	999818990	999999994	999999978	1000000000	1	178313161219158364644303962673038346093310800576913735979696523612579710130914308551381308404348237546286059088014994455710449117879149828106215068231441527629370961336945990142231173308319826164983886601236638761743177733627021746618866732165637230722568010131208211767563783834357615051163603573056762756784040563728295076088745615404669664460720972318288269435391136535797357837549568
candidates-650651.tsv	19	20188	999991817	999289816	999999973	999999997	1000000000	1	147406748412970115375640959850412038745561525388530972113576346063157179037001829406057076908953609352155015097378202236121992066446794858873194504246306818827971848910278546469668627481457724508681094609530504632341800569154897795961183521483114358420485334571947624253095043810995619153618951950794285682552680086190425796262984656902899370800461528650935894526631413015579033828589568
candidates-650651.tsv	20	4919	999977281	999549355	999999999	999999983	1000000000	1	119382218818742755348469610256404844088818782442550770505260605649382809338728112849372931207946441465623980426378578639723665577936159773683705732320752417012562147593145879420004508851207939584684643147253191729415739808174461239633692731919298077601753966616212580772483233119703699668916854730471862455335467206980673584174742827654918069950009503279628555240762952561161458091600549
candidates-650651.tsv	21	9308	999998528	999185042	999999968	999999982	1000000000	1	133359361059427268210612583187615663057835845423789463646642353965509972948021724638914292787011661196093488541572501188791550011295527109731164192299552133583955774145854121240745962621502910544347274152504267009469338069181197202520477395248878759580518007949575808754406873950800659156351791582197916396440725022721077107533593404975355283773285878092633909479137147362299932435283968
candidates-650651.tsv	22	14108	999957043	998329908	999999938	999999969	1000000000	1	55735630896636695571936201816844334242110832564150877578135337490742987810245857356558499885065123084633322278164800373207106128312243619788449558409202336296843722431137719830188932244143225946310912610457031799018794895082228019432297129006180413870717085273059150038821271275673323799902143438684821915829097849572602472811325561278696749605694747629430902681957457537704423306821632
candidates-650651.tsv	23	17290	999992569	999336038	999999985	999999972	1000000000	1	93074440736495970912062587723040736472813629293530661529812467787080984614872616624162101236989808046925992594052511927591232841300561673600100888332051767192461709829787302210988128285906554482190307228882029778656895750593938400916579935311287202001879665195501247798414214259478263921063678098051781635934191271819045965183370038789995196866338800536403521183531655251000000000000000
candidates-650651.tsv	24	7892	999993918	998981393	999999969	999999989	1000000000	1	85887265828896057506273744606374667360564254288238703607062880461735247384650307938954584009413633980102367296906977464853575841418748657135315874843671941806204165549703774202117491106170099322432611605596222845429372887792679729323588833010752807483717003839247754519745209242001836496401598721481328246107645682067563523716575509997272543986226817968492262986665654347952980997701632
candidates-650651.tsv	25	23023	999932888	999438756	999999986	999999996	1000000000	1	202023614096686971256922956637328997016194615954847884207504035397042110689417456684326249778782620744527628313797518111038913740552001403064595353593838579647424929887161057351349217370034262687401540550644813031507744598005736958997397333056323588080116111850365933436153034680290770782788068730372040464467943335855412990949298510595962010600281431421036703012871492339271124148813824
candidates-650651.tsv	26	7382	999979144	999200156	999999971	999999974	1000000000	1	19441391648268384424057088685980170122305794982366358055221287130007812829687331318013015205977059012756899884792496800891838966924583925048444277680291765999342841741648779473000894967302822071972065664486364063729392265624233548286718145736249917487878014318699888751869157384572336098421678560003011234582809424165587351614538029749775081728484238864578161134482348833362772045594624
candidates-650651.tsv	27	9243	999970465	999982237	999999998	999999988	1000000000	1	46068912671960194336574430996488404639848218157419258960484033316689762136040771855761955119964523788631551108053689677155807067195899941098473759254299229928042140098746544184196399291482528356917874398390307731291907980422194126832367372230515506113171760234751187476181300936228423873926774081772192510199586314008521685581037328402779728504729882633534056904268860999745391845703125
candidates-650651.tsv	28	7764	999979011	999892414	999999981	999999995	1000000000	1	87203020862207628732741864838230961885241707169552610702434105767131267558656440363723078474280503800526882345161839014122485681388169919078942091420045740423467789157310441049629542943004315267392524167446531117879260023640297606223148994641260601788618845292645183927883808894671080543356022188749213485599414335228543922731720548648768817659915509170176000000000000000000000000000000
candidates-650651.tsv	29	11391	999923675	999896027	999999998	999999999	1000000000	1	6059085684615462076602921409055240482888348199228625763617596292699037358941944869269355198578546484042201243599010248322483211350705080236182121306814174821312379172910573325911427372674955767646837171853634178247622790390152583443160885389319146826783286898571376799982971782615555065088863680131984822989091840722623942897587394848109172155408279042000701934814453125000000000000000
candidates-650651.tsv	30	262	999960225	998336802	999999945	999999951	1000000000	1	18960155538242322646328790280594797625132536784443760765602344873346223031344008905717191670719335194512692419734779514856879697012752610740244802208628366207063013369273455428894225179595098686236349120523848562618041034127344376278073855335513656013861816511326168087460854296234385669717141494237287805979374951800855321319230752917290668521253283463168000000000000000000000000000000
candidates-650651.tsv	31	3262	999995531	999470117	999999997	999999998	1000000000	1	55114900055987146008266482415816108925854831616407133464063532283639438347076129362405456973505383492323273470242377653105260579579449637983750387430854330125965091323810684403748878590893384856469359829689511182580394624427666243671138316412685042076431025023981423723493661947458155575997247859009328142691216808608172260713624895730819667180645352194761104804528798434403201056768
candidates-650652.tsv	0	999999082	747	999999929	963230155	999999982	1000000000	1	24520667967548667483155132762734932258910854675817238784979994988624366154524658350959722095506891566880389395013875819229897054001841557301138242551359614595927653037258972452296730361153479941500378574908862329979904433041908245171218667303741780803752346919472010699114016130696108146294782139163327508153530994364821022926467384288547692662821766378975418925625133590174958545272832
candidates-650652.tsv	1	999998920	360	999999855	958009196	999999862	1000000000	1	54689726014042512197375588281834239335593479073461500617421138403621579942600402491395719810275996996805908792466756785194971920407205444014722859958546732666917653651757811542182613238838619384790638651929310772103417590040686478478544017008313951901492622999084425967158109602701960017459655691377218953586125879186927346105201265282503632851082183442432000000000000000000000000000000
candidates-650652.tsv	2	999996946	3340	999999973	992660917	999999999	1000000000	1	1155179497993126161461899676757422753424667607514597000809626620789999460217398228669821377250666705009511411053858488057441801965720200820635104343317479245151981359193609712963424298303021852448337491925367923636403683500058775680718358934820282557917319462798062893816627438017176985212988549365184844851996195364851585458618701814659455638635586052335439038983962624000000000000000
candidates-650652.tsv	3	999999021	1030	999999918	964906340	999999891	1000000000	1	93625612821148244048014740235480015364063293358497947157598648097630081595136057322412933337620411046570189376720267469326782294837775855145038194119614460501336644281065780384569662595373549916780909050674509308376538756963444195440722260413006608988213880263914961707730069812072744293276166194893117213549546545657654047396281497234487613140302860813182918824839104301000000000000000
candidates-650652.tsv	4	999998360	128	999999946	997445931	999999897	1000000000	1	64619068210504734447513568815873046693047959363914258084259702879082161495308180050989211821576309218026233392995209375529667169896022985008103980305584757409895109339405105421036479478104831745335064604484869598836033532671920405777419988847324532186527998317707587847778385086931898715569715390930512552744438086491246377713511534341238060920785311105024000000000000000000000000000000
candidates-650652.tsv	5	999999038	328	999999890	992206712	999999919	1000000000	1	61784015647948730811812387396892192103423572464921482230729615332489504706191739655087655227295285354620732871779998403828538286181256836949910439126311258103723514763174554665938990597295907628983423325254862648725171884732152149157044348839443057564873119408553400761093920570361330129208510525852801165856697601664979021728543706757817451269588078142506461326293610346643838486970368
candidates-650652.tsv	6	999999975	2854	999999987	925687772	999999904	1000000000	1	37968370462381698527542613374789294509045444778728474782783989668560912250214472756733810330407326619538085350149478344151620477702047619821571286586341779817920219798751513689778170742343228030300085106013888953364970171141912646756738039822129587108682087445375434857245612044716084391006038707596103313360216988681293083603185568017376101718266687355935573577880859375000000000000000
candidates-650652.tsv	7	999998984	1468	1000000000	988541555	999999922	1000000000	1	140007040948657255075422031496082901610608871060510145838521127031980114723572587749651497478802506304938645085548737855471766625944714322767308942905657997612195088052940602409604193047839355976519883639514751512051687419512698891913698551523332234721365969397636096310111515751586229294907678084694968483831743520492156244738038460398056132452657241150855492150758503206944645291442176
candidates-650652.tsv	8	999999453	24	999999954	975500027	999999920	1000000000	1	10198432330142775187747209664751684866013793955165999460245352252498233113409059687383660687249541571864661893594176081914987904938506878622315979308567385897182609177588904803565721223230400683619783735061622378576140930542581392173977292893243663086201583724617166048577966161604456252664024945172517520563220727271080062312492398953369713279942868074295965403662567067597613373063168
candidates-650652.tsv	9	999997759	405	999999957	947534026	999999994	1000000000	1	42126804453182478592160868323940406989786213323987712015648645875702132068730722287975663483689989933883209493440726655951756829221163402101440724546854285413739052035893634943835570951971917417828372215518535853961826573745995576077267016511460808152821377113181173827412550046837565779808620437252353964248832755263493695370369673729251561631972985642789676997893855303358489990234375
candidates-650652.tsv	10	999999431	45	999999961	992227809	999999947	1000000000	1	2564522966372566626755276291509934639880464673680142233443168339017880172471323244366863474402210505217107099430337734832490659674517018357506840618109196185655573231519618187079673421107794535006572320554310090688316142030087284803260372610810516147732932316899855856909769473070480726023673323581830181477832914826843801698100010107829904097210827854211794336715558695062042236328125
candidates-650652.tsv	11	999999701	2942	999999961	994131194	999999906	1000000000	1	84639530657609827463735208829925887926164571214050583856234298814911244545249620966728001135583925757903906139075429522246667539945489608720713675356301781912606998881155631756519515603561300823788320850537804033602765461168749514549657183325403656814401692570098106777773666520166168742170719499637617606581637085931817571875178590952945741066108455782423414183283099126417571567992832
candidates-650652.tsv	12	999998016	595	999999862	948776019	999999907	1000000000	1	18082510990908827509214806863247187655229177397005496118978438649053728293246932124347443013689255863860427611885680620980492806173137925565736512803498741211788349325324503743446504951396955716218847302930713808072399587513864796257573020899297038398761151761437211653146666873071415733853249841767571952177655390476569891457077134986791595837748098832993117329510367232000000000000000
candidates-650652.tsv	13	999997053	3149	999999898	962666878	999999984	1000000000	1	47074702704515503129488677013241770412557480779827134249502383833247560966958770894261697237093383789455084390029515904785721449106704509946674679666628081800135936730870806056165824274656995877712478237915410970631323139487213037918212760149891175528426224251133154369208984906451138027722230554408541653776004602853083769126160613600031913998537632871355733890121108986996732014362624
candidates-650652.tsv	14	999996757	2418	999999856	970148362	999999916	1000000000	1	87990645479996082547323928265507708839779593757926265098188522677552318640444732998647880821782267910589777006708204084448016326358029891419900639733062152600445826613984905064614433797503165710768932773727040718741662671039125367327213102891433640133656840776098150455563954253423269714176534822921744214082363085704281548115012897630263882141854393622539957403670793326782904971296768
candidates-650652.tsv	15	999987955	26	999999841	990122663	999999854	1000000000	1	29964045226607593505013166023951574013322214258821575591477266098826681882543751265575372112151024846097151993031634385971400322999777557398978628034875891692868962107551904270580875543267480247684334166742132048169361901003425164211035766246093610000499627230311844393772309941174548013033862256017049834257942020468583323446850588714599331390350341796875000000000000000000000000000000
candidates-650652.tsv	16	999998169	80	999999842	974418183	999999846	1000000000	1	14932545328615528996595951415868008736355608439545163925135479208294706677914442136291163858344029868260164003896250567315982805041001962068457625912192449338121383913854620392940976248733332291663829007470766915356706132312094183368220271223051870565712213524844462477801913815253978419992879689356007001555712137470817251516057402765360823520037261466165289832343928832000000000000000
candidates-650652.tsv	17	999999706	129	999999886	932402708	999999898	1000000000	1	17191085841907810143407040811557669652631650524494221264840410763143993628981962656948708703714658359199509163356016970227479221605016183286458106527793668895587880320671058718248807922871626176933642014793358050924327839108664914225287541979707288698518618160245831264272130048982882809455711069391791604327155775658742737249295968741216294764268974356194668939146634011627760935501824
candidates-650652.tsv	18	999999299	368	999999914	981456232	999999919	1000000000	1	29451681221303145333552343147687531020475749980225632719298451001744620649585384213090778115113401979448488938792220669036688747183382345747431865136924949892642096470036556769010136653394161885128422026121542829146621962096666010818018085079805933417793218183034278320480355468767602690631475516871397252526621808964185147108756054119655333828651504159420772090994758299203531098292224
candidates-650652.tsv	19	999998824	100	999999899	973187501	999999964	1000000000	1	75745772262665796953980013116564223502017700525753055191805901573362821573728299405895304744997671828294808594712121892675786359520306374673544888964684074841112606922983604796363082044387852220587967229036832492407737339581452176382487696252653764262559865233460124384275689325998152014774743987921985144895124934209702246693782037510946135011703048372224000000000000000000000000000000
candidates-650652.tsv	20	999994868	1478	999999959	990350259	999999962	1000000000	1	11374344144451779345690479437245163023928957610702502924282362802597756751700786945611224855073402355746043171276450752479117209226280691738564062884230866057876467039306883118973272725716220731931481953230840247373031474919924950763513820085113540535805421009087251371215231808956389104219881254305721711472387040736147848670087693499310820626939952150015670561192689007919063969562624
candidates-650652.tsv	21	999997411	1795	999999923	974138417	999999930	1000000000	1	63068088077271730191714732596258752918176288930692112291376648490808478496038642746403842705109842326072319638740512469967247670246660190854693914502131636120016352969740505234025011942777294127216329556624850870766509689379210064639372189597370478722844902840399078576538591053832186769955621068283128767101001955871844813810509465497414846804301484046797337310791015625000000000000000
candidates-650652.tsv	22	999999716	415	999999935	966850130	999999933	1000000000	1	20291323982877576778266448538064458108484770679997912154269786202578992314066032452607892461567330023918596115103467926945408035450876022675453427684109502259810393329727815208920146159891596984292949619826914182021080947011406886029656347021872651724607084024331545193425641407236486151603469595365668997874101461359055798877576322095458975737380427893501697492602847232000000000000000
candidates-650652.tsv	23	999997395	1386	999999912	978102892	999999908	1000000000	1	66028751573195027339316055091208138662104357886942771914860029917192728042492553618668475686178433862493265430912482962215947304381062385606464282361640706481496149427852490161769134896832856137172793210362847710171315416551102698529696951940225246952742404458803992031519328246349070929572818688359053223207445647852100211773709717495203432820404069015242691220097466368000000000000000
candidates-650652.tsv	24	999999798	79	999999925	882592378	999999938	1000000000	1	3158601312437339698264381532266280942901831800059485733439473927516353460605247589375783615083752817353754656027365139499914266486376527002758442054264435034374415371446238387718277921995180240578922344282115086346950830240466780682688066882982472037375204267505884641912512282104663896116097517349681271722176299735424382242619913651407034484634145279895409648188639957000000000000000
candidates-650652.tsv	25	999997953	874	999999991	981694571	999999969	1000000000	1	54962467058251139345255095968885662350537090854359373179631854008822973060019724543537421445960698283820247071911415230751751670829942528061006274840345544638142245163452052098874896007646549981600945923780860667915724991008542168165782773436095860825292250782784633187408642392418258985288200407475052142303738300626147827396883420553888394813312514491313113577482770217356482162098176
candidates-650652.tsv	26	999994037	1621	999999817	962251068	999999879	1000000000	1	43148872729641768044865681309944784897887911827838446434922868282175794212616069979761182412435116254138189264021090495137901094193093049461900039004889617018103835759033619756792480277889446206490373105920271347961467419306447055721112669573338347546751954904117562323704048934619439619935192944920287717655807946792833369187415390338012017393403321108028361597874091826819084483002368
candidates-650652.tsv	27	999999818	1237	1000000000	996671838	999999923	1000000000	1	17970045245567058246668218417903924260656988108281454445375949918664384701377616658008472431678535499126273430961929138319643285011722140384993150091592603251510926695005898199405240670420053303603876273673154717464568814857579893221631544846965662682360275349895678764601451138298101025787374668728719451676105609177160749524003607310616632818942858511302175086745464599000000000000000
candidates-650652.tsv	28	999988155	1047	999999899	990858645	999999901	1000000000	1	11016400671266911285063201136994754621120560665732519200346446246108297554133239223228476989430863066933978875214803846574091929055444155365905411932162188680571144360358343000570631503980590912442308625481976557213039265058506353939542425791898675540736751751435499780116859946872705676847803168458002772102634292152665104071830000312595021467097055487527456952634380480018646240234375
candidates-650652.tsv	29	999999000	279	999999958	983529929	999999918	1000000000	1	32558543833882618265702036185455977722086104378146370649326617423266253630049899969801852313607573141267101026254504607944821171581778451592262713744616066025190395183289101523462135863407736879591890135181813925317428453585120183259138700838302401836284727022224172836184493495369432007354765456226391792965286081498977010692878511216342249000000000000000000000000000000000000000000000
candidates-650652.tsv	30	999997631	1610	999999930	963728005	999999984	1000000000	1	6814569809257091405426546203834447265145508328468832689902812553315225912539303709516004306848470887481793110837021607793226339034732358093356732768350614796306033100268360063124617931477215514998472910877479113423125660383289662046180269811186445289829143455070329584571331609165949992797274892660578321675264987174843899055603580409661368149231668663456568969703743601000000000000000
candidates-650652.tsv	31	999997437	37	999999855	963131745	999999847	1000000000	1	4786866332869971059268768901066354110470242969905648704958119966746960382424447080487666569014173429656984908135690969673962414418210934561668011292641429667884325129792502709035709725013388705571925169795735848857351712688538871935891009636685364702326926966555590829543454571407497022252673236072153691984728467628388368831840440058378149872827649004463105286865266762271619945541193
candidates-650653.tsv	0	999917213	110	999999997	999714639	999999987	1000000000	1	125652725987219503084473228155806272050790316229411472360018845417289508869596593773399526663352514088306643296834029631112129530314471179150437231534457783816772956789089665835729125349637443966616856595675711173930826550551715038559636694325612923255827768363780359005737204963447621283575858209241041212754154407883042056237600247310356950344783914180788398569057225943000000000000000
candidates-650653.tsv	1	999926569	593	999999990	999613319	999999991	1000000000	1	3663865523221760227602604313095710456030399238537264995882681381090835047601930175767292166175310570752533802710852289079338203771355460132940653593477736887290701717258302321162211798570791215288320482457653352923608746087597494398687857656803753018776236442255150078443604046350303201806004714902771972998450188056665191210222881902043912412367088640025614826326570621161695212568576
candidates-650653.tsv	2	999967726	19850	999999991	999766459	999999993	1000000000	1	4000252566238281536017059094176538390851860443986773934375387725275529704362529397290184454989425206485014533420875569276475880999093912617262103805108507575626290034608871462216574463739046423470118539938924474507295827622485907172266206317032257263279394723326605508236861218013746061280259781187417828699892128230423360828137346294341419981445031035643000000000000000000000000000000
candidates-650653.tsv	3	999964479	16713	999999994	999930245	999999985	1000000000	1	58170202981519305679897130573415512383481818953056684345420776842468159975043696549714292944640360550827628797276140685122339767470661804120613516270751352347434447233679262604090445761858129563086365862917065790984375755809924755792592099390958107983190707822788223958346262584310068071739432632388570484833341342820290819627294886413269391493058301249983882056192677739214477212024832
candidates-650653.tsv	4	999995873	32870	999999989	999972206	999999989	1000000000	1	58471051571716817919710415462838198552260487148417591085127313135486310527589037838294077059700824722237601577844817284333563271293709232213982943699545965202935291368893046481086349017847137660489063554922619383010135228388203200332832175944211588920673413204894178483349291234674889489579109930354534947536877147696900345395538447074127407510489490456949334469923864576000000000000000
candidates-650653.tsv	5	999917452	87060	999999983	999877362	999999986	1000000000	1	134713380469359250743575085609482579272672705913764819568588336782518145595823627478393836914905865271650745381149454476366345317023545113428466919353333455720144428208020554171966238231924952852924547314679835774031198626852230988226518321432561367010078238109559368122812905721939363332505713457603066731679688326241879926180667541703628035607529433495691837451987320832000000000000000
candidates-650653.tsv	6	999924942	38111	999999992	999953417	999999998	1000000000	1	31682554389227429727310171129167184561551851532332820952846992799170002519088850802940379129756829450290444320267261285768088406306380701154160515207230532997627743057926646798956015989728169005140198194843374597946051365250658440329372580115543202389226153696505764936421420824132074299029108227196001096013881024744885418945346238189362853359094627285831831960235647058224882085101568
candidates-650653.tsv	7	999894679	7508	999999996	999772948	999999996	1000000000	1	49248634564563384963030627874953676250143570484822440502582888253409700778823591469549146833541220403558099719996324524286206083045387173183506901899141326859336474602291573058236520174976831502389578403393688937358355860570469992940534848633517315541215622488921828056657329990894138767323266475205629644325587479650584755150569515184286040406852730464771445823567879999088650434379776
candidates-650653.tsv	8	999987985	8052	999999982	999129177	999999999	1000000000	1	24839794951205133125657607065267163419358404831185389144633310064246272348875290425965693971189169567057976076465705280800977321504174142788808596556694271912143688249123089474818753926262482627335803865830126913184801070203064641667496013639761890742105382487885453340428128379375336800684266538223696747813523007098702113198100987355923705415263760416768000000000000000000000000000000
candidates-650653.tsv	9	999991940	10026	999999988	999893882	999999981	1000000000	1	26540628853812823860845143909967875270417231922113445720642251351618098546256852954009967904794237910922766532663763030894778023972677669297572449462891570280646317337313854569451469163535210011293999277310488106165370060560112718862218024014108128969303388007274578362431946868114559763401967276807945592257908655692844958287872867020905562282165692724294655055522430976000000000000000
candidates-650653.tsv	10	999955970	61075	999999990	999857012	999999997	1000000000	1	14552035351351983592812664701985408124523391074909388492371397062224015070281907389618809895856236430866928994801274794365210181266848742771871754011448927458619731248613095428915290604017188813250010078768928914909938953273402026353208540765133659190048167369236140811576285924393256556251516707906279501648747021089316322075406722805227872186151216737926006317138671875000000000000000
candidates-650653.tsv	11	999945869	10021	999999984	999787447	999999983	1000000000	1	10990430203244884161550602438179164844005276455173365409714508758827430281166886162896815275947451683568460332174823564205163729635113040826355591196705976157924408058825037757156652896857686519671562432049933770363031627938817770256678583969182544835406730264780772977801786549139163486559259325838496915965766296493621426246531914565777668280436482934073979142089763939048483893280768
candidates-650653.tsv	12	999927085	6415	999999983	999536216	999999993	1000000000	1	81183502481334785773376877509871308500043871310512383720958211780550712273213633247745416495737120848308724041986655014758962900671458582212870410042811852032665497840637635585264179229391837959744720410404199081262714177739508275067268464974747551358755322570516869558956554612422732152267519043796677160948033315249142800880189083314309182310003700392494261383056640625000000000000000
candidates-650653.tsv	13	999897860	64526	999999978	999909383	999999986	1000000000	1	164270357297771709659331808099980678459335237609357076614941502728553471744607893881553613989099950152541074642272458456119143578589069105352689939495791743912525532757125223416311953947902027826819374730906548795225413023156096114939408388940559825845022453210899321192681671798743013438868150936408912120920405186552670784294605255126953125000000000000000000000000000000000000000000000
candidates-650653.tsv	14	999978021	12236	999999979	999921539	999999999	1000000000	1	187701018025610109834951478041474395832494539400510696613417490211419059841480322421119700691473490260093482019747980850476655992681800485192464356503589089490747098592744872898536744235549016060924172529543887315885932233749712628647727132135186291943560261115170614037241191639641456322281038911000771087462394925884927004872936567489203849935355678049503041240623295982667350591668224
candidates-650653.tsv	15	999975008	46207	999999983	999731571	999999993	1000000000	1	75568144446849750656387880372877432351646354811731032413013070478791448946241554008504732859010961092284678693547918879023272490802368128132029043883142632138905853208864930361806978259292734107127205028014348548273248331538574918135906275518255271542824873930486563253014312974531213068867135585157260117536788738808094927320689824025512986886757673170187081054530748856547827018366976
candidates-650653.tsv	16	999899042	26225	999999976	999806465	999999985	1000000000	1	31144534666280767074002302257707860819144850450238051303385201659003850311003708458299185706713562026416077381924617049544130084149343924485142856695941817104794837921101942305772332294440702821504946231067020769758551116015965497201506953401447401790243091876332402392657865623452664717718234027796519510447334940242746603675775604135427036826605210042368000000000000000000000000000000
candidates-650653.tsv	17	999969380	1108	999999995	999229040	999999978	1000000000	1	152161503651937345662200143704785779382053252788716677909310908297432295212616214497545873130623463566543766796766619556204179372000043071067569599755691088479904405008111740067079155917594908384119694340423076708223061933197599061436120138204347326394644254178288360541935935956689523835889257903584530977446458708705768005560606158600076804343406772577415270969777324032000000000000000
candidates-650653.tsv	18	999988552	60921	999999990	999687249	999999996	1000000000	1	66916236087251974490327968666846498637813178239690227183885770415200321238593050465920346253650324415609974181408477635501252506282261181617912586812088057223365791189712525592304744180547244343129041386300841683971058764871526252514089171823908460181165273234296643791914380960932199915579376406786782721745451028008752178725485639926687508683978827106804423100894328915215710028824576
candidates-650653.tsv	19	999935107	12912	999999992	999746961	999999995	1000000000	1	13802703304773869369271536143852944983951017739232184882027421777975627083124069299510052425118473423068233107564884164090580999612079402091635230373316403284954101334818072688136588938187391527202469101777347706746897912247870892373164601469846219412530678640633547409859515542000431274010129174066035670751254622534297773735174805277171865706126447156106539704869089635667393504083968
candidates-650653.tsv	20	999954445	86347	999999988	999903603	999999984	1000000000	1	178744867772318103112518005110915236410659024264759419453638541639911234091031604737256425695202510199050809685934231541750871623253940890378026586074918135894055959712173017557076299994551900297481486765333217009308570326293490736619644726362788393244476997739295157691818374001572041600657992189762440920838747045598631614272984738002159781827218351707215347446520791682577545166015625
candidates-650653.tsv	21	999912277	7543	999999989	999858177	999999990	1000000000	1	241421906985329308955759087269151526356847432161599441176410379223041188350492038203664063116605380425284332416839157384300366890062121102019704693670341457486891383505664415289521226492322387852886398108603933419008615970856183699922032657686775131453328723218465375517048123512318016199317933734945521458512483747256285154240817822745064382425256462810319500766117807419862628171776
candidates-650653.tsv	22	999914139	14503	999999994	999826769	999999998	1000000000	1	19981207407340365314941801111525793020918545636165695337898700102225464710801762597144861823365289996733944803413221025875763095965627511929192062294624121772418112039464818961575792086447279202499133440818871631976500204880780571820377360695079193226228130699044460842906909630161951188058257587915812070884749058872590249450684402656698313254310964521506475357768780859237701416015625
candidates-650653.tsv	23	999963124	57632	999999981	999850676	999999990	1000000000	1	157469313272164384464651754034572851909721814752977501315392110973176848031042678409082574080746768662357225573814563117478563299260860548487197035029237163334362706483721486137474525216666999203067251879464405703181454296441789615872168165885474966754117493046979469910645258265203070726671165389517890076437909582490051815053575051028635760558584284916599465327445992877942535226392576
candidates-650653.tsv	24	999972864	21416	999999986	999881839	999999988	1000000000	1	37538321154404001957276336938590447160759616873765835603750320965382668497780116505821014436657413492612281434249962492989139534901696369665039666610968733209655478049311951344895463578090827375723941330718960932824445235540076461271732205342918825212093020781082131622961413077917680988270479351126743514721889860813117323238865286495452702307610616635398932613249836418000919705157632
candidates-650653.tsv	25	999969670	135	999999990	999551779	999999997	1000000000	1	21934304804682577973612499733819907063132226202072549569088979776923281780399867198109401222510604379562400789366316662262736481071205407852243336401627731470230762954293296898885760001606155227770641339367529391075878551574198417865927641570603609891260041157517894573898566170534149535825169877323578623185855833065628360720670558048265188543677800218624000000000000000000000000000000
candidates-650653.tsv	26	999999260	42021	1000000000	999485596	999999999	1000000000	1	5768655012620383686453204361942437165068854761253666715011385743393719019490326551922301203917747464403060866244437503249185631830234335105716999212388376002915118312942767291331260899444916628091251670518721459312057250338550584679041811365632608447113286190181028342047639148378234918485647830884417159018411463636073131122253408815595594541594768451559891719174586368000000000000000
candidates-650653.tsv	27	999987977	4250	999999965	999459543	999999966	1000000000	1	52091578289014583353340595139660368074340776300599835641993112021140024290605231677688434757373846838483245263820915888823914276893579061388577431836101615937702928774393799270009652053313807192881912329837587454028420252729900198751751826543602121253781206457365541033229035423368420687860473676497978617817717252486574333301728780399887815402191162109375000000000000000000000000000000
candidates-650653.tsv	28	999973259	129557	999999991	999988662	999999990	1000000000	1	149411249617509793905624864057756448925714287191810529043058787893449376048962238202661474424136002818882440309066947626572477734929039848090974375274631997034203340023372033480723538790925947678910266988696020911915348742229480570978820668746350755105646993500057167578206713053965273553033284034114193792720728352041208634655928436884304434510962056341856687137069906610034983889886049
candidates-650653.tsv	29	999903945	32053	999999948	999416053	999999966	1000000000	1	8795730487798409016140076355519324032922165218113687797249752486586248620879351541695149471107105450073667513805841831665937310863611343703311748344273052876056365604749222906621957935525073591205712181439227284192736564991004211524367330924957648057229995171612556188123951110472588377531899192410122675157817715176987169566591754570238744765167838989670261810346506536006927490234375
candidates-650653.tsv	30	999891476	81545	999999994	999960918	999999998	1000000000	1	4856124513894264678366126245309224079460324071769827971633188575027124131340118361727354262221710298777888386288084563787768343824618472401640400010822352250633186949517136164192237578437940081125970144786098704675516187070008708609320197461672051798599432238641945175089453517278545675375357939021920958355143272725596069859429266974529773115692892821036990698075717632000000000000000
candidates-650653.tsv	31	999977923	50834	999999989	999865838	999999995	1000000000	1	49485330286416393414289894593071687957480025704602114218644028478591034721503426108759650272186013621912434341757413503515289334101154655247026901269469382361062564724214669877352344386373994307192512211195089198812922724581927067699430774898845342333570802406295455955789518990660111489385369640274065370416646714208233063979512954964767892650434356487975555421408449392945974292250624
