base_index	leaf_ordinal	status	initial_partition	reselected_partition	initial_score	reselected_score	objective	source_clauses	weights	support	denominator	W	U	block_maxima	detail
4	78	UNRESOLVED	0-10-12,1-3-6-11,2-7-8,4-5-9	0-1-2,3-4-5,6-7-8,9-10-11-12	21277	0	1			0	0	0	0		reselected LP did not integerize strictly; separation_rounds=17
4	79	UNRESOLVED	0-1-3,2-7-8,4-5-6-11,9-10-12	0-1-2,3-4-5,6-7-8,9-10-11-12	20125	1	1			0	0	0	0		reselected LP did not integerize strictly; separation_rounds=20
4	80	UNRESOLVED	0-1-2,3-7-8,4-5-6-11,9-10-12	0-1-2,3-4-5-6,7-8-9,10-11-12	19716	0.5	1			0	0	0	0		reselected LP did not integerize strictly; separation_rounds=21
4	81	UNRESOLVED	0-7-8,1-2-3,4-5-6-11,9-10-12	0-1-2,3-4-5,6-7-8,9-10-11-12	19420	1	1			0	0	0	0		reselected LP did not integerize strictly; separation_rounds=24
4	82	UNRESOLVED	0-5-6-11,1-2-4,3-10-12,7-8-9	0-1-2,3-4-5,6-7-8,9-10-11-12	17679	0	1			0	0	0	0		reselected LP did not integerize strictly; separation_rounds=40
4	90	UNRESOLVED	0-9-10,1-3-12,2-7-8,4-5-6-11	0-1-2,3-4-5,6-7-8,9-10-11-12	23819	1	1			0	0	0	0		reselected LP did not integerize strictly; separation_rounds=23
4	91	UNRESOLVED	0-9-10,1-5-6-11,2-3-12,4-7-8	0-1-2,3-4-5,6-7-8,9-10-11-12	22232	0	1			0	0	0	0		reselected LP did not integerize strictly; separation_rounds=23
4	92	UNRESOLVED	0-9-10,1-5-6-11,2-3-12,4-7-8	0-1-2,3-4-5,6-7-8,9-10-11-12	21257	0	1			0	0	0	0		reselected LP did not integerize strictly; separation_rounds=22
4	93	UNRESOLVED	0-1-9,2-3-4,5-6-11-12,7-8-10	0-9-10,1-6-11-12,2-3-4,5-7-8	20685	0.50000000000023104	1			0	0	0	0		reselected LP did not integerize strictly; separation_rounds=35
4	101	UNRESOLVED	0-9-10,1-3-12,2-7-8,4-5-6-11	0-1-2,3-4-5,6-7-8,9-10-11-12	22414	0	0.99999999999999944			0	0	0	0		reselected LP did not integerize strictly; separation_rounds=23
4	102	UNRESOLVED	0-9-10,1-3-12,2-7-8,4-5-6-11	0-1-2,3-4-5,6-7-8,9-10-11-12	21439	0	0.99999999999999956			0	0	0	0		reselected LP did not integerize strictly; separation_rounds=28
4	103	UNRESOLVED	0-9-10,1-3-4,2-7-8,5-6-11-12	0-1-2,3-4-5,6-7-8,9-10-11-12	21031	0	1			0	0	0	0		reselected LP did not integerize strictly; separation_rounds=41
4	111	UNRESOLVED	0-9-10,1-2-12,3-7-8,4-5-6-11	0-1-2,3-4-5,6-7-8,9-10-11-12	21218	0	1			0	0	0	0		reselected LP did not integerize strictly; separation_rounds=27
4	112	UNRESOLVED	0-9-10,1-2-4,3-6-11-12,5-7-8	0-1-2,3-4-5,6-7-8,9-10-11-12	20892	0	1			0	0	0	0		reselected LP did not integerize strictly; separation_rounds=41
4	120	UNRESOLVED	0-9-10,1-2-3,4-7-8,5-6-11-12	0-1-2-3,4-5-6,7-8-9,10-11-12	20991	0.20000000000000007	1			0	0	0	0		reselected LP did not integerize strictly; separation_rounds=31
4	936	UNRESOLVED	0-3-6-11,1-10-12,2-7-8,4-5-9	0-1-2,3-4-5,6-7-8,9-10-11-12	21277	0	1			0	0	0	0		reselected LP did not integerize strictly; separation_rounds=17
4	937	UNRESOLVED	0-3-12,1-9-10,2-7-8,4-5-6-11	0-1-2,3-4-5,6-7-8,9-10-11-12	23819	0	1			0	0	0	0		reselected LP did not integerize strictly; separation_rounds=23
4	938	UNRESOLVED	0-5-6-11,1-9-10,2-3-12,4-7-8	0-1-2,3-4-5-7,6-8-9,10-11-12	22232	1	1			0	0	0	0		reselected LP did not integerize strictly; separation_rounds=22
4	939	UNRESOLVED	0-5-6-11,1-9-10,2-3-12,4-7-8	0-1-2,3-4-5,6-7-8,9-10-11-12	21257	0	1			0	0	0	0		reselected LP did not integerize strictly; separation_rounds=22
4	940	UNRESOLVED	0-1-9,2-3-4,5-6-11-12,7-8-10	0-6-11-12,1-9-10,2-3-4,5-7-8	20685	0.50000000000023104	1			0	0	0	0		reselected LP did not integerize strictly; separation_rounds=37
4	948	UNRESOLVED	0-1-3,2-7-8,4-5-6-11,9-10-12	0-1-2,3-4-5,6-7-8,9-10-11-12	20125	1	1			0	0	0	0		reselected LP did not integerize strictly; separation_rounds=20
4	949	UNRESOLVED	0-1-2,3-7-8,4-5-6-11,9-10-12	0-1-2,3-4-5-6,7-8-9,10-11-12	19716	0.5	1			0	0	0	0		reselected LP did not integerize strictly; separation_rounds=21
4	950	UNRESOLVED	0-2-3,1-7-8,4-5-6-11,9-10-12	0-1-2,3-4-5,6-7-8,9-10-11-12	19420	0.33333333333333337	1			0	0	0	0		reselected LP did not integerize strictly; separation_rounds=24
4	951	UNRESOLVED	0-2-4,1-5-6-11,3-10-12,7-8-9	0-1-2,3-4-5,6-7-8,9-10-11-12	17679	0	1			0	0	0	0		reselected LP did not integerize strictly; separation_rounds=40
4	959	UNRESOLVED	0-3-12,1-9-10,2-7-8,4-5-6-11	0-1-2,3-4-5,6-7-8,9-10-11-12	22414	0	0.99999999999999944			0	0	0	0		reselected LP did not integerize strictly; separation_rounds=23
4	960	UNRESOLVED	0-3-12,1-9-10,2-7-8,4-5-6-11	0-1-2-7,3-4-5,6-8-9,10-11-12	21439	0.5	1			0	0	0	0		reselected LP did not integerize strictly; separation_rounds=20
4	961	UNRESOLVED	0-3-4,1-9-10,2-7-8,5-6-11-12	0-1-2,3-4-5-12,6-7-8,9-10-11	21031	0.33333333333333337	1			0	0	0	0		reselected LP did not integerize strictly; separation_rounds=31
4	969	UNRESOLVED	0-2-12,1-9-10,3-7-8,4-5-6-11	0-1-2,3-4-5,6-7-8,9-10-11-12	21218	0	1			0	0	0	0		reselected LP did not integerize strictly; separation_rounds=27
4	970	UNRESOLVED	0-2-4,1-9-10,3-6-11-12,5-7-8	0-1-2,3-4-5,6-7-8,9-10-11-12	20892	0	1			0	0	0	0		reselected LP did not integerize strictly; separation_rounds=41
4	978	UNRESOLVED	0-2-3,1-9-10,4-7-8,5-6-11-12	0-1-2-3,4-5-6,7-8-9,10-11-12	20991	0.20000000000000057	1			0	0	0	0		reselected LP did not integerize strictly; separation_rounds=31
3	78	UNRESOLVED	0-4-9,1-3-7-12,2-5-10,6-8-11	0-1-2,3-4-5,6-7-8,9-10-11-12	20450	0	1			0	0	0	0		reselected LP did not integerize strictly; separation_rounds=18
3	79	UNRESOLVED	0-1-10,2-5-8,3-4-7-12,6-9-11	0-1-2,3-4-5-8,6-7-9,10-11-12	19692	1	1			0	0	0	0		reselected LP did not integerize strictly; separation_rounds=18
3	80	UNRESOLVED	0-1-2,3-4-7-12,5-8-10,6-9-11	0-1-2,3-4-5,6-7-8,9-10-11-12	19281	0	1			0	0	0	0		reselected LP did not integerize strictly; separation_rounds=21
3	81	UNRESOLVED	0-4-7-12,1-2-3,5-8-10,6-9-11	0-1-2,3-4-5,6-7-8,9-10-11-12	18587	0	1			0	0	0	0		reselected LP did not integerize strictly; separation_rounds=26
3	82	UNRESOLVED	0-3-10,1-2-4,5-6-7-12,8-9-11	0-6-10,1-2-4,3-5-9,7-8-11-12	17378	8.4533462652411258e-14	1			0	0	0	0		reselected LP did not integerize strictly; separation_rounds=44
3	90	UNRESOLVED	0-5-10,1-3-7-12,2-4-8,6-9-11	0-1-2,3-4-5,6-7-8,9-10-11-12	22890	0	0.99999999999999978			0	0	0	0		reselected LP did not integerize strictly; separation_rounds=18
3	91	UNRESOLVED	0-4-9,1-3-7-12,2-5-10,6-8-11	0-1-2,3-4-5-12,6-7-8,9-10-11	21928	1	1			0	0	0	0		reselected LP did not integerize strictly; separation_rounds=24
3	92	UNRESOLVED	0-1-5,2-3-10,4-6-7-12,8-9-11	0-1-2,3-4-5,6-7-8,9-10-11-12	20998	0	1			0	0	0	0		reselected LP did not integerize strictly; separation_rounds=28
3	93	UNRESOLVED	0-9-10,1-5-7-12,2-3-4,6-8-11	0-1-2,3-4-5,6-7-8,9-10-11-12	20963	0	1.0000000000000036			0	0	0	0		reselected LP did not integerize strictly; separation_rounds=43
3	101	UNRESOLVED	0-9-10,1-2-5,3-4-7-12,6-8-11	0-1-2,3-4-5,6-7-8,9-10-11-12	21838	0	1			0	0	0	0		reselected LP did not integerize strictly; separation_rounds=22
3	102	UNRESOLVED	0-2-5,1-3-10,4-6-7-12,8-9-11	0-1-2,3-4-5-7,6-8-9,10-11-12	21114	0.5	0.99999999999999967			0	0	0	0		reselected LP did not integerize strictly; separation_rounds=27
3	103	UNRESOLVED	0-9-10,1-3-4,2-5-7-12,6-8-11	0-1-2,3-4-5,6-7-8,9-10-11-12	21068	0	1			0	0	0	0		reselected LP did not integerize strictly; separation_rounds=45
3	111	UNRESOLVED	0-5-9,1-2-10,3-4-7-12,6-8-11	0-1-2,3-4-5,6-7-8,9-10-11-12	21254	0	1			0	0	0	0		reselected LP did not integerize strictly; separation_rounds=28
3	112	UNRESOLVED	0-9-10,1-2-4,3-5-7-12,6-8-11	0-1-2,3-4-5,6-7-8,9-10-11-12	21232	0	1			0	0	0	0		reselected LP did not integerize strictly; separation_rounds=39
3	120	UNRESOLVED	0-9-10,1-2-3,4-5-7-12,6-8-11	0-1-2,3-4-5,6-7-8-11,9-10-12	21051	1	1			0	0	0	0		reselected LP did not integerize strictly; separation_rounds=47
3	936	UNRESOLVED	0-3-7-12,1-4-9,2-5-10,6-8-11	0-1-2,3-4-5,6-7-8,9-10-11-12	20450	0	1			0	0	0	0		reselected LP did not integerize strictly; separation_rounds=16
3	937	UNRESOLVED	0-3-7-12,1-5-10,2-4-8,6-9-11	0-1-2,3-8-10-12,4-5-6,7-9-11	22890	0.14285714285714379	1			0	0	0	0		reselected LP did not integerize strictly; separation_rounds=20
3	938	UNRESOLVED	0-3-7-12,1-4-9,2-5-10,6-8-11	0-1-2,3-4-5,6-7-8,9-10-11-12	21928	0	1			0	0	0	0		reselected LP did not integerize strictly; separation_rounds=22
3	939	UNRESOLVED	0-1-5,2-3-10,4-6-7-12,8-9-11	0-1-2,3-4-5,6-7-8,9-10-11-12	20998	0	1			0	0	0	0		reselected LP did not integerize strictly; separation_rounds=28
3	940	UNRESOLVED	0-5-7-12,1-9-10,2-3-4,6-8-11	0-1-2,3-4-5,6-7-8,9-10-11-12	20963	0	1.0000000000000036			0	0	0	0		reselected LP did not integerize strictly; separation_rounds=43
3	948	UNRESOLVED	0-1-10,2-5-8,3-4-7-12,6-9-11	0-1-2,3-4-5-8,6-7-9,10-11-12	19692	1	1			0	0	0	0		reselected LP did not integerize strictly; separation_rounds=18
3	949	UNRESOLVED	0-1-2,3-4-7-12,5-8-10,6-9-11	0-1-2,3-4-5,6-7-8,9-10-11-12	19281	0	1			0	0	0	0		reselected LP did not integerize strictly; separation_rounds=21
3	950	UNRESOLVED	0-2-3,1-4-7-12,5-8-10,6-9-11	0-1-2,3-4-5,6-7-8,9-10-11-12	18587	0	1			0	0	0	0		reselected LP did not integerize strictly; separation_rounds=26
3	951	UNRESOLVED	0-2-4,1-3-10,5-6-7-12,8-9-11	0-2-4,1-6-10,3-5-9,7-8-11-12	17378	8.4533462652411258e-14	1			0	0	0	0		reselected LP did not integerize strictly; separation_rounds=44
3	959	UNRESOLVED	0-2-5,1-9-10,3-4-7-12,6-8-11	0-1-2,3-4-5,6-7-8,9-10-11-12	21838	0	1			0	0	0	0		reselected LP did not integerize strictly; separation_rounds=22
3	960	UNRESOLVED	0-3-10,1-2-5,4-6-7-12,8-9-11	0-1-2,3-4-5,6-7-8,9-10-11-12	21114	0	1.0000000000000651			0	0	0	0		reselected LP did not integerize strictly; separation_rounds=28
3	961	UNRESOLVED	0-3-4,1-9-10,2-5-7-12,6-8-11	0-1-2,3-4-5,6-7-8,9-10-11-12	21068	0	1			0	0	0	0		reselected LP did not integerize strictly; separation_rounds=45
3	969	UNRESOLVED	0-2-10,1-5-9,3-4-7-12,6-8-11	0-1-2,3-4-5,6-7-8,9-10-11-12	21254	0	1			0	0	0	0		reselected LP did not integerize strictly; separation_rounds=28
3	970	UNRESOLVED	0-2-4,1-9-10,3-5-7-12,6-8-11	0-1-2,3-4-5,6-7-8,9-10-11-12	21232	0	1			0	0	0	0		reselected LP did not integerize strictly; separation_rounds=39
3	978	UNRESOLVED	0-2-3,1-9-10,4-5-7-12,6-8-11	0-1-2,3-4-5,6-7-8,9-10-11-12	21051	0	1			0	0	0	0		reselected LP did not integerize strictly; separation_rounds=40
