x	y	r	h	coefficient_scaled_64_times_6_pow_15
0	0	0	2	578547930240
0	1	0	2	-7521123093120
0	2	0	2	45126738558720
0	3	0	0	293865615360
0	3	0	2	-163374997006080
0	4	0	0	-2228480916480
0	4	0	2	395246191559040
0	5	0	0	8374263045120
0	5	0	2	-670101694680960
0	6	0	0	-19032333557760
0	6	0	2	812221734873600
0	7	0	0	27906349547520
0	7	0	2	-704679012887040
0	8	0	0	-26819772364800
0	8	0	2	430950712659840
0	9	0	0	16448613857280
0	9	0	2	-179701204648320
0	10	0	0	-5886986895360
0	10	0	2	48402191312640
0	11	0	0	1037196472320
0	11	0	2	-7821526613760
0	12	0	0	-94024903680
0	12	0	2	695701146240
0	13	0	0	1310100480
0	13	0	2	-22259111040
1	0	0	2	-3820252999680
1	1	0	2	51628515298560
1	2	0	2	-321562449607680
1	3	0	0	-1616260884480
1	3	0	2	1208257047820800
1	4	0	0	13158649221120
1	4	0	2	-3031210217548800
1	5	0	0	-52600131164160
1	5	0	2	5322183153672960
1	6	0	0	127704563712000
1	6	0	2	-6671530087004160
1	7	0	0	-199994295767040
1	7	0	2	5979028206136320
1	8	0	0	204784426229760
1	8	0	2	-3773539855411200
1	9	0	0	-133464571637760
1	9	0	2	1622335240938240
1	10	0	0	50627119841280
1	10	0	2	-449655206169600
1	11	0	0	-9330938726400
1	11	0	2	74366291704320
1	12	0	0	847735787520
1	12	0	2	-6702977940480
1	13	0	0	-13101004800
1	13	0	2	222591110400
2	0	0	2	16392191356800
2	1	0	2	-214696381921920
2	2	0	2	1305810228453120
2	3	0	0	5289581076480
2	3	0	2	-4827001905434880
2	4	0	0	-42341137413120
2	4	0	2	11996058685852800
2	5	0	0	169935048023040
2	5	0	2	-20994918357790080
2	6	0	0	-419404280647680
2	6	0	2	26379468101583360
2	7	0	0	674532845015040
2	7	0	2	-23817571551014400
2	8	0	0	-715024019773440
2	8	0	2	15216583058501760
2	9	0	0	485718140528640
2	9	0	2	-6651511814655360
2	10	0	0	-193120500879360
2	10	0	2	1880709327302400
2	11	0	0	37108898426880
2	11	0	2	-317340172120320
2	12	0	0	-3398501422080
2	12	0	2	29020249883520
2	13	0	0	58954521600
2	13	0	2	-1001659996800
3	0	0	2	-41802383784960
3	1	0	2	549161368704000
3	2	0	2	-3330011686855680
3	3	0	0	-8620058050560
3	3	0	2	12222964775946240
3	4	0	0	74968383651840
3	4	0	2	-30091741057658880
3	5	0	0	-320161145978880
3	5	0	2	52133830829061120
3	6	0	0	822635068538880
3	6	0	2	-64906159535400960
3	7	0	0	-1359669038653440
3	7	0	2	58227554905804800
3	8	0	0	1477135469445120
3	8	0	2	-37133365561113600
3	9	0	0	-1033175874723840
3	9	0	2	16304361817512960
3	10	0	0	426886365265920
3	10	0	2	-4663243704038400
3	11	0	0	-85420969943040
3	11	0	2	800118069258240
3	12	0	0	7952511467520
3	12	0	2	-74338930759680
3	13	0	0	-157212057600
3	13	0	2	2671093324800
4	0	0	2	87994385199360
4	1	0	2	-1084566153288960
4	2	0	2	6260329403619840
4	3	0	0	5877312307200
4	3	0	2	-22144198549317120
4	4	0	0	-65123885537280
4	4	0	2	52981452864587520
4	5	0	0	335306109081600
4	5	0	2	-89656284366247680
4	6	0	0	-963545445089280
4	6	0	2	109359498082913280
4	7	0	0	1701883408343040
4	7	0	2	-96386053735572480
4	8	0	0	-1927123541913600
4	8	0	2	60644851962842880
4	9	0	0	1392808131072000
4	9	0	2	-26452980232968960
4	10	0	0	-597241350881280
4	10	0	2	7589421906393600
4	11	0	0	124885227479040
4	11	0	2	-1319549579712000
4	12	0	0	-11974116833280
4	12	0	2	124758424869120
4	13	0	0	275121100800
4	13	0	2	-4674413318400
5	0	0	2	-192849310080000
5	1	0	2	2070760791836160
5	2	0	2	-10501361231293440
5	3	0	0	2644790538240
5	3	0	2	33264126493608960
5	4	0	0	7509899059200
5	4	0	2	-72896745344624640
5	5	0	0	-142045931335680
5	5	0	2	115354831749235200
5	6	0	0	576165260574720
5	6	0	2	-133747231056721920
5	7	0	0	-1215771633008640
5	7	0	2	113410527196907520
5	8	0	0	1534065583472640
5	8	0	2	-69323575582264320
5	9	0	0	-1188885952512000
5	9	0	2	29681408063900160
5	10	0	0	538086081576960
5	10	0	2	-8468932215905280
5	11	0	0	-119244539473920
5	11	0	2	1486739614510080
5	12	0	0	12037606318080
5	12	0	2	-143308465090560
5	13	0	0	-330145320960
5	13	0	2	5609295982080
6	0	0	2	427960168968960
6	1	0	2	-3959967733182720
6	2	0	2	17056805179138560
6	3	0	0	-587731230720
6	3	0	2	-45742986998530560
6	4	0	0	14056571934720
6	4	0	2	85808855599591680
6	5	0	0	-42692143564800
6	5	0	2	-118911351923285760
6	6	0	0	-5246045429760
6	6	0	2	124180959888092160
6	7	0	0	274245550571520
6	7	0	2	-97452877223255040
6	8	0	0	-582220343439360
6	8	0	2	56418451135776000
6	9	0	0	575520691138560
6	9	0	2	-23336160794115840
6	10	0	0	-297147719393280
6	10	0	2	6559305015513600
6	11	0	0	72942363648000
6	11	0	2	-1158406918341120
6	12	0	0	-8088560363520
6	12	0	2	114089016948480
6	13	0	0	275121100800
6	13	0	2	-4674413318400
7	0	0	2	-684339551769600
7	1	0	2	5817877986493440
7	2	0	2	-22464630432599040
7	3	0	0	-10579162152960
7	3	0	2	52617666959861760
7	4	0	0	28211099074560
7	4	0	2	-84418873279672320
7	5	0	0	40357544509440
7	5	0	2	99301591251440640
7	6	0	0	-223990902374400
7	6	0	2	-88993495639848960
7	7	0	0	288401891696640
7	7	0	2	61570009020026880
7	8	0	0	-111219065487360
7	8	0	2	-32532682279080960
7	9	0	0	-71255760445440
7	9	0	2	12710149523573760
7	10	0	0	80042705141760
7	10	0	2	-3479754357734400
7	11	0	0	-26057696993280
7	11	0	2	615955027691520
7	12	0	0	3511875502080
7	12	0	2	-62145321707520
7	13	0	0	-157212057600
7	13	0	2	2671093324800
8	0	0	2	680620315075200
8	1	0	2	-5456120230684800
8	2	0	2	19639057441109760
8	3	0	0	7934371614720
8	3	0	2	-42096635098940160
8	4	0	0	-31517087247360
8	4	0	2	60280589395693440
8	5	0	0	19174731402240
8	5	0	2	-61581348808882560
8	6	0	0	122052185579520
8	6	0	2	47003915376437760
8	7	0	0	-271074704302080
8	7	0	2	-27728339090526720
8	8	0	0	228654658529280
8	8	0	2	12841320273033600
8	9	0	0	-81496916674560
8	9	0	2	-4599642772517760
8	10	0	0	5616098426880
8	10	0	2	1209171976646400
8	11	0	0	3717057392640
8	11	0	2	-213748461239040
8	12	0	0	-900643691520
8	12	0	2	22161344791680
8	13	0	0	58954521600
8	13	0	2	-1001659996800
9	0	0	2	-374899058795520
9	1	0	2	2860836865332480
9	2	0	2	-9747375528683520
9	3	0	0	11901557422080
9	3	0	2	19596244894272000
9	4	0	0	-2644790538240
9	4	0	2	-25924016456616960
9	5	0	0	-18954332190720
9	5	0	2	23890778630542080
9	6	0	0	-12930087075840
9	6	0	2	-15943091230126080
9	7	0	0	89824923095040
9	7	0	2	8005070784015360
9	8	0	0	-96975653068800
9	8	0	2	-3156386085780480
9	9	0	0	45440331264000
9	9	0	2	1001877901781760
9	10	0	0	-9766496747520
9	10	0	2	-248265048729600
9	11	0	0	562940098560
9	11	0	2	43672451443200
9	12	0	0	107629793280
9	12	0	2	-4670709765120
9	13	0	0	-13101004800
9	13	0	2	222591110400
10	0	0	2	140587147048320
10	1	0	2	-796660499940480
10	2	0	2	2227078932606720
10	3	0	2	-3991484820430080
10	4	0	0	5950778711040
10	4	0	2	4900383618837120
10	5	0	0	3305988172800
10	5	0	2	-4189210463064960
10	6	0	0	-4407984230400
10	6	0	2	2525444365201920
10	7	0	0	-10285296537600
10	7	0	2	-1102669499635200
10	8	0	0	14742258370560
10	8	0	2	367392220836480
10	9	0	0	-7656831866880
10	9	0	2	-100135728800640
10	10	0	0	1904684544000
10	10	0	2	22840115408640
10	11	0	0	-199538380800
10	11	0	2	-3984796581120
10	12	0	0	-1511654400
10	12	0	2	441667624320
10	13	0	0	1310100480
10	13	0	2	-22259111040
